date,open,high,low,close,volume,daily_return,log_return,return_outlier
2005-01-04,994.769,994.769,980.658,982.794,741286894.0,,,False
2005-01-05,981.577,997.323,979.877,992.564,711910898.0,0.009941045631129297,0.009891958487285635,False
2005-01-06,993.331,993.788,980.33,983.174,628802905.0,-0.009460347141343028,-0.00950538047102878,False
2005-01-07,983.045,995.711,979.812,983.958,729869409.0,0.0007974173442339971,0.000797099575941651,False
2005-01-10,983.76,993.959,979.789,993.879,579169799.0,0.010082747434341677,0.010032255650053834,False
2005-01-11,994.189,999.554,991.092,997.135,584907998.0,0.003276052718691025,0.00327069814936376,False
2005-01-12,996.651,996.976,989.257,996.748,501452509.0,-0.0003881119407100897,-0.00038818727564216005,False
2005-01-13,996.078,999.473,992.695,996.877,604406584.0,0.00012942087669087776,0.0001294125025319559,False
2005-01-14,996.617,1006.463,987.233,988.306,729784238.0,-0.008597851088950725,-0.00863502584601683,False
2005-01-17,979.111,981.525,965.078,967.452,728818876.0,-0.021100752196182238,-0.02132655512467263,False
2005-01-18,967.374,974.872,960.293,974.689,731184782.0,0.007480474483488653,0.007452634485630938,False
2005-01-19,974.333,974.333,965.258,967.21,633809119.0,-0.007673216790176074,-0.007702807385354227,False
2005-01-20,963.213,963.213,952.23,956.245,772710670.0,-0.011336731423372437,-0.011401482001470953,False
2005-01-21,954.462,984.274,943.439,982.604,1445005985.0,0.02756511145156315,0.027192034189841507,False
2005-01-24,1001.854,1001.854,986.239,998.133,1435946161.0,0.01580392508070383,0.015680343406587305,False
2005-01-25,995.637,997.951,985.237,997.775,986252911.0,-0.0003586696362108954,-0.0003587339735497963,False
2005-01-26,995.78,999.474,988.475,989.928,766329017.0,-0.007864498509182916,-0.007895586780633401,False
2005-01-27,987.342,987.702,973.771,974.631,694536497.0,-0.015452638979804645,-0.015573275386408625,False
2005-01-28,974.631,975.624,965.209,969.209,574880738.0,-0.00556313107216988,-0.0055786629164078505,False
2005-01-31,965.785,965.785,953.142,954.879,678870643.0,-0.014785252716390307,-0.014895644025607169,False
2005-02-01,953.33,965.477,952.741,955.951,743306676.0,0.0011226553311989296,0.0011220256249533378,False
2005-02-02,956.701,1006.932,956.701,1006.913,1705733857.0,0.053310263810592895,0.051937837245231044,True
2005-02-03,1005.563,1014.187,992.155,993.215,1697453933.0,-0.013603955853186855,-0.013697337534596343,False
2005-02-04,992.25,1021.025,989.939,1016.858,1573621461.0,0.02380451362494518,0.023525603729561695,False
2005-02-16,1023.324,1033.248,1018.487,1023.584,1213129305.0,0.006614492879045031,0.00659271310968812,False
2005-02-17,1024.43,1024.43,1010.476,1020.606,896829766.0,-0.0029093850626816797,-0.002913625550207577,False
2005-02-18,1020.122,1021.199,1005.631,1006.055,813993936.0,-0.014257215810998591,-0.01435982637394062,False
2005-02-21,1006.693,1025.656,1006.693,1025.633,988609416.0,0.019460168678650858,0.01927324080239412,False
2005-02-22,1026.837,1048.678,1024.527,1046.744,1793784231.0,0.020583386064995768,0.020374410919307806,False
2005-02-23,1046.812,1049.609,1036.625,1043.944,1869692971.0,-0.002674961595194203,-0.002678545697946788,False
2005-02-24,1042.253,1045.958,1034.731,1045.46,1468178853.0,0.0014521851746838177,0.001451131773491987,False
2005-02-25,1046.274,1059.483,1045.982,1046.761,1817000338.0,0.0012444282899393144,0.0012436546308309815,False
2005-02-28,1046.206,1048.278,1035.039,1039.989,1297104604.0,-0.006469480616874246,-0.006490498405089973,False
2005-03-01,1039.351,1042.737,1031.168,1035.934,996209016.0,-0.0038990797018045864,-0.003906700930032869,False
2005-03-02,1036.368,1045.76,1021.004,1021.32,1422513553.0,-0.014107076319533784,-0.014207526949502558,False
2005-03-03,1019.876,1028.402,1014.752,1027.71,920308564.0,0.006256609094113408,0.006237117772905698,False
2005-03-04,1027.927,1031.847,1022.176,1023.667,817364167.0,-0.003933989160366247,-0.003941747650284988,False
2005-03-07,1024.48,1031.344,1024.48,1029.871,793294979.0,0.006060564617204722,0.006042273262219844,False
2005-03-08,1033.786,1049.287,1032.85,1048.987,1429579380.0,0.018561547999701,0.018391384902790797,False
2005-03-09,1051.26,1054.64,1041.982,1046.544,1532748839.0,-0.002328913513704123,-0.0023316296506994405,False
2005-03-10,1046.692,1046.692,1019.634,1022.413,1329595333.0,-0.023057797856564144,-0.023327787191400162,False
2005-03-11,1021.084,1028.119,1016.931,1027.429,1147638146.0,0.004906040905191977,0.004894045503798239,False
2005-03-14,1027.175,1041.573,1014.925,1031.026,1446608937.0,0.0035009718433098858,0.0034948577075093468,False
2005-03-15,1030.857,1030.943,1011.641,1013.523,1200749274.0,-0.01697629351733132,-0.017122042663236137,False
2005-03-16,1011.85,1012.198,995.967,1003.065,1062278283.0,-0.010318463419182411,-0.010372067825079156,False
2005-03-17,1001.968,1004.821,992.124,992.863,996901108.0,-0.01017082641703182,-0.010222902678695078,False
2005-03-18,991.887,996.396,975.705,978.665,965205964.0,-0.014300059524828823,-0.01440329069912849,False
2005-03-21,977.296,983.178,973.001,981.893,725256485.0,0.0032983707397322704,0.00329294304671901,False
2005-03-22,981.707,982.138,959.563,964.024,1137571722.0,-0.01819852061273486,-0.018366150548090765,False
2005-03-23,962.816,975.362,955.993,959.01,1093005354.0,-0.005201115324929728,-0.005214688208451612,False
2005-03-24,957.43,965.06,948.53,964.801,926071493.0,0.006038518889271316,0.0060203600988817385,False
2005-03-25,964.245,966.97,959.057,962.955,710732285.0,-0.0019133479339262793,-0.0019151807222987927,False
2005-03-28,961.652,961.652,948.806,960.696,666924600.0,-0.0023459040142063126,-0.0023486599579918277,False
2005-03-29,960.419,968.119,954.744,955.19,757737892.0,-0.005731261502077589,-0.005747748204526282,False
2005-03-30,952.713,952.713,936.375,937.034,895016409.0,-0.01900773668066047,-0.01919070597250183,False
2005-03-31,934.848,942.365,928.335,942.203,785944597.0,0.00551634198972506,0.005501182698920637,False
2005-04-01,941.431,989.902,937.55,978.145,1634750474.0,0.03814676879610879,0.037437170505588924,False
2005-04-04,968.49,974.064,956.128,962.168,1143509329.0,-0.016333979113526076,-0.016468849210599323,False
2005-04-05,960.54,967.746,953.586,955.598,953453690.0,-0.0068283293562039216,-0.0068517490696669014,False
2005-04-06,955.598,977.855,948.948,973.668,1428242115.0,0.018909625177114364,0.01873306058918267,False
2005-04-07,975.97,1000.266,974.309,984.733,2075421198.0,0.011364243253347173,0.011300155324478922,False
2005-04-08,984.665,1003.699,979.529,1003.445,1476252600.0,0.019002105139159564,0.01882382012575512,False
2005-04-11,1003.879,1008.735,992.773,995.421,1593606600.0,-0.007996452222094885,-0.008028595314642395,False
2005-04-12,993.711,993.711,978.204,978.697,1022619300.0,-0.016800931465179136,-0.01694366811194392,False
2005-04-13,987.95,1006.499,987.95,1000.9,1607168700.0,0.022686285949583995,0.02243277908858854,False
2005-04-14,1004.64,1006.416,985.578,986.975,1294571000.0,-0.013912478769107728,-0.014010164392931124,False
2005-04-15,982.613,982.613,971.93,974.082,1040895500.0,-0.01306314749613724,-0.013149220821489394,False
2005-04-18,970.907,970.907,958.649,963.772,859840000.0,-0.010584324522986743,-0.010640736896799119,False
2005-04-19,962.916,968.867,957.91,965.886,921262300.0,0.002193464844382209,0.002191062712390668,False
2005-04-20,964.151,964.151,946.197,950.867,885070500.0,-0.015549454076360991,-0.01567161484760682,False
2005-04-21,948.861,955.553,938.595,943.981,994614500.0,-0.007241811946360532,-0.007268161154233788,False
2005-04-22,942.908,947.909,934.957,939.101,1069188400.0,-0.005169595574487151,-0.0051830041649783,False
2005-04-25,935.993,935.993,920.162,930.07,1147047800.0,-0.009616644003147656,-0.009663182527374303,False
2005-04-26,928.428,939.696,924.655,937.083,1169047100.0,0.007540292666143422,0.007512006759751166,False
2005-04-27,938.57,938.91,925.896,926.604,1078061100.0,-0.011182574008919088,-0.011245569061143712,False
2005-04-28,923.529,945.504,914.829,942.073,1434348600.0,0.016694294434299817,0.016556476435391154,False
2005-04-29,940.806,942.453,929.81,932.395,1123541900.0,-0.010273089240430355,-0.010326221624088028,False
2005-05-09,934.65,937.39,909.174,909.174,852911500.0,-0.0249046809560326,-0.025220049640774178,False
2005-05-10,905.543,913.388,892.313,913.076,1049433100.0,0.004291807728773689,0.004282624188599371,False
2005-05-11,911.838,917.223,900.438,901.851,904204700.0,-0.012293609732377142,-0.012369801242247291,False
2005-05-12,899.968,900.063,883.511,885.82,1022872000.0,-0.017775663607402903,-0.017935548253081635,False
2005-05-13,883.505,898.505,875.576,887.543,1124490600.0,0.0019450904246911538,0.0019432011857416498,False
2005-05-16,885.389,885.389,869.334,875.271,822428800.0,-0.013826935709030486,-0.013923418188339198,False
2005-05-17,873.077,888.281,868.212,881.462,877227300.0,0.0070732378886082525,0.007048339878913623,False
2005-05-18,881.141,890.403,871.821,883.196,787861000.0,0.001967186333613924,0.0019652539563939087,False
2005-05-19,882.842,888.016,871.289,884.171,814958300.0,0.0011039452171432984,0.0011033363177093136,False
2005-05-20,883.513,891.02,879.18,882.763,722667600.0,-0.001592452138783118,-0.0015937214384020848,False
2005-05-23,880.281,880.281,862.098,863.341,727979500.0,-0.022001375227552633,-0.022247015111449997,False
2005-05-24,861.195,871.767,855.587,868.456,920692900.0,0.005924657811918976,0.005907176041844764,False
2005-05-25,867.658,876.305,861.659,868.451,723855600.0,-5.7573440680469545e-06,-5.7573606415672884e-06,False
2005-05-26,867.758,872.835,854.956,857.331,662278600.0,-0.012804406926815726,-0.012887089907849258,False
2005-05-27,855.595,864.963,848.398,849.508,774998300.0,-0.009124830433053233,-0.009166716696337396,False
2005-05-30,847.634,858.462,842.102,855.612,697158300.0,0.007185335511849189,0.007159643983398745,False
2005-05-31,856.561,863.198,853.291,855.946,704782100.0,0.0003903638565143641,0.00039028768436644157,False
2005-06-01,855.206,857.657,836.04,837.532,790230200.0,-0.021513039373979193,-0.02174781811520443,False
2005-06-02,835.467,835.493,812.989,818.379,950865700.0,-0.02286837995443758,-0.02313391744035087,False
2005-06-03,816.546,823.86,807.965,818.033,793605600.0,-0.0004227869972225351,-0.00042287639684435163,False
2005-06-06,816.731,839.15,807.784,838.997,900918500.0,0.025627327992880478,0.025304452688167167,False
2005-06-07,841.579,858.092,835.179,837.282,1306706800.0,-0.002044107428274433,-0.002046199467251597,False
2005-06-08,848.536,908.829,844.473,905.773,3290783900.0,0.08180159133959641,0.07862779146501175,True
2005-06-09,907.569,925.365,895.036,912.604,3314184000.0,0.007541624667549263,0.007513328791768359,False
2005-06-10,911.941,911.941,889.103,894.556,2239150200.0,-0.019776376171921184,-0.019974545768672414,False
2005-06-13,894.997,900.18,877.69,892.959,1562800200.0,-0.0017852431820927217,-0.0017868386278241388,False
2005-06-14,895.391,905.415,882.862,883.537,1434357000.0,-0.01055143629214772,-0.010607497394875764,False
2005-06-15,881.208,881.248,865.136,866.834,1145405600.0,-0.018904697822502148,-0.019085676146040065,False
2005-06-16,866.659,879.493,861.827,879.237,1104968500.0,0.014308391226001804,0.014206992288793074,False
2005-06-17,883.605,888.078,876.038,880.345,1496300900.0,0.001260183545505944,0.001259390180675446,False
2005-06-20,881.623,906.482,872.563,906.255,1899208200.0,0.029431643276215613,0.029006847297985416,False
2005-06-21,906.306,906.306,894.386,896.166,1277478400.0,-0.011132628233775144,-0.011195059722940215,False
2005-06-22,894.769,901.243,891.926,900.646,1047813400.0,0.004999073832303358,0.004986619950717142,False
2005-06-23,900.059,904.896,892.831,893.572,950930800.0,-0.007854362313272856,-0.00788537028891767,False
2005-06-24,892.061,898.67,888.397,898.301,891873900.0,0.005292242818709658,0.005278288114486607,False
2005-06-27,904.209,920.647,904.209,916.043,1654540200.0,0.019750618111301188,0.01955810535538216,False
2005-06-28,913.48,913.48,901.207,903.716,1040221900.0,-0.013456791875490537,-0.013548155061998912,False
2005-06-29,906.751,907.571,898.084,898.898,1080674600.0,-0.005331320901699188,-0.005345583106489471,False
2005-06-30,897.102,897.102,876.884,878.686,1085547200.0,-0.022485309790432284,-0.02274195888815722,False
2005-07-01,875.935,875.935,858.37,859.494,1009459700.0,-0.02184170454519585,-0.022083765751380824,False
2005-07-04,855.317,856.1,842.812,855.932,884027700.0,-0.004144298854907635,-0.004152910261804088,False
2005-07-05,853.679,856.738,845.361,849.679,799268800.0,-0.00730548688447219,-0.0073323026350111675,False
2005-07-06,850.253,854.448,838.609,842.556,689831400.0,-0.008383165877937304,-0.008418502238638936,False
2005-07-07,841.748,848.022,839.282,844.729,596246500.0,0.0025790570597088447,0.002575736999241407,False
2005-07-08,842.62,842.62,827.229,829.489,722100000.0,-0.018041288981436643,-0.018206017317564438,False
2005-07-11,837.863,850.658,822.524,824.097,843900600.0,-0.006500387588021073,-0.0065216071141671605,False
2005-07-12,821.911,854.286,818.863,851.816,1498987100.0,0.03363560357579276,0.03308229963695375,False
2005-07-13,850.469,851.949,841.858,846.231,939884200.0,-0.006556580294335923,-0.006578169084411556,False
2005-07-14,844.94,856.095,843.176,849.59,936196800.0,0.003969365338778674,0.0039615081932398155,False
2005-07-15,849.873,854.604,837.783,841.001,888956300.0,-0.01010958226909453,-0.010161031140699883,False
2005-07-18,839.221,840.005,829.679,832.995,850000600.0,-0.00951960818120312,-0.009565209285015364,False
2005-07-19,831.501,840.143,829.277,835.608,789181800.0,0.003136873570669607,0.003131963847544661,False
2005-07-20,835.301,844.712,832.144,842.641,852647300.0,0.008416625977731185,0.008381403678585642,False
2005-07-21,842.746,843.987,835.757,843.987,836610100.0,0.0015973587803108646,0.0015960843597317975,False
2005-07-22,847.541,867.165,842.987,859.693,2163097600.0,0.018609291375341064,0.018438257138272185,False
2005-07-25,858.328,860.951,854.284,856.86,1181608000.0,-0.003295362414257097,-0.0033008040791049353,False
2005-07-26,856.189,880.034,856.189,876.48,2182677600.0,0.022897556193543833,0.022639341381816003,False
2005-07-27,876.942,894.026,876.036,894.012,2040953700.0,0.020002738225629813,0.019805311827507666,False
2005-07-28,893.879,900.997,888.5,890.885,2062252700.0,-0.0034977159143276815,-0.0035038472238637652,False
2005-07-29,889.41,892.294,883.383,888.164,1339740600.0,-0.0030542662633223916,-0.0030589400536191746,False
2005-08-01,887.718,897.285,885.85,891.607,1180830900.0,0.00387653631536522,0.00386904191044124,False
2005-08-02,892.13,903.648,888.396,903.598,1429254700.0,0.013448750402363263,0.013359118687472638,False
2005-08-03,905.181,919.282,903.76,909.57,2578629800.0,0.006609133707688786,0.006587389139428801,False
2005-08-04,907.42,909.827,901.625,904.15,1451925600.0,-0.005958859680948225,-0.0059766845310917915,False
2005-08-05,904.039,923.808,903.94,923.803,1912376500.0,0.021736437538019127,0.021503569616402096,False
2005-08-08,926.571,933.154,923.573,927.471,2160894400.0,0.003970543503322599,0.003962681699020365,False
2005-08-09,926.973,933.394,919.107,933.089,1953290700.0,0.006057332250819725,0.0060390603626272465,False
2005-08-10,933.26,940.37,926.275,940.37,2151576300.0,0.007803114172388659,0.0077728273294299655,False
2005-08-11,940.785,953.992,939.386,953.992,2707366600.0,0.014485787509171955,0.014381870830422194,False
2005-08-12,954.719,959.268,933.985,938.316,2916814400.0,-0.01643200362267183,-0.0165685064027441,False
2005-08-15,937.705,954.502,936.113,954.502,2043081300.0,0.01725005222121334,0.017102959235333337,False
2005-08-16,955.27,959.343,939.916,945.058,2386181800.0,-0.009894164705783748,-0.009943437229770424,False
2005-08-17,943.405,953.342,930.325,953.012,2145776900.0,0.008416414653915405,0.008381194118536328,False
2005-08-18,954.155,956.841,919.121,920.671,3185532700.0,-0.03393556429509792,-0.03452474336594413,False
2005-08-19,918.091,927.32,910.083,923.038,2224267900.0,0.0025709509694560317,0.002567651728593745,False
2005-08-22,923.108,933.351,919.222,931.673,1603101000.0,0.009354977801564024,0.009311490998398675,False
2005-08-23,931.809,931.809,915.033,923.414,1540648800.0,-0.00886469823639846,-0.008904223433146896,False
2005-08-24,923.558,935.23,923.558,930.651,1595974700.0,0.00783722144130361,0.00780666994342738,False
2005-08-25,930.975,933.196,920.61,930.118,1629205700.0,-0.0005727173774056071,-0.0005728814426477769,False
2005-08-26,930.246,930.325,921.843,928.258,1542980400.0,-0.0019997462687529888,-0.002001748430978445,False
2005-08-29,928.341,928.341,913.767,917.371,1546226100.0,-0.011728420331416523,-0.011797740799293521,False
2005-08-30,916.086,920.208,912.838,914.88,1243817000.0,-0.0027153681553045983,-0.002719061454707905,False
2005-08-31,915.122,928.212,911.505,927.916,1462363000.0,0.014248863238894849,0.014148302313941485,False
2005-09-01,928.52,944.947,926.06,944.559,2230638400.0,0.017935890748731476,0.017776940456410095,False
2005-09-02,945.978,947.918,941.314,947.871,1861443800.0,0.0035063982239331715,0.003500265142184489,False
2005-09-05,949.077,952.985,944.629,952.717,1784331800.0,0.005112510035648388,0.005099485529300729,False
2005-09-06,953.41,956.297,934.972,936.61,2122225500.0,-0.016906384582200173,-0.017050928966833467,False
2005-09-07,934.991,952.896,932.648,952.758,1960846600.0,0.01724090069505979,0.017093962856027822,False
2005-09-08,954.273,958.867,947.707,955.282,2242439300.0,0.00264915120103959,0.002645648384959287,False
2005-09-09,955.112,959.898,946.021,949.065,1621931000.0,-0.006508025902299042,-0.006529295434873461,False
2005-09-12,949.779,952.551,945.403,949.506,1167261300.0,0.0004646678573121399,0.0004645599326345007,False
2005-09-13,949.584,963.921,948.128,963.774,1657943100.0,0.015026761284288925,0.01491497794350849,False
2005-09-14,964.97,970.263,961.64,970.193,1995829100.0,0.006660275126741277,0.0066381934866655,False
2005-09-15,970.58,970.964,965.656,969.598,1637767900.0,-0.0006132800380955761,-0.0006134681712204326,False
2005-09-16,969.619,970.37,964.285,967.495,1397857100.0,-0.002168940117450724,-0.002171295674725293,False
2005-09-19,967.44,971.987,964.263,971.136,1473742100.0,0.003763326942258116,0.003756263343627886,False
2005-09-20,971.379,971.65,957.118,961.919,1863660400.0,-0.009490946685119295,-0.009536272739032015,False
2005-09-21,961.374,961.374,943.824,944.408,1854189500.0,-0.018204235491761755,-0.018371971374173235,False
2005-09-22,942.726,942.726,914.232,923.274,1811552500.0,-0.022378039999661148,-0.022632227641630642,False
2005-09-23,921.51,927.419,914.806,916.154,1154764400.0,-0.0077116868881826894,-0.007741575706811332,False
2005-09-26,915.84,919.65,913.613,918.485,883624100.0,0.0025443320664428892,0.0025411007335067737,False
2005-09-27,918.866,921.132,903.387,904.214,1108605600.0,-0.015537542801461024,-0.015659515506619925,False
2005-09-28,903.328,910.333,901.382,903.719,885031000.0,-0.000547436779346433,-0.0005475866775688232,False
2005-09-29,904.28,915.975,904.28,915.975,1193897800.0,0.01356173766403046,0.0134706003620364,False
2005-09-30,916.587,918.662,913.452,917.392,900143300.0,0.0015469854526597437,0.001545790103297584,False
2005-10-10,917.211,917.211,906.88,907.321,715845100.0,-0.01097785897413539,-0.011038560324005964,False
2005-10-11,906.628,919.796,904.045,919.72,775829500.0,0.013665505372409514,0.01357297438924654,False
2005-10-12,920.453,926.094,917.377,923.485,1220885200.0,0.004093637193928634,0.0040852810580878085,False
2005-10-13,923.426,926.009,916.275,916.499,1082890400.0,-0.007564822384770742,-0.007593580780197229,False
2005-10-14,916.337,917.89,902.813,904.828,1012394000.0,-0.012734329224581842,-0.012816105783170606,False
2005-10-17,903.266,903.266,892.359,897.623,1055250600.0,-0.007962839346262407,-0.007994712062456166,False
2005-10-18,897.366,903.001,895.622,902.366,1136631700.0,0.005283955513617489,0.005270044402958973,False
2005-10-19,902.036,907.876,897.045,898.744,1103304800.0,-0.004013892367398575,-0.0040219696548540185,False
2005-10-20,898.891,900.126,889.569,899.915,1260872500.0,0.0013029294215036735,0.001302081345539996,False
2005-10-21,899.645,907.792,897.986,904.414,1136458800.0,0.004999361050765927,0.0049869057404547945,False
2005-10-24,905.129,908.453,900.229,906.652,921898200.0,0.002474530469453118,0.002471473860341078,False
2005-10-25,905.967,905.967,893.609,894.272,1121340100.0,-0.013654632648469334,-0.013748714562521691,False
2005-10-26,892.617,892.617,873.895,875.82,1216712300.0,-0.020633543262005283,-0.020849389087441494,False
2005-10-27,873.472,879.668,869.72,875.849,1190858800.0,3.311182663101597e-05,3.311127844707329e-05,False
2005-10-28,875.862,880.206,859.692,867.729,1197337600.0,-0.009271004476799072,-0.009314247718512192,False
2005-10-31,866.618,878.409,866.153,876.282,1044365100.0,0.009856764035776067,0.009808503009714364,False
2005-11-01,875.956,875.956,862.686,872.865,1008274500.0,-0.0038994296356652525,-0.003907052233715902,False
2005-11-02,873.393,884.936,873.393,882.478,1310497300.0,0.01101315781936485,0.010952954611769705,False
2005-11-03,882.189,885.681,872.11,874.575,1217918200.0,-0.008955464045562467,-0.008995805243737998,False
2005-11-04,873.353,878.361,869.68,878.361,956731000.0,0.0043289597804647695,0.004319616787995528,False
2005-11-07,877.617,877.617,870.082,877.278,771325900.0,-0.0012329782401541145,-0.0012337389832088874,False
2005-11-08,876.432,881.895,870.962,881.524,1012876100.0,0.004839970910019309,0.004828295906777136,False
2005-11-09,881.513,884.942,878.684,879.252,1177440500.0,-0.002577354672136045,-0.0025806817686566674,False
2005-11-10,878.625,878.625,862.091,862.968,1085377100.0,-0.018520287699089644,-0.018693935575114118,False
2005-11-11,861.221,867.328,857.789,864.79,921972000.0,0.002111318148529273,0.002109092448590033,False
2005-11-14,864.081,864.246,858.344,862.149,627167400.0,-0.0030539206050023138,-0.0030585933363918016,False
2005-11-15,862.067,867.46,853.859,856.635,825247800.0,-0.00639564622820421,-0.006416185997108137,False
2005-11-16,855.449,863.167,847.49,863.119,906613800.0,0.007569151388864714,0.007540649097573571,False
2005-11-17,863.077,865.791,859.0,862.658,881163700.0,-0.000534109433345864,-0.0005342521205982109,False
2005-11-18,862.579,886.582,862.403,882.241,1759780300.0,0.02270076901854501,0.022446940778842794,False
2005-11-21,882.79,886.106,880.3,883.871,1025996300.0,0.0018475677280924696,0.00184586307415735,False
2005-11-22,883.931,883.931,869.53,869.617,1059723600.0,-0.016126787732599013,-0.016258239553417653,False
2005-11-23,868.005,876.816,866.19,876.229,991692000.0,0.007603347220673129,0.007574587464473481,False
2005-11-24,875.827,885.745,874.879,881.493,1462900800.0,0.006007561950129414,0.005989588498331422,False
2005-11-25,881.248,884.162,877.262,884.105,1300354600.0,0.0029631545570980578,0.00295877306785286,False
2005-11-28,883.241,886.743,877.637,880.167,973973500.0,-0.004454222066383462,-0.004464171669646078,False
2005-11-29,879.254,879.254,870.564,871.31,841499400.0,-0.010062863070303796,-0.01011383592040005,False
2005-11-30,870.452,873.933,866.984,873.825,804073800.0,0.002886458321378349,0.0028823004995555124,False
2005-12-01,873.474,877.312,870.703,873.067,706923500.0,-0.0008674505764885154,-0.0008678270294586454,False
2005-12-02,872.93,875.825,866.374,869.936,849202100.0,-0.0035862081604275398,-0.0035926540203234936,False
2005-12-05,869.427,869.427,858.859,859.61,1028689700.0,-0.011869838700778068,-0.011940847705821156,False
2005-12-06,858.108,867.187,855.715,866.075,1030351400.0,0.007520852479612872,0.007492711874752089,False
2005-12-07,865.724,873.999,865.017,873.838,984295500.0,0.008963426954940346,0.008923493890892864,False
2005-12-08,874.132,877.97,870.122,874.056,1025917400.0,0.00024947415882592416,0.0002494430453223728,False
2005-12-09,873.693,887.568,871.261,887.358,1271952600.0,0.015218704522364623,0.015104061718727024,False
2005-12-12,887.064,890.694,884.256,888.518,1069928000.0,0.0013072514137473235,0.0013063977045453257,False
2005-12-13,887.996,889.221,880.743,889.101,1054723800.0,0.0006561487780776254,0.0006559336065858901,False
2005-12-14,888.604,899.011,884.368,898.153,1386837600.0,0.010181070542041981,0.010129592549228406,False
2005-12-15,898.382,904.012,895.168,896.434,1625978200.0,-0.001913927805173521,-0.00191576170533736,False
2005-12-16,895.827,902.747,894.099,902.561,1145210700.0,0.0068348590080251626,0.006811607247406037,False
2005-12-19,902.049,904.472,898.794,902.91,993632700.0,0.0003866774655674199,0.0003866027251024917,False
2005-12-20,902.746,907.318,899.662,907.318,1029465900.0,0.004881992668150703,0.004870114386048563,False
2005-12-21,907.053,910.933,902.114,903.144,1027397600.0,-0.0046003716447816645,-0.004610985920001198,False
2005-12-22,902.371,909.061,900.664,908.754,894702600.0,0.006211634025138801,0.00619242134687692,False
2005-12-23,908.96,915.89,908.514,915.89,1190699900.0,0.007852510140258007,0.007821839638163297,False
2005-12-26,916.668,925.005,916.409,922.378,1534265000.0,0.007083820109401895,0.0070588477196524835,False
2005-12-27,922.439,922.439,916.005,919.36,1205035900.0,-0.0032719774322458317,-0.0032773420555516353,False
2005-12-28,919.051,920.984,915.116,920.919,1213103200.0,0.0016957448659937757,0.0016943087140042223,False
2005-12-29,921.144,932.031,921.144,932.031,1725495900.0,0.012066207777231108,0.01199399143007529,False
2005-12-30,933.45,933.999,921.834,923.451,1560025100.0,-0.00920570238543561,-0.009248336718007621,False
2006-01-04,926.559,941.428,926.412,941.428,2112689900.0,0.019467194252862363,0.019280132243785886,False
2006-01-05,943.85,959.625,942.308,959.134,2731174300.0,0.018807598669255743,0.018632922545738673,False
2006-01-06,961.915,975.628,956.04,970.032,3028636800.0,0.011362333104654843,0.011298266637481014,False
2006-01-09,971.089,976.273,966.053,975.253,2432955200.0,0.005382296666501807,0.005367863872357326,False
2006-01-10,975.282,978.277,964.43,978.154,2273530200.0,0.0029746127415142265,0.002970197334948743,False
2006-01-11,977.644,983.39,963.394,973.477,2652413800.0,-0.004781455680802793,-0.0047929234095773765,False
2006-01-12,972.389,984.076,968.538,983.716,2189668000.0,0.010517968067042194,0.010463039066185509,False
2006-01-13,985.039,988.111,973.685,978.809,2228186100.0,-0.004988228309796727,-0.005000711049102158,False
2006-01-16,977.886,977.886,960.879,961.439,2030521500.0,-0.017746056687259704,-0.017905405980244815,False
2006-01-17,959.395,965.984,952.234,964.29,1603727600.0,0.0029653467354662233,0.0029609587672609905,False
2006-01-18,964.16,984.672,963.077,983.622,2082351800.0,0.020047910898173704,0.019849597661852236,False
2006-01-19,985.232,992.272,978.278,991.222,2645560900.0,0.007726545359904469,0.007696848479742613,False
2006-01-20,991.572,994.5,987.06,993.34,2614706200.0,0.0021367564481014067,0.002134476830789822,False
2006-01-23,993.744,997.332,989.342,996.162,2254601900.0,0.002840920530734703,0.0028368927426178914,False
2006-01-24,997.791,1006.146,993.394,999.093,2419799100.0,0.0029422925186866067,0.0029379724479206004,False
2006-01-25,998.828,1009.648,989.514,1009.597,2180075800.0,0.01051353577694969,0.010458652899929533,False
2006-02-06,1013.425,1033.354,1012.807,1033.234,2503877100.0,0.0234123120413392,0.02314244784349473,False
2006-02-07,1034.678,1038.501,1019.936,1029.937,3295478700.0,-0.0031909519044088785,-0.003196053847697833,False
2006-02-08,1028.445,1033.399,1022.937,1033.072,2698672900.0,0.003043875499181059,0.0030392522894278073,False
2006-02-09,1033.192,1033.192,1017.047,1019.599,2383960100.0,-0.013041685381076862,-0.013127474869203404,False
2006-02-10,1019.416,1032.598,1018.482,1032.337,2202445300.0,0.012493146815561795,0.012415751398426877,False
2006-02-13,1034.381,1034.642,1021.839,1031.614,2215729800.0,-0.0007003526949048711,-0.0007005980564196435,False
2006-02-14,1032.645,1038.81,1030.461,1038.531,1855622000.0,0.006705027267950969,0.006682648550198955,False
2006-02-15,1040.332,1048.344,1038.744,1041.66,2478462800.0,0.0030129095809370288,0.0030083798650011317,False
2006-02-16,1041.665,1041.665,1019.21,1020.121,2615989200.0,-0.020677572336463057,-0.02089434678829427,False
2006-02-17,1020.063,1028.574,1015.992,1020.368,2102687500.0,0.00024212813970114766,0.00024209883141423916,False
2006-02-20,1020.74,1030.052,1020.015,1021.639,1881888300.0,0.0012456290279585502,0.0012448538757547922,False
2006-02-21,1020.977,1038.937,1014.663,1038.816,2367803900.0,0.016813179606494977,0.016673402656561365,False
2006-02-22,1039.649,1046.45,1036.38,1037.885,2538070400.0,-0.000896212611280589,-0.0008966144499096274,False
2006-02-23,1038.253,1041.592,1029.248,1041.373,1978503700.0,0.0033606806149044655,0.003355046148040053,False
2006-02-24,1041.97,1049.688,1041.97,1049.444,1967610400.0,0.007750344977255796,0.00772046533932258,False
2006-02-27,1055.947,1057.223,1045.967,1047.845,2287209900.0,-0.0015236639592012269,-0.0015248259155686839,False
2006-02-28,1046.713,1053.72,1033.661,1053.01,1935326700.0,0.0049291641416431276,0.004917055585813124,False
2006-03-01,1051.759,1057.693,1049.642,1056.619,1942573000.0,0.003427317879222347,0.0034214580105711434,False
2006-03-02,1055.858,1056.053,1034.68,1038.666,2487786100.0,-0.016990987290593895,-0.017136990301817256,False
2006-03-03,1037.988,1043.422,1029.561,1041.677,2120053900.0,0.002898910718171166,0.002894716979390033,False
2006-03-06,1041.659,1044.417,1036.108,1038.873,1787096300.0,-0.002691813297211909,-0.002695442741279308,False
2006-03-07,1037.928,1037.976,1013.142,1014.973,1933651600.0,-0.02300569944545683,-0.02327446057505611,False
2006-03-08,1012.578,1014.965,999.931,1009.271,1746305500.0,-0.00561788343138192,-0.005633723089933262,False
2006-03-09,1006.965,1010.91,1002.196,1004.344,1273509900.0,-0.004881741375705739,-0.00489369599725098,False
2006-03-10,1004.747,1011.762,1004.688,1008.897,1188798300.0,0.004533307313032253,0.0045230628247097115,False
2006-03-13,1008.803,1020.876,1008.513,1019.864,1176591100.0,0.010870287056062189,0.01081163018092468,False
2006-03-14,1020.468,1021.651,1012.112,1018.272,1134803000.0,-0.0015609924460515678,-0.0015622120641349824,False
2006-03-15,1018.154,1028.965,1017.081,1028.958,1484206800.0,0.01049424908079577,0.010439566683341006,False
2006-03-16,1028.96,1029.805,1025.523,1027.616,1478433900.0,-0.0013042320483441783,-0.0013050832991945427,False
2006-03-17,1027.637,1029.559,1021.081,1024.015,1500192400.0,-0.003504227259988002,-0.003510381445649635,False
2006-03-20,1024.502,1037.908,1019.647,1037.659,1538991200.0,0.013324023573873411,0.013236039445192915,False
2006-03-21,1037.949,1047.051,1036.235,1040.757,1907766200.0,0.002985566549319252,0.0029811185964154774,False
2006-03-22,1041.138,1047.939,1036.706,1047.666,1864057500.0,0.0066384372144505654,0.006616499823269173,False
2006-03-23,1047.349,1049.325,1042.825,1048.537,2046788500.0,0.0008313718303354367,0.000831026432197568,False
2006-03-24,1049.122,1051.757,1041.231,1042.601,2009823700.0,-0.00566122130168023,-0.005677306752585487,False
2006-03-27,1042.629,1050.707,1037.076,1050.707,1713407000.0,0.007774786327655603,0.007744718423564834,False
2006-03-28,1050.068,1056.516,1048.636,1055.982,2227399900.0,0.005020429101547652,0.00500786876866588,False
2006-03-29,1058.738,1074.038,1057.678,1065.294,3052634500.0,0.00881833213066141,0.008779677718627532,False
2006-03-30,1065.843,1067.99,1055.137,1055.634,2201249400.0,-0.009067919278621717,-0.009109283104408838,False
2006-03-31,1053.854,1061.473,1050.222,1061.088,2227619000.0,0.005166563411182157,0.00515326251604975,False
2006-04-03,1061.962,1079.366,1061.962,1079.322,2772976100.0,0.017184248620284004,0.017038269408854667,False
2006-04-04,1080.857,1089.371,1076.198,1089.371,3114875700.0,0.009310474538645641,0.009267399231856821,False
2006-04-05,1091.175,1100.558,1089.549,1099.97,3293691400.0,0.00972946773872252,0.009682441249915463,False
2006-04-06,1102.543,1109.683,1097.316,1103.237,3616704900.0,0.0029700810022093016,0.0029656790256264998,False
2006-04-07,1102.944,1105.104,1091.894,1103.154,3257086000.0,-7.523315479818216e-05,-7.523598495406958e-05,False
2006-04-10,1104.321,1118.082,1100.69,1117.91,3206752000.0,0.013376192263274245,0.013287520852265366,False
2006-04-11,1120.163,1126.089,1112.007,1123.308,3560752000.0,0.0048286534694206296,0.004817032914996133,False
2006-04-12,1123.782,1123.782,1116.149,1117.073,3033384500.0,-0.005550570279923117,-0.005566031935686944,False
2006-04-13,1116.837,1122.394,1093.508,1093.925,3382414600.0,-0.020722011900744297,-0.020939725686339727,False
2006-04-14,1091.689,1118.665,1091.673,1118.607,3352796200.0,0.022562789953607387,0.022312015316996003,False
2006-04-17,1120.186,1129.154,1114.527,1124.414,3570454800.0,0.005191278080684203,0.0051778498497006,False
2006-04-18,1127.506,1135.448,1119.271,1131.281,3231722300.0,0.006107181162810171,0.00608860791370347,False
2006-04-19,1135.614,1140.407,1125.204,1138.241,3432289800.0,0.006152317593948853,0.006133469355455112,False
2006-04-20,1139.642,1142.538,1127.09,1134.381,3788565100.0,-0.0033911974704828873,-0.0033969606136183828,False
2006-04-21,1133.205,1152.888,1127.648,1149.158,4077291000.0,0.01302648757339897,0.012942372578600647,False
2006-04-24,1156.908,1160.579,1135.751,1142.698,4593621900.0,-0.005621507225289979,-0.005637367363547696,False
2006-04-25,1139.495,1149.544,1123.099,1141.93,3861112500.0,-0.0006720935890323076,-0.0006723195451767694,False
2006-04-26,1142.902,1162.021,1142.074,1155.726,4182430100.0,0.012081300955400165,0.012008904550887323,False
2006-04-27,1157.379,1159.898,1145.26,1155.268,3198045100.0,-0.0003962877014103139,-0.0003963662441321958,False
2006-04-28,1143.587,1173.88,1133.193,1172.347,4080185800.0,0.01478358268384472,0.014675370728646442,False
2006-05-08,1179.581,1218.859,1179.581,1218.445,4491282100.0,0.03932112250041997,0.03856773318173623,False
2006-05-09,1226.315,1252.759,1222.679,1251.611,5599386100.0,0.027219940169642687,0.026856065924065753,False
2006-05-10,1257.984,1273.684,1243.472,1265.933,5566704300.0,0.011442852451760022,0.011377878206329406,False
2006-05-11,1267.219,1294.868,1254.348,1255.035,6113372500.0,-0.008608670443064459,-0.008645939089610977,False
2006-05-12,1255.234,1296.379,1252.677,1296.257,5492033100.0,0.03284529913508383,0.03231742009879657,False
2006-05-15,1312.137,1352.412,1301.797,1352.155,7353400500.0,0.0431226215171836,0.042218735280070696,False
2006-05-16,1368.134,1387.397,1322.136,1331.127,7965817000.0,-0.015551471539875239,-0.015673664179175262,False
2006-05-17,1331.686,1356.132,1306.871,1335.523,6182328700.0,0.0033024647535508933,0.0032970235930296354,False
2006-05-18,1322.652,1340.523,1301.109,1331.201,5205636300.0,-0.00323618537456849,-0.003241433147360695,False
2006-05-19,1334.069,1371.222,1329.317,1366.097,6712386900.0,0.02621392261574318,0.025876226589944373,False
2006-05-22,1366.316,1387.571,1360.348,1373.674,6626217200.0,0.0055464582676048035,0.0055311333079988145,False
2006-05-23,1365.1,1365.1,1316.549,1317.654,5687238800.0,-0.04078114603610461,-0.04163601953634544,False
2006-05-24,1325.683,1351.308,1277.332,1308.242,5117663200.0,-0.00714299808599228,-0.00716863143573665,False
2006-05-25,1304.695,1316.475,1285.728,1307.697,3404643600.0,-0.0004165895912224826,-0.000416676388772963,False
2006-05-26,1312.236,1331.452,1309.46,1331.02,3638566500.0,0.01783517129732659,0.017677990772562602,False
2006-05-29,1339.896,1366.843,1330.628,1366.292,4448001100.0,0.026499977460894497,0.0261549355196129,False
2006-05-30,1375.298,1384.684,1360.548,1378.756,4476102700.0,0.00912250090024691,0.009081142228300365,False
2006-05-31,1377.449,1386.942,1355.007,1365.451,4733588300.0,-0.009650003336340918,-0.009696866347714383,False
2006-06-01,1364.178,1403.265,1362.936,1402.879,5349345300.0,0.02741072363636632,0.027041776641454796,False
2006-06-02,1406.617,1411.78,1382.004,1390.116,6410916200.0,-0.009097719760578049,-0.00913935673976951,False
2006-06-05,1391.461,1403.304,1362.723,1403.163,5510181900.0,0.009385547680913042,0.009341777089122871,False
2006-06-06,1400.267,1413.108,1391.895,1399.142,4683527800.0,-0.002865668493254092,-0.0028697823824526125,False
2006-06-07,1398.184,1398.184,1319.698,1320.233,5204764700.0,-0.05639813542871286,-0.058050955431824924,True
2006-06-08,1309.07,1331.885,1286.899,1325.979,4567750900.0,0.004352262062832901,0.0043428183613620774,False
2006-06-09,1320.813,1329.835,1293.046,1294.185,3739262300.0,-0.023977755303817072,-0.02426990113186278,False
2006-06-12,1283.827,1308.121,1275.399,1297.67,2503333100.0,0.002692814396705323,0.0026891952676573183,False
2006-06-13,1296.408,1312.132,1284.62,1298.276,2782303100.0,0.00046699083742396397,0.0004668818311381884,False
2006-06-14,1291.69,1291.69,1269.516,1283.88,2880166100.0,-0.01108855127877273,-0.011150487544743903,False
2006-06-15,1283.721,1300.111,1280.501,1285.385,2324130200.0,0.0011722279340746766,0.0011715414113648848,False
2006-06-16,1290.003,1318.019,1290.003,1318.01,2840803200.0,0.025381500484290775,0.025064738937202513,False
2006-06-19,1306.263,1341.99,1294.904,1334.893,3072625800.0,0.012809462750662082,0.012728115522364192,False
2006-06-20,1333.619,1341.244,1323.784,1338.223,2779705800.0,0.0024945819627490984,0.002491475658047193,False
2006-06-21,1336.842,1347.002,1320.411,1333.532,3244547900.0,-0.0035053948407701707,-0.0035115531329745764,False
2006-06-22,1331.926,1341.73,1326.146,1331.553,2595315700.0,-0.001484028879696786,-0.001485131141214957,False
2006-06-23,1329.106,1340.266,1319.506,1339.446,2565164400.0,0.005927664914576969,0.0059101654289133165,False
2006-06-26,1341.609,1363.569,1341.609,1363.413,2959592000.0,0.017893218539605238,0.017735019247073325,False
2006-06-27,1365.043,1368.411,1354.088,1363.896,2645473400.0,0.0003542580274649154,0.0003541952929051462,False
2006-06-28,1361.792,1366.338,1353.633,1362.885,2579165700.0,-0.0007412588643121998,-0.000741533732504962,False
2006-06-29,1365.252,1395.243,1365.252,1395.124,4243920100.0,0.023654967220271716,0.02337952376427932,False
2006-06-30,1402.595,1408.791,1384.991,1393.963,3839674500.0,-0.0008321840925967772,-0.0008325305500029856,False
2006-07-03,1398.736,1420.328,1393.923,1420.328,3829738500.0,0.018913701439708275,0.018737061193691673,False
2006-07-04,1423.078,1426.098,1401.148,1411.013,4274980300.0,-0.006558344269774308,-0.006579944703404728,False
2006-07-05,1409.901,1409.901,1377.22,1393.009,3344600500.0,-0.01275962730322111,-0.012841730499513204,False
2006-07-06,1391.638,1418.76,1390.193,1418.675,3248073400.0,0.018424863012371118,0.01825718176152691,False
2006-07-07,1423.718,1426.397,1405.989,1410.429,3355617600.0,-0.005812465857225835,-0.00582942398116959,False
2006-07-10,1410.496,1413.576,1397.441,1412.124,2760736900.0,0.0012017620170883259,0.0012010404791356066,False
2006-07-11,1414.136,1418.816,1406.496,1418.575,2853737900.0,0.004568295702077174,0.004557892709864397,False
2006-07-12,1419.073,1430.944,1416.739,1419.199,3629341700.0,0.00043987804663125907,0.00043978132864541664,False
2006-07-13,1415.875,1418.135,1344.155,1346.088,4897067300.0,-0.05151567891465547,-0.052890019964733526,True
2006-07-14,1333.743,1367.743,1327.587,1357.129,3265910500.0,0.008202286923291835,0.008168830986863718,False
2006-07-17,1354.137,1372.254,1348.432,1372.254,2420555200.0,0.011144850636896075,0.011083204391625578,False
2006-07-18,1370.896,1373.588,1359.909,1373.416,2272454400.0,0.0008467820097446399,0.0008464236921224,False
2006-07-19,1370.287,1370.287,1330.284,1336.644,2522764700.0,-0.026774116509491575,-0.027139072155884847,False
2006-07-20,1335.412,1346.848,1329.176,1345.194,1845062100.0,0.006396617199493582,0.006376245670128178,False
2006-07-21,1344.601,1357.341,1344.57,1356.033,2039364800.0,0.00805757385180117,0.008025284934538135,False
2006-07-24,1340.279,1359.558,1327.901,1358.122,1996619000.0,0.0015405229813729715,0.0015393375931003206,False
2006-07-25,1359.323,1378.843,1359.323,1374.17,2202350900.0,0.011816316943544125,0.011747049394750242,False
2006-07-26,1377.784,1380.796,1367.046,1371.295,1963344200.0,-0.0020921720020085077,-0.002094363651256259,False
2006-07-27,1370.749,1379.253,1347.285,1355.545,2381875500.0,-0.011485493639224242,-0.011551961354434148,False
2006-07-28,1354.919,1359.744,1327.663,1341.393,2155750500.0,-0.010440081295715053,-0.010494961246051204,False
2006-07-31,1338.039,1338.039,1293.531,1294.328,2218121100.0,-0.035086659912494045,-0.03571698469381257,False
2006-08-01,1292.709,1302.889,1278.544,1282.057,1744388700.0,-0.00948059533595813,-0.00952582225901022,False
2006-08-02,1281.889,1288.612,1258.008,1275.088,1781328400.0,-0.005435795756351003,-0.005450623452064818,False
2006-08-03,1277.632,1281.79,1261.695,1271.744,1294047300.0,-0.0026225640896941904,-0.00262600903527499,False
2006-08-04,1272.362,1278.246,1239.384,1241.908,1605362800.0,-0.02346069649237581,-0.023740280107620748,False
2006-08-07,1233.488,1241.849,1221.989,1224.102,1511651900.0,-0.01433761599087835,-0.014441392742154946,False
2006-08-08,1225.04,1252.386,1225.04,1252.386,1425048100.0,0.023105917644117735,0.02284301791898624,False
2006-08-09,1254.374,1258.206,1245.388,1251.298,1285947400.0,-0.0008687417457556856,-0.0008691193205585535,False
2006-08-10,1251.163,1271.473,1251.081,1271.473,1769900600.0,0.016123257609298447,0.015994658342618706,False
2006-08-11,1273.266,1277.968,1265.52,1275.654,1530322700.0,0.003288312060106602,0.0032829173850190685,False
2006-08-14,1275.139,1279.308,1241.954,1245.721,1644446900.0,-0.02346482666930061,-0.023744509518197177,False
2006-08-15,1243.16,1265.863,1239.905,1265.863,1431936000.0,0.016168949548093003,0.016039624257107477,False
2006-08-16,1266.821,1283.567,1262.537,1283.567,2080274300.0,0.013985715673813015,0.01388881796307384,False
2006-08-17,1280.284,1280.284,1263.931,1271.627,1545790400.0,-0.009302202378216329,-0.00934573805822847,False
2006-08-18,1270.225,1280.829,1265.818,1267.866,1396452400.0,-0.0029576282982352042,-0.0029620107240013738,False
2006-08-21,1235.426,1270.667,1229.165,1270.562,1506476600.0,0.0021264076803069187,0.002124150075321296,False
2006-08-22,1270.103,1289.019,1269.102,1285.268,1720094200.0,0.01157440565670953,0.011507934640209605,False
2006-08-23,1284.817,1294.825,1282.841,1285.68,1909287500.0,0.0003205557128942438,0.00032050434588892784,False
2006-08-24,1284.835,1292.401,1274.556,1292.401,1508130600.0,0.005227583846680428,0.005213967463484792,False
2006-08-25,1293.502,1301.753,1292.451,1295.437,1855793700.0,0.002349116102509763,0.0023463612427585545,False
2006-08-28,1298.464,1325.894,1298.357,1325.894,2618329000.0,0.023510985096149017,0.023238858935228812,False
2006-08-29,1328.611,1349.201,1327.002,1330.155,3176637600.0,0.003213680731642077,0.0032085278964801844,False
2006-08-30,1328.37,1336.392,1319.823,1334.671,2113994900.0,0.00339509305306529,0.003389342736210388,False
2006-08-31,1335.588,1342.79,1331.287,1338.694,2318827400.0,0.0030142259777876657,0.003009692306719991,False
2006-09-01,1339.309,1340.125,1314.567,1318.099,2503368800.0,-0.015384397031733887,-0.015503964771344414,False
2006-09-04,1315.707,1337.243,1315.61,1337.243,2109534000.0,0.014523946987289982,0.014419484724011333,False
2006-09-05,1339.59,1345.708,1334.723,1340.682,2686811000.0,0.0025717091059740405,0.0025684079206920174,False
2006-09-06,1341.403,1346.367,1331.852,1346.367,2315311200.0,0.004240379150312945,0.004231414077247919,False
2006-09-07,1348.174,1348.278,1323.977,1328.377,2188644900.0,-0.01336188424107243,-0.013451957481632526,False
2006-09-08,1327.555,1334.728,1326.246,1332.153,1723027300.0,0.002842566530435242,0.0028385340780641144,False
2006-09-11,1331.89,1338.755,1319.21,1338.755,2094726600.0,0.004955887199143083,0.004943647213512925,False
2006-09-12,1338.815,1350.527,1337.302,1347.639,2730189100.0,0.0066360162987251226,0.006614094869764386,False
2006-09-13,1348.849,1356.856,1337.461,1338.386,3282119100.0,-0.006866082088749281,-0.0068897620851542385,False
2006-09-14,1338.35,1345.59,1323.801,1338.278,2221728400.0,-8.069420929379678e-05,-8.069746524608234e-05,False
2006-09-15,1338.409,1362.404,1338.143,1362.322,3605714800.0,0.01796637171051141,0.01780688389951557,False
2006-09-18,1367.645,1375.581,1362.143,1375.563,3145485100.0,0.009719434905991475,0.009672505041360857,False
2006-09-19,1377.716,1385.619,1371.43,1378.309,2664830100.0,0.001996273525821657,0.0019942836196511493,False
2006-09-20,1376.118,1381.812,1365.717,1378.459,2344588000.0,0.00010882900713848898,0.00010882308569115651,False
2006-09-21,1378.456,1390.621,1378.456,1387.37,2609412100.0,0.006464465029427657,0.006443659989535888,False
2006-09-22,1389.867,1393.53,1373.945,1374.852,2826504200.0,-0.00902282736400517,-0.0090637795935411,False
2006-09-25,1372.808,1383.767,1361.606,1372.399,2458478000.0,-0.0017841920439437553,-0.0017857856103367098,False
2006-09-26,1370.856,1371.582,1351.18,1357.646,1970327800.0,-0.010749789237677887,-0.010807985663987552,False
2006-09-27,1357.275,1371.117,1355.393,1371.117,1758032300.0,0.009922321429886694,0.009873418420122348,False
2006-09-28,1372.134,1389.555,1369.398,1387.002,2168779200.0,0.011585444568187775,0.011518847185234549,False
2006-09-29,1389.075,1405.563,1389.038,1403.265,2716674200.0,0.01172528950931584,0.011657080961189337,False
2006-10-09,1420.362,1436.074,1418.207,1436.074,3919186200.0,0.023380473395973045,0.023111337077817318,False
2006-10-10,1437.689,1443.497,1426.969,1437.245,3840048600.0,0.000815417589901335,0.0008150853175932227,False
2006-10-11,1436.681,1440.207,1421.808,1435.906,3161798700.0,-0.0009316435263297951,-0.0009320777758912158,False
2006-10-12,1436.198,1438.802,1423.629,1426.5,3795623700.0,-0.006550568073397489,-0.006572117202012784,False
2006-10-13,1424.301,1436.102,1420.959,1430.882,2829515600.0,0.003071854188573475,0.003067145684589434,False
2006-10-16,1432.306,1434.532,1415.49,1418.517,2849218600.0,-0.0086415232003757,-0.008679077670392665,False
2006-10-17,1416.949,1426.292,1410.674,1414.448,2422440300.0,-0.0028684887103925805,-0.0028726107086241015,False
2006-10-18,1413.906,1437.593,1413.55,1437.593,2429030800.0,0.01636327387079617,0.016230838271878767,False
2006-10-19,1438.842,1445.617,1433.938,1439.377,2382026700.0,0.001240963193337663,0.0012401938349446695,False
2006-10-20,1440.668,1447.951,1436.653,1440.182,2656014300.0,0.0005592697396166191,0.0005591134065818792,False
2006-10-23,1439.54,1444.915,1403.008,1408.715,2895037700.0,-0.021849321821825418,-0.0220915531476793,False
2006-10-24,1408.578,1440.054,1408.578,1440.054,2618997200.0,0.022246515441377568,0.022002671542085572,False
2006-10-25,1443.108,1459.731,1434.806,1446.825,3220489500.0,0.004701907011820383,0.004690887575123703,False
2006-10-26,1447.088,1457.373,1435.279,1456.095,3846636200.0,0.006407132859882925,0.006386694438806018,False
2006-10-27,1455.978,1460.455,1433.355,1439.05,3737930400.0,-0.01170596698704418,-0.011775021245508555,False
2006-10-30,1436.66,1446.239,1428.334,1446.239,3532045200.0,0.004995656856954245,0.004983219966332442,False
2006-10-31,1447.055,1464.478,1447.055,1464.473,3695228300.0,0.01260787463206281,0.012529057169753166,False
2006-11-01,1465.667,1479.409,1461.316,1479.409,3892692500.0,0.010198890658960735,0.010147232911200454,False
2006-11-02,1480.551,1480.551,1464.598,1479.656,4237313600.0,0.00016695856250703578,0.00016694462647759423,False
2006-11-03,1481.582,1497.466,1480.77,1488.291,3937202700.0,0.005835815892342611,0.005818853479794939,False
2006-11-06,1477.44,1507.972,1472.001,1507.891,4203351000.0,0.013169467530207646,0.013083503999464341,False
2006-11-07,1512.649,1516.803,1491.33,1516.104,4303832800.0,0.005446680164547635,0.005431900644066623,False
2006-11-08,1512.362,1513.037,1497.009,1498.173,2872240500.0,-0.011827025058966933,-0.011897520707010223,False
2006-11-09,1491.801,1527.377,1489.199,1524.714,3403013300.0,0.01771557757348452,0.017560485744456678,False
2006-11-10,1525.226,1535.196,1493.197,1504.062,5392286700.0,-0.013544835293700985,-0.013637403405517112,False
2006-11-13,1498.064,1512.95,1465.629,1475.779,4165330100.0,-0.018804410988376707,-0.01898346211175639,False
2006-11-14,1475.445,1493.877,1453.259,1493.776,3630788500.0,0.012194915363343828,0.01212115643345868,False
2006-11-15,1494.114,1534.849,1490.868,1534.762,4058921600.0,0.02743784878054001,0.027068177753964306,False
2006-11-16,1540.258,1558.406,1531.289,1533.288,5776094800.0,-0.0009604094967167187,-0.0009608709854198594,False
2006-11-17,1528.007,1562.236,1521.549,1562.084,4444619100.0,0.018780555251198816,0.018606378007770097,False
2006-11-20,1567.344,1593.189,1567.344,1593.158,5341235900.0,0.01989265622079217,0.019697382758944393,False
2006-11-21,1591.47,1612.46,1568.95,1612.249,4860184200.0,0.01198311780752448,0.011911888717752284,False
2006-11-22,1610.049,1639.414,1600.383,1624.028,5706549500.0,0.007305943436776818,0.00727938431321018,False
2006-11-23,1623.714,1642.808,1618.043,1634.914,5136067900.0,0.0067030863999881785,0.0066807206072754255,False
2006-11-24,1629.894,1640.752,1611.547,1636.58,4971209600.0,0.0010190138441532604,0.0010184950019871408,False
2006-11-27,1632.659,1651.801,1627.919,1651.801,4726727000.0,0.009300492490437406,0.009257509215037096,False
2006-11-28,1649.681,1656.188,1629.825,1644.014,4476291600.0,-0.004714248265983656,-0.004725395381651509,False
2006-11-29,1617.69,1672.909,1604.815,1667.142,4557841100.0,0.014068006720137527,0.013969970691388056,False
2006-11-30,1671.665,1714.493,1671.665,1714.358,6021608800.0,0.0283215227017255,0.02792788340616248,False
2006-12-01,1719.278,1741.804,1715.786,1729.224,5841358100.0,0.008671467686445888,0.008634086455179713,False
2006-12-04,1731.897,1780.801,1731.897,1780.736,7143433300.0,0.029789084583605296,0.02935400902391816,False
2006-12-05,1785.443,1811.658,1777.432,1794.231,6720257600.0,0.00757832716359963,0.007549755899763255,False
2006-12-06,1794.256,1806.645,1717.722,1779.411,8127670000.0,-0.008259806011600479,-0.008294107220749858,False
2006-12-07,1774.185,1820.719,1770.569,1775.714,8048750200.0,-0.002077653785438005,-0.002079815102228544,False
2006-12-08,1752.771,1772.162,1710.001,1711.584,6625774600.0,-0.03611505005873683,-0.03678333802791478,False
2006-12-11,1705.911,1790.115,1705.911,1789.924,5133597500.0,0.04577046759025549,0.04475390331240181,False
2006-12-12,1798.464,1819.802,1772.108,1802.788,5783354300.0,0.007186897320780039,0.0071611946490657274,False
2006-12-13,1805.424,1813.276,1779.558,1803.856,4800445800.0,0.0005924157471648428,0.0005922403382294661,False
2006-12-14,1807.079,1836.194,1805.2,1836.143,4720622700.0,0.017898878846205113,0.017740580037496123,False
2006-12-15,1842.883,1867.777,1832.514,1867.636,4941444100.0,0.017151714218337055,0.017006284129585936,False
2006-12-18,1875.005,1918.291,1875.005,1916.108,6189299000.0,0.025953665489420796,0.02562258538712392,False
2006-12-19,1924.799,1936.751,1882.541,1921.444,6778893500.0,0.002784811712074786,0.002780941307838347,False
2006-12-20,1912.904,1936.802,1893.424,1936.547,5634850200.0,0.007860234282133671,0.007829503569342755,False
2006-12-21,1935.784,1945.473,1905.72,1908.985,6022516400.0,-0.014232548964729586,-0.01433480307370072,False
2006-12-22,1896.48,1918.487,1880.566,1895.644,4623050100.0,-0.006988530554195016,-0.007013064705779115,False
2006-12-25,1898.819,1957.466,1898.819,1939.104,5625174200.0,0.022926245645279453,0.022667388227016083,False
2006-12-26,1941.795,1959.982,1914.975,1938.238,5696738300.0,-0.0004465980164034544,-0.00044669777099937136,False
2006-12-27,1940.412,1983.109,1939.553,1982.877,5600564700.0,0.023030711398703385,0.022769507436469993,False
2006-12-28,1988.016,2010.371,1964.973,1979.933,6319283400.0,-0.0014847113562767023,-0.0014858146323488697,False
2006-12-29,1991.876,2052.861,1991.876,2041.047,7385194700.0,0.030866701044934386,0.03039990573998086,False
2007-01-04,2073.25,2139.494,2054.242,2067.092,10671970700.0,0.012760607668515167,0.012679877169251341,False
2007-01-05,2051.152,2083.402,2030.762,2072.883,9274344700.0,0.0028015202032611874,0.0027976032594292377,False
2007-01-08,2072.005,2131.737,2071.721,2131.556,8476790900.0,0.028305022521772916,0.027911837537270223,False
2007-01-09,2137.485,2201.36,2128.064,2200.086,8157762900.0,0.03215022265424872,0.031644221053324983,False
2007-01-10,2210.757,2255.966,2194.77,2255.966,8490497900.0,0.02539900712972143,0.02508181209092797,False
2007-01-11,2257.01,2289.95,2224.366,2231.629,8627654800.0,-0.010787839887657857,-0.010846450535036745,False
2007-01-12,2215.859,2249.543,2159.775,2173.747,7652572000.0,-0.02593710692951201,-0.026279405483326634,False
2007-01-15,2170.943,2287.684,2170.943,2287.342,6640309700.0,0.05225769144247239,0.050938038161878474,True
2007-01-16,2310.963,2354.431,2297.238,2353.874,7636425400.0,0.029087036394207733,0.028672036748409013,False
2007-01-17,2360.41,2393.218,2266.344,2308.931,8901554000.0,-0.019093205498679988,-0.019277834632594804,False
2007-01-18,2292.173,2325.528,2240.214,2317.095,7864860600.0,0.003535835414743671,0.003529599044898468,False
2007-01-19,2320.873,2396.093,2320.873,2396.093,8333402200.0,0.034093552487058254,0.03352524828659753,False
2007-01-22,2424.815,2491.711,2424.815,2491.313,9389299300.0,0.03973969290841395,0.038970386543818236,False
2007-01-23,2508.265,2516.593,2415.111,2508.13,10233761600.0,0.006750255788815052,0.006727574823210958,False
2007-01-24,2508.523,2556.099,2489.932,2536.428,8443369700.0,0.011282509279821884,0.011219336492947818,False
2007-01-25,2512.459,2529.432,2449.051,2452.831,8105515100.0,-0.03295855431338868,-0.0335139243784246,False
2007-01-26,2415.746,2524.243,2356.982,2512.922,7865400800.0,0.024498630358145368,0.02420335180782729,False
2007-01-29,2529.943,2582.405,2521.503,2576.917,8545208500.0,0.025466369429691715,0.025147503677284355,False
2007-01-30,2586.523,2599.452,2531.776,2551.884,7821152800.0,-0.00971432141586237,-0.009761813253748919,False
2007-01-31,2544.3,2548.175,2367.67,2385.335,8090913700.0,-0.06526511393151102,-0.06749233421151501,True
2007-02-01,2350.596,2410.422,2310.569,2395.172,6507809500.0,0.004123949046989095,0.004115468875652617,False
2007-02-02,2397.058,2403.619,2293.277,2298.003,5937715400.0,-0.04056869402280916,-0.041414559659396666,False
2007-02-05,2282.77,2304.318,2247.929,2271.797,4758750600.0,-0.011403814529397982,-0.011469336633208371,False
2007-02-06,2271.372,2316.702,2198.901,2316.04,6701064800.0,0.01947489146257353,0.019287682443239085,False
2007-02-07,2330.428,2390.867,2330.428,2369.787,7010639000.0,0.02320642130533135,0.022941246971689644,False
2007-02-08,2376.629,2415.959,2354.697,2410.601,6265654000.0,0.017222644904373308,0.017076016316040388,False
2007-02-09,2412.644,2417.643,2376.022,2397.245,5551553200.0,-0.005540527030396203,-0.005555932680247899,False
2007-02-12,2397.849,2485.759,2396.786,2485.392,5499232000.0,0.03677012570680094,0.036110232260543995,False
2007-02-13,2498.345,2526.227,2489.66,2522.63,5152886200.0,0.014982747188371226,0.014871614505316266,False
2007-02-14,2527.56,2594.661,2520.533,2588.349,6277727900.0,0.026051779293832178,0.025718212623139003,False
2007-02-15,2607.626,2669.183,2607.626,2668.633,7163132900.0,0.031017455528601356,0.030546135569096577,False
2007-02-16,2692.67,2717.57,2660.486,2676.735,7590878500.0,0.0030360113211522766,0.003031411945600304,False
2007-02-26,2679.265,2710.301,2641.12,2707.676,7453156000.0,0.01155923167590367,0.011492934167155688,False
2007-02-27,2717.812,2719.519,2454.918,2457.492,10773680700.0,-0.09239805648829469,-0.09694938470401304,True
2007-02-28,2413.422,2554.226,2413.327,2544.571,8282257100.0,0.03543409296958022,0.03482075228525616,False
2007-03-01,2550.26,2550.328,2439.503,2473.544,8215965500.0,-0.027913153140549096,-0.028310129892214597,False
2007-03-02,2468.672,2523.856,2455.819,2508.729,5794680500.0,0.0142245296627026,0.014124310304701737,False
2007-03-05,2503.816,2541.818,2409.715,2475.606,6851748800.0,-0.013203100055844796,-0.013291035855831801,False
2007-03-06,2467.741,2539.453,2452.142,2520.293,5263315300.0,0.01805093379156464,0.01788995007078409,False
2007-03-07,2532.975,2594.458,2532.148,2589.436,5972094900.0,0.02743450860673735,0.02706492677461192,False
2007-03-08,2597.715,2628.448,2565.109,2627.63,5538655900.0,0.014749930100608655,0.014642207853506228,False
2007-03-09,2632.8,2643.809,2587.488,2611.393,7041132600.0,-0.0061793327066596015,-0.006198503800189492,False
2007-03-12,2612.957,2619.498,2563.367,2616.172,6246892100.0,0.0018300577507865956,0.0018283852353233598,False
2007-03-13,2620.715,2641.626,2605.234,2640.169,6578890800.0,0.009172562048672672,0.00913074959181781,False
2007-03-14,2609.927,2625.123,2546.646,2597.357,6895208800.0,-0.01621562862074355,-0.016348540720595217,False
2007-03-15,2595.543,2645.877,2595.543,2645.546,6377848900.0,0.01855309069950728,0.018383081688004843,False
2007-03-16,2656.009,2665.39,2576.316,2604.226,7533185000.0,-0.01561870404067811,-0.01574196109340864,False
2007-03-19,2533.711,2674.798,2523.302,2659.413,7398356600.0,0.021191325176847187,0.020969911614336034,False
2007-03-20,2669.635,2674.47,2645.25,2672.771,6124972600.0,0.005022912951091252,0.005010340207456387,False
2007-03-21,2685.925,2702.998,2666.891,2702.597,6461295700.0,0.011159205184432253,0.011097400622399611,False
2007-03-22,2720.459,2740.28,2702.414,2711.322,8330807400.0,0.003228376261795507,0.0032231762438890144,False
2007-03-23,2710.362,2726.62,2653.794,2716.266,7391191900.0,0.001823464715736467,0.0018218042222128972,False
2007-03-26,2725.397,2764.398,2713.926,2764.034,7607477300.0,0.017585906534927087,0.01743306379763876,False
2007-03-27,2770.348,2789.967,2753.017,2784.023,8072512700.0,0.007231821316235676,0.00720579708950897,False
2007-03-28,2787.239,2806.077,2689.114,2797.649,11220997000.0,0.004894356117029153,0.00488241769421105,False
2007-03-29,2802.377,2830.082,2782.93,2783.305,10656723900.0,-0.005127162127915308,-0.005140351124388154,False
2007-03-30,2768.71,2801.945,2753.147,2781.784,6295070600.0,-0.0005464726287631727,-0.0005466219993506272,False
2007-04-02,2793.957,2850.152,2793.957,2850.107,6924788300.0,0.024560857349096743,0.02426408893268306,False
2007-04-03,2861.898,2888.329,2852.571,2888.115,7701449500.0,0.013335639679492584,0.013247502746929207,False
2007-04-04,2893.377,2924.676,2875.685,2911.821,7550665800.0,0.008208121906503107,0.008174618482490459,False
2007-04-05,2909.5,2950.659,2895.416,2945.045,7413899100.0,0.011410042032116818,0.011345438457758483,False
2007-04-06,2921.727,2977.459,2911.052,2972.008,7910232800.0,0.009155377931406639,0.009113721519296014,False
2007-04-09,2988.377,3043.06,2988.377,3038.172,9090170500.0,0.022262389603258104,0.02201820012387934,False
2007-04-10,3053.355,3081.617,2993.114,3081.568,10088834200.0,0.01428358894756454,0.014182539585952725,False
2007-04-11,3092.085,3121.537,3059.283,3121.319,10166993500.0,0.012899601761181323,0.012817110543572596,False
2007-04-12,3129.247,3176.69,3114.911,3176.437,9253518600.0,0.017658560371432763,0.01750445948274404,False
2007-04-13,3182.777,3211.607,3154.106,3169.233,10065311600.0,-0.002267949907396205,-0.002270525600886586,False
2007-04-16,3177.303,3256.566,3177.291,3255.998,8792894000.0,0.027377286554822522,0.027009231112298693,False
2007-04-17,3273.43,3288.166,3182.951,3283.604,10530710500.0,0.008478506436429,0.008442765776914385,False
2007-04-18,3294.213,3311.981,3244.934,3304.501,10142670700.0,0.006364043898107186,0.006343878879562226,False
2007-04-19,3297.946,3297.946,3065.282,3150.303,11527000900.0,-0.04666302113390197,-0.04778683985824195,False
2007-04-20,3165.674,3297.41,3165.674,3289.282,9446986900.0,0.04411607391416017,0.04317066519031165,False
2007-04-23,3330.798,3433.519,3330.798,3431.318,10995899100.0,0.043181460270052874,0.04227514005193278,False
2007-04-24,3462.48,3490.814,3418.301,3445.196,11464300600.0,0.004044510010439151,0.004036352966593881,False
2007-04-25,3432.024,3467.828,3376.084,3448.281,10058066900.0,0.0008954497799253947,0.0008950491039438901,False
2007-04-26,3465.112,3493.909,3438.879,3493.581,7899769000.0,0.01313698042589917,0.013051438657774028,False
2007-04-27,3499.941,3503.885,3436.002,3470.523,8069863600.0,-0.006600104591821365,-0.006621981595605675,False
2007-04-30,3487.358,3568.684,3478.928,3558.709,9430286400.0,0.02541000304565033,0.02509253558187652,False
2007-05-08,3643.813,3699.367,3618.782,3686.03,10678873200.0,0.03577730013889879,0.035152159473920364,False
2007-05-09,3699.296,3717.34,3556.615,3701.277,14064835800.0,0.004136428623749522,0.004127897121410484,False
2007-05-10,3703.525,3742.231,3671.813,3724.51,11541992200.0,0.006277022768087948,0.006257404314856885,False
2007-05-11,3696.294,3715.366,3629.713,3702.612,8896176100.0,-0.005879431119798384,-0.00589678302124419,False
2007-05-14,3648.269,3769.159,3620.861,3734.42,9109804900.0,0.008590692192430582,0.008554002174944841,False
2007-05-15,3739.049,3751.642,3600.207,3604.636,9357856800.0,-0.03475345569057575,-0.03537172394321608,False
2007-05-16,3597.997,3700.646,3557.198,3700.287,8622926800.0,0.026535550330185842,0.026189589444314265,False
2007-05-17,3716.438,3794.16,3705.275,3778.605,9025647800.0,0.021165385279574345,0.020944509688078483,False
2007-05-18,3771.271,3805.208,3746.242,3776.629,8241889800.0,-0.000522944314105378,-0.0005230810971728062,False
2007-05-21,3650.803,3843.837,3643.076,3831.443,9847865000.0,0.0145140017724803,0.014409681837067367,False
2007-05-22,3849.043,3893.192,3849.043,3870.489,10961818400.0,0.010190938505414193,0.010139361011004766,False
2007-05-23,3879.759,3939.492,3853.908,3938.945,9852317100.0,0.01768665406360803,0.01753206530801421,False
2007-05-24,3953.887,3972.584,3858.513,3919.748,11381426400.0,-0.0048736400228995835,-0.0048855549348605365,False
2007-05-25,3907.73,3996.853,3888.308,3985.252,9541661500.0,0.016711278378099825,0.016573181360396205,False
2007-05-28,4033.921,4091.935,4027.363,4072.578,11404185100.0,0.021912290615499375,0.021675666783094627,False
2007-05-29,4090.903,4168.529,4079.868,4168.289,11326722700.0,0.023501330115715424,0.02322942569404951,False
2007-05-30,3906.041,4104.2,3849.701,3886.459,13273914000.0,-0.06761287425128149,-0.07000717956416835,True
2007-05-31,3828.916,3991.73,3683.562,3927.952,12607824800.0,0.01067629942834869,0.0106197101632457,False
2007-06-01,3953.1,4014.153,3780.029,3803.954,11993793900.0,-0.03156810470189042,-0.03207711838243377,False
2007-06-04,3804.958,3822.409,3503.939,3511.431,9053101900.0,-0.07689972065908268,-0.08001740537431523,True
2007-06-05,3406.999,3635.153,3246.733,3634.633,11376803800.0,0.035085980615879864,0.03448449632577777,False
2007-06-06,3652.893,3712.528,3550.737,3677.58,9595151000.0,0.011816048552907521,0.01174678413843111,False
2007-06-07,3694.55,3802.304,3684.459,3802.304,9419058100.0,0.03391469390196811,0.03335227162091137,False
2007-06-08,3814.185,3861.206,3769.151,3837.867,8907474200.0,0.009353013330864579,0.009309544733056896,False
2007-06-11,3876.067,3937.793,3870.234,3931.862,9098227700.0,0.02449146882890929,0.024196361506373165,False
2007-06-12,3953.959,4036.355,3834.018,4036.109,9938977400.0,0.026513392382540246,0.02616800403815489,False
2007-06-13,4071.735,4146.522,4064.146,4118.268,10945294500.0,0.020355991376843408,0.02015157755972119,False
2007-06-14,4103.523,4132.004,4022.78,4075.821,8660918000.0,-0.01030700284682784,-0.01036048783133836,False
2007-06-15,4043.111,4115.725,4025.1,4099.381,6877960000.0,0.005780430494862321,0.005763787909915052,False
2007-06-18,4178.762,4246.4,4177.19,4227.569,8787291300.0,0.03127008687409161,0.03079113665799227,False
2007-06-19,4227.592,4254.715,4186.176,4253.0,8154047100.0,0.006015513880435641,0.005997492910962521,False
2007-06-20,4268.655,4292.198,4138.331,4157.599,8686301500.0,-0.022431460145779458,-0.022686872082809728,False
2007-06-21,4140.693,4208.872,4110.959,4197.28,7373947100.0,0.009544210492642424,0.009498952257217752,False
2007-06-22,4203.134,4220.923,3970.346,4051.426,7955237400.0,-0.034749647390691085,-0.03536777853424944,False
2007-06-25,4066.453,4105.986,3850.84,3877.59,7003104400.0,-0.04290736150678798,-0.04385509128074361,False
2007-06-26,3804.413,3929.371,3752.926,3928.213,5888511400.0,0.013055274023298091,0.012970788460373583,False
2007-06-27,3946.876,4053.413,3912.199,4040.484,6529052000.0,0.028580680324615804,0.028179871686287328,False
2007-06-28,4038.378,4067.811,3857.848,3858.522,6685798000.0,-0.0450347037632125,-0.04608027818075655,False
2007-06-29,3769.331,3867.748,3718.161,3764.078,5892087000.0,-0.024476729690798726,-0.02478126445289952,False
2007-07-02,3746.175,3801.904,3644.187,3757.655,4974731000.0,-0.0017063939695192154,-0.0017078515180468656,False
2007-07-03,3782.778,3835.289,3744.015,3832.227,4640912600.0,0.01984535568060397,0.019651003724067806,False
2007-07-04,3840.412,3848.076,3727.562,3743.582,3823371600.0,-0.023131458548775963,-0.023403189266538504,False
2007-07-05,3688.312,3706.597,3535.042,3537.435,4322552700.0,-0.05506677828881534,-0.05664101884116057,True
2007-07-06,3517.599,3712.742,3475.271,3710.283,5136651200.0,0.048862523268978775,0.047706265791358504,False
2007-07-09,3743.869,3840.988,3722.231,3821.302,5407311300.0,0.02992197630207727,0.029483048209248963,False
2007-07-10,3832.756,3852.933,3764.249,3775.621,5190786800.0,-0.011954302486430035,-0.012026329759786236,False
2007-07-11,3751.489,3797.811,3732.294,3789.874,3362890700.0,0.003775008137734126,0.003767900676049152,False
2007-07-12,3799.185,3839.206,3780.028,3816.921,3136811900.0,0.007136648870120776,0.007111303507432609,False
2007-07-13,3825.033,3829.679,3773.929,3820.124,2689324200.0,0.0008391580543585242,0.0008388061580877348,False
2007-07-16,3824.911,3830.372,3697.217,3697.966,2993185700.0,-0.03197749601845379,-0.03249994406096768,False
2007-07-17,3684.335,3812.253,3650.253,3789.651,3255385000.0,0.024793359376478863,0.0244909916579239,False
2007-07-18,3776.94,3861.509,3756.704,3807.574,4597582300.0,0.0047294592562745486,0.004718310501747425,False
2007-07-19,3796.915,3836.385,3778.509,3806.997,3025846700.0,-0.00015154006199225023,-0.00015155154534873816,False
2007-07-20,3808.082,3971.892,3808.082,3971.884,5527112100.0,0.043311565520014916,0.04239985194746687,False
2007-07-23,4009.063,4157.392,4009.063,4156.723,8527618600.0,0.04653685757187276,0.04548648213261153,False
2007-07-24,4187.327,4241.581,4143.588,4161.352,7609073500.0,0.0011136176261925534,0.0011129980140491824,False
2007-07-25,4163.364,4256.054,4163.348,4255.463,6459776600.0,0.02261548650534717,0.022363547794489236,False
2007-07-26,4282.676,4325.931,4244.079,4303.185,6549024300.0,0.011214290900896318,0.011151876926193793,False
2007-07-27,4277.551,4318.343,4225.029,4307.143,6502110900.0,0.0009197838345318399,0.0009193610925812834,False
2007-07-30,4305.178,4426.307,4303.732,4410.297,7544158300.0,0.023949518276964454,0.02366722684445044,False
2007-07-31,4402.518,4467.647,4359.592,4460.564,7137504200.0,0.011397645101905995,0.011333181306186546,False
2007-08-01,4479.299,4496.249,4271.055,4290.477,7936166500.0,-0.03813127667263616,-0.03887729986591637,False
2007-08-02,4311.599,4449.402,4303.975,4436.192,6288753800.0,0.03396242422462592,0.033398435217623756,False
2007-08-03,4472.894,4599.248,4472.894,4598.379,7819047300.0,0.03655995953286051,0.03590749929857395,False
2007-08-06,4642.78,4704.188,4623.489,4703.984,7616427100.0,0.02296570160919753,0.022705959143703325,False
2007-08-07,4715.389,4771.584,4634.868,4724.547,8384713300.0,0.0043714009231321516,0.004361874103723906,False
2007-08-08,4680.071,4741.448,4579.404,4668.087,8898800100.0,-0.011950352065499437,-0.012022331550955556,False
2007-08-09,4666.421,4779.143,4666.204,4777.286,7202578600.0,0.023392665989301342,0.0231232510443391,False
2007-08-10,4765.852,4771.606,4631.043,4726.683,7496288100.0,-0.010592415861223281,-0.010648914825976519,False
2007-08-13,4724.516,4767.08,4663.199,4721.192,8576316700.0,-0.001161702614708826,-0.0011623779142411195,False
2007-08-14,4721.446,4803.567,4704.148,4795.568,6115791100.0,0.01575364865483131,0.01563084795882652,False
2007-08-15,4804.676,4836.587,4697.97,4798.75,6346642700.0,0.0006635293254104724,0.0006633092871570767,False
2007-08-16,4772.356,4772.97,4665.21,4721.942,6359479400.0,-0.01600583485282625,-0.016135311675947506,False
2007-08-17,4694.2,4774.988,4616.966,4626.583,6365212000.0,-0.02019486897551903,-0.020401572983372418,False
2007-08-20,4749.204,4885.835,4747.27,4885.427,6781220400.0,0.055947121233964614,0.05443810944124827,True
2007-08-21,4915.524,4995.527,4909.844,4972.711,7444059300.0,0.017866196752095664,0.017708472114529528,False
2007-08-22,4899.93,5075.892,4887.139,5051.688,7402892500.0,0.01588208122289836,0.01575728063211379,False
2007-08-23,5075.51,5154.846,5028.124,5135.93,6805188200.0,0.01667601007821551,0.016538492149848594,False
2007-08-24,5161.15,5231.154,5158.033,5217.581,7376987500.0,0.015897997052140456,0.015772947513989166,False
2007-08-27,5250.619,5296.571,5191.28,5243.147,8263145400.0,0.00489997184519031,0.004888006055253413,False
2007-08-28,5220.639,5270.302,5136.614,5251.77,7506678900.0,0.001644622971662013,0.0016432720602583828,False
2007-08-29,5215.655,5283.333,5138.336,5171.822,7292945600.0,-0.015223058130877876,-0.01534011841004812,False
2007-08-30,5193.726,5247.572,5175.997,5241.228,6729849000.0,0.013420028763557523,0.013330777791304982,False
2007-08-31,5255.091,5307.417,5219.989,5296.813,6678035700.0,0.01060533905413008,0.010549496915475132,False
2007-09-03,5335.049,5433.745,5335.049,5419.169,8284916600.0,0.023099928202109377,0.02283716372594924,False
2007-09-04,5421.254,5429.206,5333.494,5360.333,7991483200.0,-0.010857015162287875,-0.010916382644884592,False
2007-09-05,5357.553,5389.325,5265.064,5363.251,6536490200.0,0.0005443691651247917,0.000544221049979754,False
2007-09-06,5389.486,5448.84,5365.497,5412.037,7060857400.0,0.009096348464765036,0.009055225875878037,False
2007-09-07,5382.911,5402.715,5284.65,5294.795,7929888000.0,-0.02166319262044958,-0.02190128441014494,False
2007-09-10,5226.736,5380.456,5182.101,5377.222,6509567200.0,0.015567552662567596,0.015447621403946954,False
2007-09-11,5384.559,5413.999,5104.347,5124.092,6880669000.0,-0.04707449311187084,-0.04821854534207226,False
2007-09-12,5102.576,5212.652,5059.464,5202.856,6157225300.0,0.015371308711865428,0.015254366988420642,False
2007-09-13,5230.645,5351.575,5212.03,5349.97,5974692900.0,0.028275624003432087,0.0278832478309603,False
2007-09-14,5362.465,5405.854,5274.221,5397.278,6029562600.0,0.00884266640747522,0.008803798992550682,False
2007-09-17,5389.501,5504.771,5387.68,5498.908,6940313200.0,0.01882986201563086,0.01865477466301435,False
2007-09-18,5524.099,5533.532,5405.184,5476.839,7162181000.0,-0.0040133422854138345,-0.0040214173561547994,False
2007-09-19,5487.377,5498.594,5385.424,5419.268,5588006500.0,-0.010511720355482423,-0.010567358734761001,False
2007-09-20,5436.641,5501.399,5430.309,5494.915,5671213600.0,0.013958896293742917,0.013862368147911752,False
2007-09-21,5508.505,5516.107,5357.504,5468.098,6110635600.0,-0.004880330268985045,-0.004892277969084091,False
2007-09-24,5481.382,5541.134,5400.679,5513.895,5418481700.0,0.008375307099470541,0.00834042882382846,False
2007-09-25,5524.016,5540.873,5423.525,5454.615,4532623000.0,-0.01075102083010293,-0.010809230640413503,False
2007-09-26,5433.63,5489.858,5338.305,5361.021,3917115600.0,-0.01715868122681441,-0.017307597325089574,False
2007-09-27,5364.529,5429.052,5338.044,5427.657,3375905600.0,0.012429721875739874,0.012353107096441107,False
2007-09-28,5479.853,5590.849,5479.853,5580.813,4851462000.0,0.028217700565824178,0.02782691559109196,False
2007-10-08,5703.28,5715.907,5617.097,5653.136,6644970300.0,0.01295922296625962,0.012875970721159646,False
2007-10-09,5638.633,5682.967,5582.771,5675.927,5363349000.0,0.004031567611322062,0.004023462619199947,False
2007-10-10,5694.986,5776.209,5653.789,5685.759,6399445500.0,0.0017322280571967497,0.001730729480510007,False
2007-10-11,5695.128,5761.216,5650.104,5760.078,6514110100.0,0.01307107810936059,0.012986388757017409,False
2007-10-12,5777.898,5796.28,5485.564,5737.221,7800106400.0,-0.003968175430957843,-0.003976069529450399,False
2007-10-15,5761.869,5824.976,5690.07,5821.447,7068211100.0,0.014680626735487534,0.014573909517389794,False
2007-10-16,5851.538,5885.484,5815.609,5877.202,6469204900.0,0.00957751569326315,0.009531942046978159,False
2007-10-17,5862.378,5891.723,5797.611,5824.117,4886976800.0,-0.009032359275723434,-0.009073398339385363,False
2007-10-18,5813.239,5813.239,5593.988,5615.747,4859563000.0,-0.03577709719773825,-0.03643278412712725,False
2007-10-19,5651.032,5711.497,5563.783,5614.06,3846645700.0,-0.0003004052711064187,-0.00030045040180759486,False
2007-10-22,5543.793,5594.497,5465.854,5472.677,3586749900.0,-0.025183735122175532,-0.025506272021676324,False
2007-10-23,5467.832,5541.957,5373.05,5540.09,4189680000.0,0.012318103187891394,0.012242852686899397,False
2007-10-24,5564.478,5644.973,5553.326,5588.014,4466123800.0,0.008650400986265572,0.008613200645623209,False
2007-10-25,5549.664,5556.552,5312.85,5333.792,5082170600.0,-0.04549415946345159,-0.04656151688634047,False
2007-10-26,5279.1,5428.576,5266.372,5394.807,3589596500.0,0.011439328717730124,0.011374394331625126,False
2007-10-29,5428.683,5509.345,5428.683,5508.357,3523397700.0,0.021048018956007164,0.02082956937532643,False
2007-10-30,5529.965,5597.265,5467.523,5596.068,3919392100.0,0.015923259875857854,0.015797814685383216,False
2007-10-31,5663.756,5691.865,5590.54,5688.543,5032946900.0,0.01652499576488342,0.016389943813331698,False
2007-11-01,5701.487,5702.211,5604.79,5605.232,4661247900.0,-0.014645402170643695,-0.01475370479740512,False
2007-11-02,5514.852,5565.66,5448.986,5472.93,4328950000.0,-0.023603304912267586,-0.0238863252624526,False
2007-11-05,5438.811,5494.616,5333.382,5360.305,3369501800.0,-0.02057855664150643,-0.020793245570819963,False
2007-11-06,5331.31,5406.105,5295.795,5317.549,2705785400.0,-0.007976411790000859,-0.008008393542468184,False
2007-11-07,5348.556,5388.639,5231.614,5350.629,3006134900.0,0.006220911175430555,0.006201641184148343,False
2007-11-08,5321.863,5321.863,5090.959,5093.669,3605489300.0,-0.0480242603252814,-0.049215728050443275,False
2007-11-09,5042.756,5129.113,4962.302,5040.525,3458382600.0,-0.010433343823479713,-0.010488152715135257,False
2007-11-12,4916.817,5018.107,4795.431,4978.252,3841392200.0,-0.012354467044603301,-0.012431417920804932,False
2007-11-13,5024.521,5082.639,4866.156,4939.244,3686207900.0,-0.007835682082787399,-0.007866542352854111,False
2007-11-14,5013.782,5147.014,4924.816,5145.888,3523154200.0,0.04183717184249258,0.040985666094124795,False
2007-11-15,5129.813,5170.968,5069.519,5081.113,3175946400.0,-0.012587720525592427,-0.012667617064552772,False
2007-11-16,4999.843,5021.711,4917.489,5007.662,2331099100.0,-0.014455691105472401,-0.014561192573557591,False
2007-11-19,5017.404,5033.947,4968.733,4994.416,2554810100.0,-0.0026451465773847938,-0.00264865115904378,False
2007-11-20,4964.564,5099.515,4916.471,5069.382,3356271400.0,0.015009963126819903,0.014898428334067404,False
2007-11-21,5087.248,5135.247,4993.289,4997.62,2680312200.0,-0.014155966151298105,-0.014257117572215705,False
2007-11-22,4902.627,4949.335,4759.906,4772.617,2650771600.0,-0.045022030486511544,-0.046067007339752664,False
2007-11-23,4733.365,4857.052,4711.792,4856.161,2014630500.0,0.017504861588516274,0.017353416297169133,False
2007-11-26,4931.599,4954.18,4795.352,4800.082,2362227600.0,-0.011548010867020175,-0.011615206966293812,False
2007-11-27,4759.006,4806.828,4708.798,4711.152,2088684000.0,-0.01852676683440002,-0.018700536991948624,False
2007-11-28,4724.467,4760.659,4619.514,4648.751,2248236800.0,-0.013245380323114175,-0.013333882740601766,False
2007-11-29,4708.384,4847.576,4637.482,4842.07,3687299000.0,0.041585148354902124,0.040743733878676025,False
2007-11-30,4841.076,4841.076,4723.787,4737.408,2938369600.0,-0.021615135675444486,-0.021852164552468523,False
2007-12-03,4714.921,4809.267,4689.518,4772.674,2225593400.0,0.007444155116046458,0.007416584137233784,False
2007-12-04,4786.641,4886.577,4786.641,4829.214,2264359200.0,0.01184660842119123,0.011776986670637868,False
2007-12-05,4829.953,4970.17,4815.61,4965.947,3176916500.0,0.028313717304720765,0.027920292952734016,False
2007-12-06,4986.251,4999.932,4928.132,4971.055,2371159100.0,0.0010286054200738803,0.0010280767680050928,False
2007-12-07,4979.841,5041.778,4977.868,5041.35,2719822300.0,0.014140861446916286,0.014041812135287657,False
2007-12-10,4961.67,5138.685,4944.828,5133.562,4278069100.0,0.018291132335584548,0.01812586185508458,False
2007-12-11,5162.088,5181.406,5068.03,5140.0,4058645700.0,0.0012540999797021612,0.0012533142531747643,False
2007-12-12,5108.578,5130.719,5033.716,5077.39,3982825100.0,-0.01218093385214003,-0.012255729434169638,False
2007-12-13,5051.784,5067.39,4881.34,4884.298,3681959000.0,-0.03802977514037731,-0.03877178008480442,False
2007-12-14,4827.392,4979.185,4800.238,4977.652,3072792500.0,0.019113084418682202,0.018932723960238818,False
2007-12-17,4976.239,4977.572,4855.167,4857.289,3701452200.0,-0.024180677958202,-0.02447783056483921,False
2007-12-18,4827.26,4882.995,4799.004,4829.909,2293007600.0,-0.005636889219480246,-0.005652836436214059,False
2007-12-19,4877.769,4961.593,4865.352,4946.285,3210185800.0,0.0240948638990921,0.023809162852904464,False
2007-12-20,4968.031,5048.061,4935.401,5037.195,3131991700.0,0.018379450436034395,0.018212589773925814,False
2007-12-21,5016.459,5103.77,5014.703,5101.852,3725149400.0,0.012835913638443719,0.012754231532690952,False
2007-12-24,5142.156,5239.217,5129.601,5207.134,5031996700.0,0.020636035698409216,0.020425997370880467,False
2007-12-25,5217.558,5244.031,5180.587,5216.813,3897370500.0,0.0018587960286791105,0.0018570706051512786,False
2007-12-26,5231.969,5273.139,5194.745,5265.026,4146811500.0,0.009241849381988576,0.009199404802512134,False
2007-12-27,5286.98,5367.53,5260.103,5367.53,5234501800.0,0.01946884972647811,0.01928175610405347,False
2007-12-28,5379.518,5391.665,5323.821,5338.275,4536141500.0,-0.005450365438106508,-0.005465272871793658,False
2008-01-02,5349.763,5404.928,5283.448,5385.103,4566871000.0,0.008772122080634714,0.008733870553017553,False
2008-01-03,5381.147,5422.673,5315.948,5422.034,6464587800.0,0.00685799324544023,0.006834584174985281,False
2008-01-04,5430.63,5499.085,5422.456,5483.65,5174642000.0,0.011364001037249105,0.011299915830024432,False
2008-01-07,5480.442,5569.152,5455.501,5556.593,5348540900.0,0.013301906576823841,0.013214213022544996,False
2008-01-08,5575.95,5630.624,5485.234,5528.054,6489950100.0,-0.005136060891989036,-0.005149295789005137,False
2008-01-09,5507.116,5614.678,5490.305,5613.758,4679687200.0,0.015503466500146335,0.015384515621985173,False
2008-01-10,5631.645,5707.667,5602.594,5672.154,6422989300.0,0.010402300918564755,0.01034856928686878,False
2008-01-11,5688.563,5702.572,5629.638,5699.147,5616707900.0,0.004758862329901303,0.004747574741118754,False
2008-01-14,5717.525,5756.919,5679.287,5731.757,4984601000.0,0.005721908910228057,0.005705600968239466,False
2008-01-15,5743.431,5754.107,5652.04,5696.45,5088660800.0,-0.006159891286389163,-0.006178941689285011,False
2008-01-16,5642.566,5642.566,5498.39,5505.717,5577446900.0,-0.03348278313686592,-0.034056166873028815,False
2008-01-17,5445.803,5533.65,5226.639,5365.624,6193693300.0,-0.025445005618704997,-0.0257743281929681,False
2008-01-18,5358.183,5419.57,5307.496,5414.468,4391300500.0,0.009103135068726509,0.009061951280393998,False
2008-01-21,5424.64,5434.349,5122.463,5145.734,4783361700.0,-0.04963257701402968,-0.05090660812245851,False
2008-01-22,5015.428,5032.245,4708.388,4753.868,6077269200.0,-0.07615356720732158,-0.07920941942923854,True
2008-01-23,4787.171,4976.272,4751.499,4975.111,5577638500.0,0.046539575772823305,0.04548907945864045,False
2008-01-24,5034.533,5079.796,4926.374,5027.213,5660598700.0,0.010472530160633653,0.010418073088903412,False
2008-01-25,5022.896,5121.408,4966.519,5077.429,4714210800.0,0.009988834767892252,0.009939276106809558,False
2008-01-28,5038.507,5038.507,4711.277,4731.883,4142528300.0,-0.06805530909442559,-0.07048181057941783,True
2008-01-29,4742.901,4845.658,4688.728,4762.083,2906225600.0,0.006382237261572055,0.006361957028442333,False
2008-01-30,4817.161,4858.101,4606.144,4710.652,3409897600.0,-0.0108001057520416,-0.010858850241515228,False
2008-01-31,4693.607,4733.699,4614.282,4620.401,3085258000.0,-0.019158918977670192,-0.01934482945882543,False
2008-02-01,4623.621,4660.994,4414.119,4571.945,3512552800.0,-0.010487401418188602,-0.010542781749917296,False
2008-02-04,4695.546,4951.248,4695.546,4950.124,4095314500.0,0.08271731177868502,0.07947391065796516,True
2008-02-05,4942.875,4995.574,4878.119,4921.829,3279635600.0,-0.005716018427013192,-0.005732417381349109,False
2008-02-13,4858.814,4883.244,4785.8,4816.084,2147565900.0,-0.02148489921124852,-0.021719059675664454,False
2008-02-14,4858.849,4913.318,4842.847,4880.252,1983778900.0,0.013323687875876011,0.013235708161175808,False
2008-02-15,4846.024,4846.024,4742.101,4813.311,2426260100.0,-0.013716709710892117,-0.013811652979443423,False
2008-02-18,4875.215,4944.88,4845.308,4910.992,3059007800.0,0.02029393072668695,0.020090753163040986,False
2008-02-19,4926.839,5020.753,4885.695,5020.753,3617696500.0,0.022350066951849934,0.02210396439511264,False
2008-02-20,5032.777,5062.261,4901.661,4908.717,3955772200.0,-0.022314581099687647,-0.022567318256353275,False
2008-02-21,4878.569,4924.449,4796.099,4876.03,3340361600.0,-0.006658970154522992,-0.006681240014225764,False
2008-02-22,4850.882,4850.882,4649.813,4702.241,3791862700.0,-0.03564149523280202,-0.03629216059458962,False
2008-02-25,4704.316,4722.636,4510.695,4519.783,3365200100.0,-0.03880234977322505,-0.0395752197474728,False
2008-02-26,4637.6,4668.831,4394.594,4515.533,3327639000.0,-0.0009403106299572528,-0.0009407529993303854,False
2008-02-27,4543.097,4660.408,4500.89,4639.768,2959239300.0,0.027512809672745053,0.02714113414533159,False
2008-02-28,4651.157,4670.173,4582.823,4622.056,2539817100.0,-0.003817432250923014,-0.0038247372422173243,False
2008-02-29,4616.24,4683.159,4597.627,4674.55,2335085800.0,0.011357283425384779,0.011293273677281945,False
2008-03-03,4648.735,4803.9,4611.7,4790.744,3925841100.0,0.02485672417665863,0.02455282152899052,False
2008-03-04,4813.401,4836.657,4657.381,4671.148,4512977700.0,-0.02496397219304547,-0.025280857070105966,False
2008-03-05,4650.518,4689.967,4519.743,4628.724,3941799300.0,-0.009082135697691451,-0.009123629719404391,False
2008-03-06,4645.069,4746.584,4592.621,4685.03,4440226800.0,0.012164475566052158,0.012091082922371044,False
2008-03-07,4641.755,4693.207,4597.009,4621.685,2869094500.0,-0.013520724520440508,-0.013612961870338225,False
2008-03-10,4588.727,4588.765,4406.232,4431.589,3178035500.0,-0.04113131898863731,-0.04200114672688038,False
2008-03-11,4393.282,4441.184,4315.183,4441.184,2627659200.0,0.0021651376063980265,0.002162797073744116,False
2008-03-12,4534.811,4553.336,4308.35,4309.648,2714564400.0,-0.029617327271286187,-0.030064777314770197,False
2008-03-13,4266.273,4296.364,4121.275,4198.96,3445130700.0,-0.02568376814069273,-0.026019354667747407,False
2008-03-14,4179.438,4212.408,4092.791,4157.871,2342788500.0,-0.009785518318821795,-0.009833711155520675,False
2008-03-17,4138.877,4138.877,3958.292,3965.279,2818096100.0,-0.04631985937033645,-0.047426946112389956,False
2008-03-18,3924.87,3996.959,3700.35,3763.948,3452375100.0,-0.050773476469121115,-0.05210781177376056,False
2008-03-19,3837.603,3954.466,3776.301,3888.861,3789847700.0,0.03318669652184347,0.03264790616153235,False
2008-03-20,3833.205,4044.692,3658.04,4001.832,4621294400.0,0.02904989404352576,0.028635943570996858,False
2008-03-21,3998.197,4083.163,3958.967,4037.83,4261516300.0,0.008995380115906837,0.008955162684980422,False
2008-03-24,4086.07,4103.574,3857.091,3857.091,3584243800.0,-0.044761418880933546,-0.04579414654069147,False
2008-03-25,3780.459,3937.671,3747.019,3905.774,3224586300.0,0.012621688210104454,0.012542698663335017,False
2008-03-26,3926.864,4001.552,3888.018,3914.37,2803676300.0,0.0022008441860690287,0.0021984258760703312,False
2008-03-27,3847.439,3873.611,3745.879,3748.92,3200066800.0,-0.042267338039071345,-0.04318659845124273,False
2008-03-28,3712.98,3925.856,3661.381,3918.156,4209677700.0,0.045142601069107835,0.044153336460119874,False
2008-03-31,3802.206,3891.66,3780.122,3790.53,2944084100.0,-0.03257297565487427,-0.03311528395642327,False
2008-04-01,3776.268,3815.157,3566.209,3582.855,3530346200.0,-0.05478785288600807,-0.05634588238294924,True
2008-04-02,3621.388,3698.526,3493.184,3547.977,4276588400.0,-0.009734694817401301,-0.009782386722148928,False
2008-04-03,3518.223,3665.651,3457.617,3650.698,3298949300.0,0.02895199151516481,0.02854080028748207,False
2008-04-07,3611.958,3854.068,3578.377,3845.822,4048498200.0,0.0534484090439693,0.05206898205583954,True
2008-04-08,3852.011,3935.333,3820.1,3891.059,4406792200.0,0.011762634880137401,0.011693992840301703,False
2008-04-09,3857.275,3911.697,3687.597,3688.125,3899716800.0,-0.05215392519105988,-0.05356315825528135,True
2008-04-10,3641.66,3754.715,3608.316,3754.715,2880439600.0,0.01805524487375032,0.01789418470474402,False
2008-04-11,3794.297,3825.295,3755.015,3783.728,2632859000.0,0.007727084479114854,0.007697383465220753,False
2008-04-14,3699.142,3710.786,3525.185,3536.327,3342704600.0,-0.0653855139692916,-0.0676211491240668,True
2008-04-15,3513.068,3583.861,3417.249,3583.299,3065688600.0,0.013282708301579405,0.013195266589116628,False
2008-04-16,3573.664,3583.808,3483.185,3494.016,2652812000.0,-0.024916424780628055,-0.025232093484166995,False
2008-04-17,3493.238,3559.1,3340.875,3386.63,2953061800.0,-0.030734261090962334,-0.031216464328181814,False
2008-04-18,3356.562,3390.551,3248.528,3272.499,2788816200.0,-0.033700463292417604,-0.03428141342686608,False
2008-04-21,3516.425,3516.425,3223.886,3267.554,4136230700.0,-0.0015110776198861142,-0.0015122204490882751,False
2008-04-22,3207.881,3301.548,3122.39,3296.277,3253796900.0,0.008790367351235728,0.008751957002084865,False
2008-04-23,3267.359,3467.431,3245.296,3453.727,4427255300.0,0.0477660099560806,0.04666028802706457,False
2008-04-24,3739.321,3781.477,3659.726,3774.504,9657489600.0,0.09287850487314131,0.08881504553483666,True
2008-04-25,3781.912,3915.841,3737.984,3803.07,8481449100.0,0.0075681467021893045,0.007539651957898741,False
2008-04-28,3740.951,3791.77,3711.185,3729.154,4883123500.0,-0.019435876804791974,-0.019627237018841726,False
2008-04-29,3704.927,3797.528,3702.021,3776.943,4454044000.0,0.012814970902247591,0.0127335539950586,False
2008-04-30,3793.853,3970.575,3793.853,3959.119,6990977700.0,0.04823371705636004,0.047106573493627124,False
2008-05-05,4015.212,4061.472,3972.561,4055.779,6253407300.0,0.024414522523824145,0.02412125185717784,False
2008-05-06,4021.073,4075.575,3961.344,4010.888,5845928000.0,-0.011068403875063249,-0.011130114438028471,False
2008-05-07,3986.129,4042.407,3821.107,3821.319,5445770600.0,-0.04726359848492401,-0.04841701220845529,False
2008-05-08,3774.044,3926.004,3761.28,3925.041,4405566800.0,0.02714298387546288,0.026781146061257033,False
2008-05-09,3960.886,3973.058,3806.519,3878.924,5365592900.0,-0.011749431407213407,-0.011819001452321842,False
2008-05-12,3804.985,3952.789,3766.577,3904.92,4538266000.0,0.006701858556651397,0.006679500938734151,False
2008-05-13,3786.534,3923.171,3778.718,3851.687,5033801200.0,-0.013632289521936514,-0.013726062381843818,False
2008-05-14,3843.47,3975.795,3843.47,3975.782,5060690100.0,0.03221835003726947,0.03171022417306624,False
2008-05-15,4006.658,4038.852,3948.062,3948.088,5077297500.0,-0.006965673671242567,-0.006990047227530383,False
2008-05-16,3948.034,3982.221,3882.895,3936.121,3972175200.0,-0.0030310874529646537,-0.0030356905023882774,False
2008-05-19,3926.314,3936.277,3865.5,3914.072,2970958100.0,-0.005601707874326012,-0.00561745627939203,False
2008-05-20,3911.096,3946.441,3698.554,3710.818,3970262900.0,-0.05192903962931694,-0.05332592681674875,True
2008-05-21,3668.181,3801.067,3591.566,3783.049,4359616200.0,0.01946498049756129,0.019277960758799395,False
2008-05-22,3732.641,3783.849,3704.157,3711.444,4074271700.0,-0.018927854225520235,-0.019109279027683,False
2008-05-23,3697.89,3741.06,3629.009,3675.147,3344043100.0,-0.009779751492949962,-0.009827887357557685,False
2008-05-26,3643.012,3643.012,3555.762,3559.217,2818019000.0,-0.03154431645863409,-0.03205255501229587,False
2008-05-27,3549.986,3594.657,3533.466,3576.197,2476269300.0,0.004770712210016903,0.004759368426830335,False
2008-05-28,3583.284,3697.996,3561.733,3676.23,3103491400.0,0.027971893047278984,0.02758782526549375,False
2008-05-29,3666.196,3677.02,3578.732,3580.868,2942274000.0,-0.025940161524170113,-0.026282541419897498,False
2008-05-30,3585.605,3620.225,3552.662,3611.33,2859084700.0,0.00850687598649258,0.00847089642209653,False
2008-06-02,3600.234,3650.478,3580.58,3625.826,2825335800.0,0.004014033610885814,0.004005998871937422,False
2008-06-03,3624.572,3641.429,3585.124,3614.111,3473514100.0,-0.003230987918339201,-0.0032362188301853223,False
2008-06-04,3601.54,3605.058,3513.641,3546.916,2941765300.0,-0.018592400731466063,-0.01876741206251431,False
2008-06-05,3529.978,3542.244,3487.792,3512.138,2398927900.0,-0.009805137759112514,-0.009853524675740744,False
2008-06-06,3519.116,3532.297,3470.563,3489.502,2094422900.0,-0.006445077044239134,-0.0064659362276255905,False
2008-06-10,3344.453,3352.321,3188.796,3206.562,3294996100.0,-0.0810832032765707,-0.08455969747876324,True
2008-06-11,3155.943,3181.818,3097.395,3140.299,2940973500.0,-0.020664811720465748,-0.02088131682747374,False
2008-06-12,3123.64,3148.742,3022.876,3084.633,3145410900.0,-0.01772633752391095,-0.01788533075881027,False
2008-06-13,3087.337,3108.988,2975.661,2979.117,2531983700.0,-0.03420698669825539,-0.034805739673496205,False
2008-06-16,2981.085,3012.993,2900.075,2952.242,2681379400.0,-0.009021129415192508,-0.009062066186405815,False
2008-06-17,2950.399,2977.889,2820.643,2842.676,2646377800.0,-0.03711281121263099,-0.037819019645918495,False
2008-06-18,2820.237,3007.18,2759.107,2991.273,4256009500.0,0.052273632309837614,0.050953187252020804,True
2008-06-19,2967.402,2967.402,2768.225,2773.076,3631903900.0,-0.07294452896810155,-0.07574187590571935,True
2008-06-20,2795.465,2946.939,2691.868,2849.668,5167590500.0,0.027619870497599175,0.027245322868505006,False
2008-06-23,2798.428,2845.479,2771.363,2789.941,2663149300.0,-0.020959283677958407,-0.021182047610589727,False
2008-06-24,2775.69,2865.903,2770.987,2851.915,3179245600.0,0.022213372970969703,0.021970249805079334,False
2008-06-25,2844.922,2973.173,2834.945,2969.537,4242526100.0,0.04124316468057421,0.04041534994490714,False
2008-06-26,2964.516,3010.278,2922.786,2980.907,4259931200.0,0.0038288797209802272,0.0038215682183206923,False
2008-06-27,2886.18,2899.836,2787.252,2816.021,4088655600.0,-0.05531403696928483,-0.056902720970223086,True
2008-06-30,2782.844,2834.272,2747.614,2791.819,2529540600.0,-0.00859439613554025,-0.008631540935887472,False
2008-07-01,2799.195,2809.381,2690.181,2698.347,2885158500.0,-0.0334806805168959,-0.03405399141495469,False
2008-07-02,2702.634,2745.939,2670.064,2699.597,2791636500.0,0.0004632465728091617,0.00046313930724117824,False
2008-07-03,2654.479,2807.682,2617.258,2760.612,4566030500.0,0.022601521634525445,0.022349891668254074,False
2008-07-04,2751.213,2783.847,2716.022,2741.852,3790501000.0,-0.006795594600038091,-0.006818789796180447,False
2008-07-07,2747.611,2890.985,2747.611,2882.763,5273202400.0,0.051392635342826676,0.050115604758958376,False
2008-07-08,2900.571,2939.143,2841.073,2901.841,5424807800.0,0.006617956453582874,0.00659615391905799,False
2008-07-09,2926.996,3015.271,2926.996,3015.126,6935696800.0,0.03903901006292232,0.038296257189861294,False
2008-07-10,2970.984,3056.905,2950.2,2973.728,6164955400.0,-0.013730106138184706,-0.013825235809453496,False
2008-07-11,2962.861,2988.197,2913.872,2953.498,4428710100.0,-0.006802908672212116,-0.006826153939014645,False
2008-07-14,2927.24,2996.592,2917.023,2975.874,3457504300.0,0.007576101287354753,0.007547546762624258,False
2008-07-15,2987.061,2997.666,2849.199,2852.979,4729275900.0,-0.041297111369634654,-0.04217406583356276,False
2008-07-16,2818.763,2824.881,2702.659,2745.596,3940311500.0,-0.037638903055367656,-0.03836553809730869,False
2008-07-17,2790.259,2812.992,2705.809,2718.068,3268733500.0,-0.01002623838321437,-0.010076839622112033,False
2008-07-18,2746.536,2818.064,2690.069,2815.462,4020340200.0,0.035832068954860574,0.03520503509496287,False
2008-07-21,2792.829,2915.293,2780.282,2911.051,4511957700.0,0.03395144384829196,0.03338781545584002,False
2008-07-22,2905.276,2931.447,2890.252,2904.743,3881497600.0,-0.002166914973320666,-0.0021692661306902394,False
2008-07-23,2923.049,2941.972,2879.185,2883.32,3882123300.0,-0.00737517914665764,-0.007402510244459037,False
2008-07-24,2905.043,2979.748,2902.976,2977.362,4853866500.0,0.03261587336820049,0.0320952655786515,False
2008-07-25,2939.321,2967.719,2916.684,2939.202,4057108100.0,-0.012816714930868334,-0.012899557630420944,False
2008-07-28,2959.113,2997.604,2946.492,2960.851,3930864000.0,0.007365604677732174,0.007338611080003332,False
2008-07-29,2921.248,2921.248,2881.05,2905.63,3603627500.0,-0.018650381258631388,-0.01882649275435977,False
2008-07-30,2940.02,2949.943,2866.031,2884.384,2981080000.0,-0.0073120115086917625,-0.007338875297170588,False
2008-07-31,2894.246,2899.069,2804.698,2805.21,2794096600.0,-0.02744918845757016,-0.02783295648175521,False
2008-08-01,2786.123,2868.679,2748.755,2840.788,3403149100.0,0.01268282944948873,0.01260307599313304,False
2008-08-04,2816.936,2832.895,2767.529,2773.15,2278232400.0,-0.023809590860000784,-0.02409762026491702,False
2008-08-05,2780.761,2792.742,2695.372,2703.079,3046923500.0,-0.025267655914753995,-0.025592364558423952,False
2008-08-06,2723.523,2749.099,2679.66,2721.693,2740402200.0,0.0068862212314180216,0.006862619499210076,False
2008-08-07,2717.661,2747.884,2683.409,2720.442,2337043900.0,-0.0004596403782499703,-0.00045974604526932694,False
2008-08-08,2719.375,2719.375,2581.811,2591.462,3089458100.0,-0.04741141329239884,-0.04857217188849461,False
2008-08-11,2579.805,2580.72,2442.794,2456.811,3212020600.0,-0.05195947306964166,-0.05335802771432885,True
2008-08-12,2431.383,2474.324,2413.597,2444.155,2419194400.0,-0.00515139341202886,-0.005164707583110051,False
2008-08-13,2427.495,2466.086,2369.58,2444.672,2755171100.0,0.00021152504648846993,0.00021150267822012125,False
2008-08-14,2429.977,2461.238,2410.491,2443.512,2015723600.0,-0.0004745012827895856,-0.0004746138941476019,False
2008-08-15,2440.39,2479.151,2412.949,2447.615,2042226100.0,0.001679140515782107,0.0016777323354810747,False
2008-08-18,2451.311,2452.626,2312.951,2313.402,2362310600.0,-0.05483419573748316,-0.056394912632640626,True
2008-08-19,2285.515,2356.191,2273.893,2348.472,1947710600.0,0.015159492383943762,0.015045735502923208,False
2008-08-20,2332.386,2533.303,2312.176,2532.94,4504341500.0,0.0785480942502188,0.0756157795015957,True
2008-08-21,2494.262,2535.862,2438.86,2443.979,3751804000.0,-0.035121637306845144,-0.03575323461063462,False
2008-08-22,2421.249,2437.432,2362.631,2404.928,2629824100.0,-0.015978451533339655,-0.016107483321428084,False
2008-08-25,2408.026,2439.907,2373.765,2400.548,1864319000.0,-0.0018212603454240694,-0.0018229208565019306,False
2008-08-26,2370.528,2390.655,2306.936,2331.532,2374193700.0,-0.02875010206002948,-0.029171482381395997,False
2008-08-27,2322.539,2367.717,2291.35,2325.292,2386258400.0,-0.002676351857920145,-0.002679939690518829,False
2008-08-28,2325.262,2363.563,2316.682,2335.865,2040029100.0,0.004546955823182541,0.004536649648890112,False
2008-08-29,2347.4,2418.051,2339.518,2391.64,2887784500.0,0.02387766416295456,0.023597050889511806,False
2008-09-01,2372.638,2372.638,2297.023,2309.171,2115280300.0,-0.03448219631717153,-0.03509073742565327,False
2008-09-02,2292.686,2309.206,2268.004,2285.411,1844049800.0,-0.010289406891044295,-0.010342708783275256,False
2008-09-03,2279.598,2296.032,2219.559,2245.964,2374947400.0,-0.017260352733053264,-0.01741104918801195,False
2008-09-04,2238.645,2270.411,2216.112,2251.146,1898478000.0,0.002307249804538447,0.002304592190776056,False
2008-09-05,2193.038,2221.093,2172.941,2183.432,2165448000.0,-0.030079790471164602,-0.030541469085797246,False
2008-09-08,2189.822,2198.761,2119.124,2126.518,2218655400.0,-0.026066302957912013,-0.0264120505087293,False
2008-09-09,2135.223,2150.988,2111.404,2139.145,1762429800.0,0.005937875907939594,0.005920316200080933,False
2008-09-10,2124.965,2181.253,2099.234,2143.176,2205784400.0,0.0018843977383486976,0.0018826244882532706,False
2008-09-11,2135.453,2141.995,2067.249,2072.126,2217678100.0,-0.03315173368869362,-0.03371370761812997,False
2008-09-12,2071.061,2102.979,2066.437,2077.846,1919702000.0,0.0027604498954212353,0.002756646850744282,False
2008-09-16,2050.316,2050.316,1987.298,2000.651,3356326100.0,-0.037151453957607994,-0.037859152613576086,False
2008-09-17,1981.252,2003.908,1923.55,1929.135,3286224200.0,-0.03574636455833635,-0.03640091167361792,False
2008-09-18,1876.965,1936.735,1804.77,1895.99,4782026300.0,-0.017181275545775643,-0.017330586365377876,False
2008-09-19,2065.779,2073.113,2046.222,2073.113,3652540400.0,0.09341979651791399,0.0893102127821308,True
2008-09-22,2228.366,2258.424,2130.315,2207.614,10199387300.0,0.06487875962381229,0.06286095195222607,True
2008-09-23,2141.6,2180.368,2118.92,2123.478,7836561700.0,-0.038111735113113054,-0.03885698382845071,False
2008-09-24,2072.652,2139.222,2050.967,2138.853,4532818000.0,0.007240480004973016,0.0072143935727986275,False
2008-09-25,2143.729,2256.271,2139.616,2223.532,7423791200.0,0.039590846121729806,0.038827218553790566,False
2008-09-26,2234.459,2257.161,2192.129,2243.657,5942994300.0,0.009050915390468761,0.009010201337661172,False
2008-10-06,2206.563,2206.563,2128.271,2128.696,4557526400.0,-0.05123822402443878,-0.05259753825387392,True
2008-10-07,2043.923,2136.124,2024.648,2102.448,4306532500.0,-0.012330553540759293,-0.012407205575842184,False
2008-10-08,2041.991,2073.067,2000.522,2022.881,3687470000.0,-0.03784493124205679,-0.03857964717173257,False
2008-10-09,2059.585,2063.304,1993.01,1995.297,3358231100.0,-0.01363599737206489,-0.013729821484110616,False
2008-10-10,1913.265,1938.215,1881.673,1906.96,3915159300.0,-0.04427260703544389,-0.0452825603975775,False
2008-10-13,1889.754,1985.63,1841.533,1985.486,4353812000.0,0.04117862986114029,0.04035336939934808,False
2008-10-14,2054.408,2060.488,1934.459,1934.619,5433194600.0,-0.02561942013189722,-0.025953312573943954,False
2008-10-15,1911.032,1930.634,1892.015,1914.356,3189239800.0,-0.010473896927508664,-0.0105291342243099,False
2008-10-16,1833.482,1866.902,1818.933,1820.903,4052964800.0,-0.0488169389601516,-0.05004874175419616,False
2008-10-17,1837.914,1851.332,1805.667,1833.262,2871542000.0,0.006787291799727813,0.006764361831193,False
2008-10-20,1828.414,1899.347,1802.095,1896.733,3327715200.0,0.03462189256091053,0.034036038774099886,False
2008-10-21,1901.244,1928.194,1880.517,1881.406,3890839500.0,-0.008080736719401238,-0.008113562831409737,False
2008-10-22,1854.6,1887.305,1832.446,1833.323,3296857200.0,-0.02555695049340756,-0.025889202474323803,False
2008-10-23,1794.681,1836.413,1779.134,1834.78,3575865600.0,0.0007947317521244113,0.000794416120062813,False
2008-10-24,1831.463,1840.884,1769.11,1781.598,3298066800.0,-0.028985491448566103,-0.029413868936905452,False
2008-10-27,1746.668,1746.668,1652.792,1654.671,3644184800.0,-0.07124334445817737,-0.07390851684736877,True
2008-10-28,1614.616,1716.306,1607.674,1705.82,4679280400.0,0.03091188520255672,0.030443736011505962,False
2008-10-29,1723.234,1731.256,1657.653,1658.223,3886948800.0,-0.02790270954731444,-0.02829938647235508,False
2008-10-30,1669.968,1723.929,1646.345,1697.656,4128429200.0,0.02378027563240881,0.023501929015171896,False
2008-10-31,1688.09,1696.647,1655.088,1663.66,2831453400.0,-0.020025258356227593,-0.020228481482555516,False
2008-11-03,1648.556,1684.559,1643.418,1653.542,2538109600.0,-0.006081771515814682,-0.006100340815976324,False
2008-11-04,1646.201,1648.451,1606.731,1627.759,2610016400.0,-0.015592588516046058,-0.01571543155823285,False
2008-11-05,1641.264,1714.661,1641.264,1691.42,4241820800.0,0.039109597919593675,0.03836419059599727,False
2008-11-06,1648.127,1661.441,1638.344,1649.776,3078418000.0,-0.024620732875335505,-0.024928891699300237,False
2008-11-07,1618.753,1690.105,1612.739,1677.827,3152159000.0,0.017002914335036978,0.016859982681822316,False
2008-11-10,1714.123,1803.119,1714.123,1801.665,6394886000.0,0.07380856309977135,0.07121173355059351,True
2008-11-11,1795.301,1824.929,1778.332,1781.361,6607285200.0,-0.011269575642530616,-0.01133355847050499,False
2008-11-12,1758.479,1806.23,1754.288,1801.823,4408796000.0,0.011486722792291904,0.011421251283746159,False
2008-11-13,1777.031,1891.942,1765.635,1874.082,8323455200.0,0.04010327318499107,0.03932000936266444,False
2008-11-14,1893.309,1943.654,1874.932,1943.654,9116872000.0,0.03712324220605079,0.03645076712904327,False
2008-11-17,1934.737,1987.225,1919.967,1987.225,8783662400.0,0.022417055710532763,0.02216948653498374,False
2008-11-18,1974.378,1994.82,1831.757,1839.819,9727835200.0,-0.07417680433770713,-0.07707199597611325,True
2008-11-19,1831.597,1959.522,1823.273,1953.163,8211740800.0,0.06160606016135284,0.05978291253629031,True
2008-11-20,1916.7,1976.95,1900.268,1932.428,8318704000.0,-0.010616113452896592,-0.010672866406550519,False
2008-11-21,1872.265,1968.892,1835.086,1920.735,8304932800.0,-0.006050936955995345,-0.006069318061133977,False
2008-11-24,1913.993,1923.933,1835.863,1837.642,5056151600.0,-0.04326104329852887,-0.044224697255121015,False
2008-11-25,1870.055,1883.104,1801.56,1834.294,4281459200.0,-0.0018219000218758774,-0.0018235617003021787,False
2008-11-26,1832.114,1865.652,1815.015,1843.495,4556563600.0,0.0050160988369365445,0.005003560125961037,False
2008-11-27,1961.891,1969.024,1870.045,1870.473,8800832000.0,0.014634159571900174,0.014528113602522374,False
2008-11-28,1851.103,1866.256,1815.447,1829.924,5159066000.0,-0.021678473840573975,-0.02191690412245162,False
2008-12-01,1823.769,1864.3,1799.839,1864.205,4838633200.0,0.018733564891219467,0.01856025282068785,False
2008-12-02,1821.543,1891.133,1814.903,1868.631,6135023600.0,0.002374202407997128,0.002371388442528932,False
2008-12-03,1884.601,1952.668,1884.601,1952.668,8501914400.0,0.044972495907431576,0.04399056536459778,False
2008-12-04,1980.445,2046.473,1978.141,1982.928,11918344000.0,0.015496745990613903,0.015377897691084108,False
2008-12-05,1969.741,2014.197,1965.089,2013.175,7436632800.0,0.015253705631268488,0.015138537546846464,False
2008-12-08,2040.474,2095.465,2033.978,2095.036,10760712800.0,0.040662634892644656,0.039857659195312145,False
2008-12-09,2104.124,2107.599,2038.072,2040.847,9250981600.0,-0.02586542665615299,-0.026205819232830052,False
2008-12-10,2028.514,2096.393,2014.283,2096.393,8327106400.0,0.027217130926522115,0.026853331118352308,False
2008-12-11,2087.43,2107.292,2043.62,2046.337,7355624000.0,-0.023877202413860377,-0.024166883284451046,False
2008-12-12,2027.069,2038.185,1936.28,1960.38,6738726400.0,-0.042005300202263784,-0.042913033596793326,False
2008-12-15,1991.551,2006.225,1941.054,1975.034,5045109600.0,0.00747508136177677,0.007447281393155869,False
2008-12-16,1956.995,1994.959,1919.869,1994.45,4792488000.0,0.009830716838292286,0.009782709714730053,False
2008-12-17,2002.029,2030.388,1995.65,2001.42,5868515200.0,0.003494697786357248,0.0034886055196761134,False
2008-12-18,2001.048,2045.945,1982.428,2045.102,5842922400.0,0.021825503892236586,0.021590737372337188,False
2008-12-19,2037.369,2075.384,2033.112,2052.114,6331122800.0,0.003428679840907556,0.0034228153194035826,False
2008-12-22,2050.77,2055.366,1993.326,2017.549,5294946400.0,-0.01684360615443392,-0.01698707296938462,False
2008-12-23,2019.231,2019.231,1918.432,1918.955,6359046400.0,-0.048868205927092734,-0.05010264131431974,False
2008-12-24,1893.225,1912.775,1872.647,1887.075,4420183200.0,-0.016613208751638187,-0.016752755812664333,False
2008-12-25,1891.526,1902.714,1848.708,1870.765,3991683200.0,-0.008643005709894958,-0.008680573103842626,False
2008-12-26,1868.344,1881.077,1850.502,1862.096,3456088800.0,-0.004633933177069283,-0.0046447031297880415,False
2008-12-29,1852.413,1861.302,1816.059,1854.757,3598687200.0,-0.003941257593593428,-0.003949044817006531,False
2008-12-30,1852.949,1867.408,1824.528,1833.435,3758462800.0,-0.011495845547422223,-0.011562433595696753,False
2008-12-31,1835.105,1844.416,1813.726,1817.722,3563135600.0,-0.00857025201329742,-0.00860718780720049,False
2009-01-05,1848.326,1882.959,1837.839,1882.959,4818702000.0,0.035889426435945726,0.035260406901672425,False
2009-01-06,1880.672,1948.489,1873.011,1942.795,7097409600.0,0.0317776435918149,0.03128318220834014,False
2009-01-07,1942.671,1959.246,1930.868,1931.178,5970216800.0,-0.005979529492303626,-0.005997478465489259,False
2009-01-08,1894.664,1902.796,1873.648,1887.991,5344648800.0,-0.022363034375909474,-0.022616878652751637,False
2009-01-09,1886.488,1923.423,1886.488,1918.365,4740721600.0,0.01608800041949343,0.015959959991579176,False
2009-01-12,1911.736,1947.083,1905.617,1920.687,5423415600.0,0.0012104057361346232,0.0012096737856897022,False
2009-01-13,1892.655,1908.196,1874.974,1876.185,4981813600.0,-0.02316983454357735,-0.023442474745583475,False
2009-01-14,1873.626,1955.244,1873.626,1955.244,5928323200.0,0.04213816867739584,0.041274534039098754,False
2009-01-15,1935.386,1977.191,1930.295,1954.874,7894364800.0,-0.00018923469398191006,-0.00018925260112556685,False
2009-01-16,1965.44,2026.647,1965.44,1990.214,9653863200.0,0.018077891465127616,0.017916429410627543,False
2009-01-19,2010.579,2052.19,1993.95,2012.465,8194817600.0,0.011180204741801703,0.011118168211922352,False
2009-01-20,2006.525,2025.19,1986.061,2025.19,5325926400.0,0.006323091333265474,0.006303184462500333,False
2009-01-21,1993.67,2047.105,1988.241,2021.71,6411742800.0,-0.0017183572899333033,-0.001719835359297761,False
2009-01-22,2034.286,2048.484,2012.738,2044.551,5886194800.0,0.011297861711125678,0.011234517527554999,False
2009-01-23,2039.522,2054.326,2025.188,2032.682,5750410800.0,-0.005805186566634868,-0.005822102159387832,False
2009-02-02,2052.439,2059.338,2029.717,2057.063,5145390400.0,0.01199449790965823,0.011923134002330471,False
2009-02-03,2056.795,2108.944,2049.889,2108.91,8764030400.0,0.025204381197853287,0.02489198900416234,False
2009-02-04,2118.563,2166.414,2117.024,2166.414,10088843200.0,0.027267166450915648,0.026902039715898773,False
2009-02-05,2164.546,2211.179,2135.67,2150.971,11510012000.0,-0.007128369739117346,-0.007153897955403998,False
2009-02-06,2158.084,2240.021,2158.084,2237.28,10666490400.0,0.04012559908989943,0.039341474217043704,False
2009-02-09,2271.593,2307.907,2257.49,2296.672,12952367200.0,0.0265465207752269,0.02620027625045296,False
2009-02-10,2288.071,2327.1,2263.532,2326.755,11629454400.0,0.013098518203731313,0.013013474440684902,False
2009-02-11,2287.232,2381.193,2275.574,2331.138,14757664000.0,0.0018837393709263406,0.0018819673589076658,False
2009-02-12,2335.401,2344.659,2248.484,2318.343,11982621600.0,-0.005488735544613821,-0.0055038539997323,False
2009-02-13,2321.56,2402.436,2307.09,2399.065,14040990400.0,0.03481883396891661,0.03422637175254728,False
2009-02-16,2421.187,2462.389,2397.181,2462.245,15234667200.0,0.026335259778288655,0.025994457289336914,False
2009-02-17,2460.569,2470.623,2384.787,2385.293,14101499200.0,-0.03125277947564109,-0.03175156745484209,False
2009-02-18,2331.662,2369.053,2272.505,2275.843,11542206400.0,-0.04588534825700674,-0.04697143473078924,False
2009-02-19,2295.653,2324.675,2259.593,2298.412,9085392800.0,0.009916764908651343,0.009867916475664096,False
2009-02-20,2300.806,2344.77,2276.298,2344.32,8663207200.0,0.01997379059977078,0.019776931475623982,False
2009-02-23,2333.809,2419.533,2307.921,2410.481,10946540000.0,0.028221829784329744,0.027830931482097476,False
2009-02-24,2376.697,2411.906,2294.522,2301.849,12701755200.0,-0.04506652406718825,-0.04611359963678474,False
2009-02-25,2325.039,2337.423,2226.444,2304.251,10787752800.0,0.0010435089356426452,0.001042964858659623,False
2009-02-26,2295.426,2332.346,2167.149,2190.185,10220038400.0,-0.049502419658275176,-0.0507696627257781,False
2009-02-27,2164.54,2186.819,2117.061,2140.489,8707641600.0,-0.022690320680673004,-0.02295170754301168,False
2009-03-02,2123.367,2177.294,2112.336,2164.666,6274618000.0,0.011295082572253312,0.011231769432463068,False
2009-03-03,2109.841,2168.222,2100.644,2142.154,6616731200.0,-0.010399756821606765,-0.01045421216986231,False
2009-03-04,2150.239,2290.94,2150.239,2285.149,11075003200.0,0.06675290385285093,0.06461936523164713,True
2009-03-05,2314.079,2340.371,2259.8,2304.919,13198734400.0,0.008651514627711299,0.00861430473563285,False
2009-03-06,2260.756,2313.2,2255.818,2286.576,8596544800.0,-0.007958197229490427,-0.007990032695497362,False
2009-03-09,2302.011,2333.98,2198.545,2202.527,8655595200.0,-0.0367575798923806,-0.037450164587943036,False
2009-03-10,2175.306,2241.238,2168.324,2240.782,5666044800.0,0.017368686059240135,0.01721957453620515,False
2009-03-11,2288.053,2292.396,2212.882,2220.38,7083867200.0,-0.009104857143622191,-0.009146559678840482,False
2009-03-12,2208.041,2220.303,2156.598,2215.7,5570011200.0,-0.0021077473225304955,-0.002109971748152084,False
2009-03-13,2229.25,2250.239,2200.974,2205.422,5408309600.0,-0.004638714627431373,-0.00464950685176202,False
2009-03-16,2197.248,2247.11,2180.051,2241.614,4877385600.0,0.016410464754591292,0.01627726831267129,False
2009-03-17,2244.11,2329.298,2239.668,2322.403,9298052800.0,0.03604054935417067,0.0354062833745834,False
2009-03-18,2335.417,2370.558,2328.856,2332.652,10187007200.0,0.004413101429855404,0.0044033922523167845,False
2009-03-19,2337.524,2386.228,2331.259,2382.564,9731876800.0,0.021397105097545444,0.021171400977874733,False
2009-03-20,2389.892,2397.207,2343.269,2379.838,10939673600.0,-0.0011441455507594789,-0.00114480058496369,False
2009-03-23,2384.67,2448.351,2375.522,2439.395,11631304800.0,0.025025653006633064,0.024717639600737584,False
2009-03-24,2477.567,2483.833,2440.527,2451.783,11199352800.0,0.005078308351045946,0.0050654572327903935,False
2009-03-25,2435.633,2472.938,2401.052,2401.327,9581665600.0,-0.02057930901715188,-0.02079401375487322,False
2009-03-26,2407.762,2479.826,2379.951,2479.789,11324945600.0,0.032674433760999655,0.03215197469369713,False
2009-03-27,2500.998,2516.384,2481.687,2498.931,13536854400.0,0.007719205142050267,0.007689564515040104,False
2009-03-30,2501.312,2508.138,2471.367,2484.487,9415166400.0,-0.0057800715585983875,-0.005796840821791882,False
2009-03-31,2436.778,2507.899,2423.571,2507.789,9546175200.0,0.009378998561876184,0.009335288844567913,False
2009-04-01,2519.886,2566.536,2519.886,2548.222,12630762400.0,0.016122967283132672,0.015994372623140407,False
2009-04-02,2558.768,2599.252,2558.264,2576.4,13514680000.0,0.011057906257774919,0.01099721461747638,False
2009-04-03,2597.916,2612.37,2555.615,2570.503,12365521600.0,-0.0022888526626300143,-0.002291476089742339,False
2009-04-07,2570.625,2597.062,2543.646,2576.95,8608325600.0,0.0025080694323249553,0.0025049294752435003,False
2009-04-08,2563.722,2573.093,2479.348,2479.348,9932809600.0,-0.037875007276043315,-0.03861090669012679,False
2009-04-09,2477.419,2517.741,2457.423,2517.669,7459370400.0,0.015456079582212734,0.015337851060857943,False
2009-04-10,2540.108,2595.598,2530.622,2595.53,10414440800.0,0.030925828613689976,0.030457261238093558,False
2009-04-13,2621.979,2668.282,2619.372,2656.518,13901454400.0,0.023497320393137455,0.0232255080338426,False
2009-04-14,2651.197,2682.908,2637.383,2676.872,11049130400.0,0.007661909311361681,0.007632705958320329,False
2009-04-15,2662.728,2690.642,2627.808,2686.99,12066529600.0,0.0037797847637093263,0.0037726593267137787,False
2009-04-16,2690.515,2706.625,2643.316,2687.106,12372961600.0,4.317098314476908e-05,4.317005130438645e-05,False
2009-04-17,2675.668,2693.291,2628.625,2650.691,10152880800.0,-0.013551754192056564,-0.013644417330596958,False
2009-04-20,2643.726,2708.452,2640.989,2707.667,9590369600.0,0.021494772495171954,0.02126701778341733,False
2009-04-21,2670.277,2697.719,2634.529,2675.442,10818524800.0,-0.011901389646511107,-0.01197277816467146,False
2009-04-22,2687.857,2713.305,2563.361,2576.281,12404641600.0,-0.03706340858818846,-0.03776771419942637,False
2009-04-23,2555.527,2604.162,2543.907,2593.564,8088794400.0,0.006708507340620118,0.0066861054383240415,False
2009-04-24,2605.703,2609.874,2570.379,2572.888,7336096800.0,-0.007972041561341792,-0.008003988184485777,False
2009-04-27,2566.92,2576.519,2499.442,2513.292,7203939200.0,-0.023163075889817253,-0.02343555580448431,False
2009-04-28,2490.526,2531.544,2485.802,2518.531,5926498400.0,0.0020845170398027246,0.002082347448667754,False
2009-04-29,2518.854,2615.81,2514.141,2605.37,8188500800.0,0.03448002029754638,0.03389890462647305,False
2009-04-30,2616.485,2640.017,2604.452,2622.926,8580934400.0,0.006738390324598775,0.006715788847422743,False
2009-05-04,2635.129,2715.189,2632.303,2714.301,10291656800.0,0.03483704839557045,0.034243973158471164,False
2009-05-05,2733.107,2751.252,2713.234,2727.014,10231372000.0,0.0046837104654200434,0.004672776022774272,False
2009-05-06,2721.817,2771.206,2713.539,2764.979,10580664800.0,0.01392182071672532,0.013825802311756341,False
2009-05-07,2783.577,2797.474,2731.799,2767.076,12210116000.0,0.000758414440037436,0.0007581269891341336,False
2009-05-08,2751.499,2800.223,2733.332,2789.219,10672499200.0,0.00800231001967422,0.007970461332735823,False
2009-05-11,2808.139,2839.609,2725.267,2725.316,12536444800.0,-0.022910714432964996,-0.023177243635881695,False
2009-05-12,2702.742,2788.612,2699.954,2788.562,8869594400.0,0.02320685014141488,0.022941666081639944,False
2009-05-13,2792.42,2822.711,2775.572,2814.005,10711285600.0,0.009124057489128923,0.0090826847443779,False
2009-05-14,2781.048,2804.477,2757.545,2792.597,8263932800.0,-0.0076076623886595085,-0.007636748263080584,False
2009-05-15,2800.571,2815.456,2773.322,2796.116,6493143200.0,0.0012601173746158434,0.0012593240930653948,False
2009-05-18,2782.585,2813.757,2740.92,2810.573,7483578400.0,0.005170386350208611,0.005157065797908977,False
2009-05-19,2836.337,2849.629,2821.951,2840.084,9770361600.0,0.010499994129310908,0.010445252051851206,False
2009-05-20,2843.545,2849.635,2812.599,2812.865,8793921600.0,-0.009583871462956695,-0.009630092312590044,False
2009-05-21,2795.828,2808.287,2735.767,2750.01,8553539200.0,-0.022345544489337232,-0.022598988852403856,False
2009-05-22,2733.017,2762.741,2719.121,2740.677,6149901200.0,-0.0033938058407060323,-0.003399577862863268,False
2009-05-25,2684.213,2761.387,2675.285,2752.716,7409167200.0,0.004392710268302125,0.004383090477565688,False
2009-05-26,2757.31,2762.809,2718.555,2719.764,7231601600.0,-0.01197072273347477,-0.012042948812458931,False
2009-05-27,2734.418,2768.568,2715.823,2759.712,6797664800.0,0.01468803910927563,0.014581214620609906,False
2009-06-01,2798.927,2864.471,2798.927,2858.342,10856488000.0,0.035739236558017584,0.035115409990909896,False
2009-06-02,2878.528,2892.781,2855.059,2865.099,10833840000.0,0.0023639578468916955,0.0023611680942474678,False
2009-06-03,2865.732,2939.387,2864.709,2939.387,11207331200.0,0.025928597929774755,0.025598151665858104,False
2009-06-04,2924.267,2961.04,2899.668,2953.751,13012771200.0,0.00488673318620525,0.004874831862236917,False
2009-06-05,2966.065,2975.175,2937.18,2939.306,10847632000.0,-0.004890391911843706,-0.004902389008019092,False
2009-06-08,2937.635,2978.233,2912.487,2948.478,9611636800.0,0.003120464490597552,0.003115605945931854,False
2009-06-09,2948.949,2960.902,2892.718,2960.556,9198988800.0,0.004096350727392117,0.004087983524965644,False
2009-06-10,2972.423,2995.699,2966.585,2989.595,10179004000.0,0.00980863054101988,0.00976083818870599,False
2009-06-11,2982.969,3000.857,2951.273,2961.629,8711600000.0,-0.00935444433108834,-0.009398471929718433,False
2009-06-12,2955.569,2976.864,2883.318,2906.286,8006706400.0,-0.01868667547488223,-0.018863477419892583,False
2009-06-15,2911.423,2967.099,2898.067,2966.192,7435208800.0,0.020612561874502333,0.020402997895034858,False
2009-06-16,2936.508,2979.413,2929.041,2961.22,7017924000.0,-0.0016762232519001996,-0.0016776296859797313,False
2009-06-17,2957.576,3017.409,2930.494,3010.588,7729312000.0,0.016671507014001108,0.016534062937254568,False
2009-06-18,3014.437,3061.747,3014.437,3057.428,9628131200.0,0.015558422474280631,0.015438631131164726,False
2009-06-19,3061.903,3086.72,3047.27,3080.001,10251807200.0,0.0073830029685082454,0.0073558820096959465,False
2009-06-22,3106.387,3116.155,3072.534,3082.563,10395258400.0,0.0008318179117474678,0.0008314721429609762,False
2009-06-23,3036.404,3128.527,3028.454,3083.895,11150673600.0,0.0004321079569176156,0.0004320146251579615,False
2009-06-24,3079.495,3121.207,3068.242,3120.73,10942431200.0,0.011944310685026549,0.011873540383760428,False
2009-06-25,3125.662,3141.166,3103.871,3117.921,8280688800.0,-0.0009001099101813015,-0.0009005152523595683,False
2009-06-26,3126.228,3137.082,3109.316,3128.421,7050091200.0,0.003367628621764318,0.003361970859101504,False
2009-06-29,3132.113,3182.415,3122.164,3179.972,8499707200.0,0.016478280896337294,0.01634398730249842,False
2009-06-30,3191.641,3195.716,3159.626,3166.474,8678234400.0,-0.0042446914626921295,-0.004253725739708614,False
2009-07-01,3153.537,3238.792,3150.654,3237.903,9695056800.0,0.02255789878584169,0.022307232061130833,False
2009-07-02,3248.204,3285.093,3247.573,3282.359,11298929600.0,0.013729873933839398,0.013636473164185148,False
2009-07-03,3254.93,3327.669,3249.11,3327.135,10573259200.0,0.013641408511378739,0.013549202102113966,False
2009-07-06,3333.096,3378.055,3333.096,3374.753,13526404800.0,0.014312013188523931,0.014210563151547007,False
2009-07-07,3368.33,3393.224,3327.354,3340.493,12960080000.0,-0.01015185407643171,-0.010203735574629391,False
2009-07-08,3306.428,3368.066,3261.32,3352.269,11386759200.0,0.0035252281624298387,0.003519029110075067,False
2009-07-09,3348.221,3396.483,3334.68,3396.304,11308152000.0,0.013135879012096119,0.013050351525015103,False
2009-07-10,3398.911,3428.029,3375.965,3398.31,10617491200.0,0.0005906420626657916,0.0005904677022954274,False
2009-07-13,3382.574,3403.74,3358.518,3361.011,9961964800.0,-0.010975749710885663,-0.011036427650820357,False
2009-07-14,3375.873,3454.753,3375.873,3454.753,10752042400.0,0.027891012555448347,0.02750914249763703,False
2009-07-15,3467.132,3497.508,3467.132,3493.305,13348300000.0,0.011159119045558219,0.011097315434156485,False
2009-07-16,3516.778,3543.019,3489.562,3501.24,12931332800.0,0.0022714878889762424,0.0022689119604173413,False
2009-07-17,3499.51,3527.465,3482.871,3519.809,10654970400.0,0.005303549599570578,0.005289535308879323,False
2009-07-20,3532.519,3594.872,3515.534,3591.123,13646854400.0,0.020260758467291806,0.02005824018059066,False
2009-07-21,3603.402,3610.326,3533.162,3539.832,13060096000.0,-0.014282718804117911,-0.014385698562342952,False
2009-07-22,3532.632,3607.371,3532.384,3606.924,11523854400.0,0.018953441858257758,0.018776063165615753,False
2009-07-23,3613.598,3653.837,3596.364,3651.969,11638160800.0,0.012488480489192488,0.012411142639210837,False
2009-07-24,3672.206,3687.493,3591.88,3667.556,12797935200.0,0.0042681085189935075,0.004259025978170072,False
2009-07-27,3680.15,3744.242,3669.508,3743.626,13880803200.0,0.020741332920342748,0.020529160287885873,False
2009-07-28,3745.549,3756.782,3705.045,3755.818,14626788800.0,0.0032567355820265487,0.003251443904650486,False
2009-07-29,3741.784,3765.59,3453.641,3558.508,16740612600.0,-0.05253449448295966,-0.053964748475026525,True
2009-07-30,3587.047,3656.922,3511.291,3634.818,13496888000.0,0.021444380622440695,0.02121768506328614,False
2009-07-31,3670.191,3735.804,3635.548,3734.622,13223983200.0,0.0274577709255317,0.02708756768774201,False
2009-08-03,3754.218,3789.935,3716.573,3787.033,13641590400.0,0.014033816541540123,0.013936254259393266,False
2009-08-04,3803.061,3803.061,3712.431,3786.615,14103574400.0,-0.00011037664578050776,-0.00011038273773067431,False
2009-08-05,3781.401,3789.127,3691.976,3740.936,13344445600.0,-0.012063280793003672,-0.012136632671150949,False
2009-08-06,3707.907,3739.578,3602.575,3663.12,11810152800.0,-0.02080121124766643,-0.021020604201623883,False
2009-08-07,3655.462,3686.543,3539.697,3555.095,10057575200.0,-0.029489888401144415,-0.029933457469228486,False
2009-08-10,3589.716,3613.457,3485.364,3544.539,8487068000.0,-0.00296925961190897,-0.0029736766088710453,False
2009-08-11,3558.645,3569.15,3509.717,3556.375,6449719600.0,0.003339221264034631,0.0033336584449248363,False
2009-08-12,3546.5,3546.5,3390.361,3397.4,9253538400.0,-0.044701416470422806,-0.04573133445659039,False
2009-08-13,3398.889,3448.862,3338.848,3440.82,8708180000.0,0.012780361452875644,0.012699381869143878,False
2009-08-14,3437.951,3454.945,3334.729,3344.462,8824862400.0,-0.028004371051086663,-0.028403971497947822,False
2009-08-17,3283.436,3319.804,3137.477,3140.271,9172390400.0,-0.0610534668954229,-0.06299674164574931,True
2009-08-18,3110.708,3186.815,3083.203,3171.986,7734303200.0,0.010099446831181025,0.010048788215174298,False
2009-08-19,3178.281,3183.007,2982.222,3014.568,8160401600.0,-0.04962758347609342,-0.05090135381270855,False
2009-08-20,3021.251,3146.568,3021.251,3144.39,7951921600.0,0.04306487695749439,0.04216337634445644,False
2009-08-21,3135.373,3221.166,3113.704,3203.624,8661680800.0,0.018837994014737403,0.01866275633586767,False
2009-08-24,3222.397,3241.524,3178.856,3229.6,8041406400.0,0.008108317330623116,0.008075621545284406,False
2009-08-25,3210.851,3210.851,3019.119,3109.83,9753013600.0,-0.0370850879365866,-0.03779022823891509,False
2009-08-26,3082.68,3203.786,3065.463,3172.386,8203640000.0,0.020115569018242185,0.019915923836945737,False
2009-08-27,3149.566,3212.27,3116.894,3156.301,8012520000.0,-0.005070316159508925,-0.005083213827797195,False
2009-08-28,3152.037,3168.191,3030.731,3046.781,8401794400.0,-0.03469884526222311,-0.03531514888071463,False
2009-08-31,3003.543,3003.543,2825.767,2830.271,8451731200.0,-0.07106188465793895,-0.07371315665832157,True
2009-09-01,2804.584,2901.277,2795.486,2843.7,7053530400.0,0.004744775323634931,0.004733554357176928,False
2009-09-02,2824.641,2904.786,2813.618,2890.926,6084338400.0,0.016607237050321855,0.016470844882290336,False
2009-09-03,2898.449,3059.987,2892.649,3051.964,9315744800.0,0.055704642733850784,0.05420845178147715,True
2009-09-04,3055.347,3099.385,3038.99,3077.142,8698471200.0,0.008249769656522687,0.008215926312622912,False
2009-09-07,3097.789,3153.227,3078.126,3104.208,8279073600.0,0.008795824177109779,0.008757366263800748,False
2009-09-08,3084.199,3170.967,3047.3,3170.967,8396563200.0,0.021505968672202336,0.021277978305167977,False
2009-09-09,3188.311,3207.388,3143.739,3194.909,9119115200.0,0.007550378165398719,0.007522016730421299,False
2009-09-10,3179.187,3204.124,3150.172,3162.914,6656600800.0,-0.010014369736352391,-0.010064850844049289,False
2009-09-11,3152.815,3253.452,3152.689,3238.133,8068966400.0,0.023781550810423324,0.02350317457269213,False
2009-09-14,3248.348,3298.905,3240.534,3293.394,8739388000.0,0.017065698042668442,0.01692171482524074,False
2009-09-15,3298.81,3325.743,3264.949,3302.642,8709217600.0,0.0028080454388390574,0.0028041102443285837,False
2009-09-16,3290.387,3296.94,3212.445,3258.236,8824448000.0,-0.013445599008309106,-0.013536809584584475,False
2009-09-17,3274.582,3329.116,3274.582,3320.096,9133340800.0,0.01898573338456755,0.01880775353862063,False
2009-09-18,3325.061,3330.432,3170.962,3199.689,10048840000.0,-0.03626612001580687,-0.036940080590328606,False
2009-09-21,3163.512,3210.643,3090.607,3208.604,7280197600.0,0.0027862082846177305,0.0027823340010222353,False
2009-09-22,3196.009,3237.217,3131.016,3131.026,7342510400.0,-0.024178116090362023,-0.024475205217688867,False
2009-09-23,3130.142,3159.173,3041.415,3060.069,6601371600.0,-0.02266253937207796,-0.022923281636330728,False
2009-09-24,3041.82,3122.055,2989.236,3080.926,6515210400.0,0.006815859380948641,0.0067927364205022656,False
2009-09-25,3057.106,3090.069,3028.407,3058.528,4582049200.0,-0.0072698922336985605,-0.007296446677145241,False
2009-09-28,3066.368,3088.081,2959.744,2972.643,4191835200.0,-0.028080501469988084,-0.028482298393874395,False
2009-09-29,2975.531,2998.55,2923.926,2972.286,4593235200.0,-0.00012009514765143336,-0.00012010235965131955,False
2009-09-30,2992.98,3033.738,2988.292,3004.805,4218452400.0,0.010940737196891481,0.010881320315180076,False
2009-10-09,3078.753,3164.031,3071.27,3163.708,5687104000.0,0.05288296578313734,0.05153208336917281,True
2009-10-12,3181.581,3193.59,3151.256,3151.632,5896196000.0,-0.003817040004956196,-0.0038243434932176967,False
2009-10-13,3144.022,3199.921,3140.498,3198.517,5071370400.0,0.014876419581981493,0.01476685097469499,False
2009-10-14,3209.065,3276.553,3204.314,3227.399,8097812000.0,0.009029809752457263,0.008989284792798813,False
2009-10-15,3258.546,3287.628,3227.088,3239.643,6056200800.0,0.0037937670551426717,0.00378658887008676,False
2009-10-16,3250.102,3268.425,3188.434,3241.709,5563625600.0,0.0006377245887894123,0.0006375213288762893,False
2009-10-19,3238.848,3330.789,3231.807,3329.158,7768314400.0,0.026976202984290154,0.026618759289732452,False
2009-10-20,3355.358,3379.63,3343.018,3377.574,8942628000.0,0.014543016582571289,0.014438281141897491,False
2009-10-21,3375.027,3414.657,3358.55,3369.285,8348894400.0,-0.002454128318136073,-0.0024571446269874286,False
2009-10-22,3364.145,3381.145,3341.415,3347.32,6093658400.0,-0.006519187305318419,-0.006540530015531232,False
2009-10-23,3354.984,3436.391,3354.984,3413.252,8672543200.0,0.019696951591123613,0.01950547686815085,False
2009-10-26,3421.696,3432.895,3385.44,3414.239,6844252800.0,0.0002891670465585694,0.0002891252458265825,False
2009-10-27,3384.294,3392.102,3314.323,3314.722,7420955200.0,-0.029147637291941142,-0.02958086889571021,False
2009-10-28,3303.773,3337.167,3258.274,3329.327,6259484800.0,0.004406101024460041,0.004396422580395409,False
2009-10-29,3265.186,3291.18,3239.005,3247.051,6130535200.0,-0.024712501956101085,-0.025022981661228627,False
2009-10-30,3305.376,3329.54,3276.318,3280.372,6064706400.0,0.010261926899207907,0.010209630795605662,False
2009-11-02,3205.835,3394.724,3198.309,3392.803,8198116000.0,0.03427385674551542,0.0336995928040249,False
2009-11-03,3402.528,3447.481,3397.255,3435.425,8379109600.0,0.0125624741548509,0.012484220964003256,False
2009-11-04,3443.517,3476.34,3415.216,3453.888,8606527200.0,0.005374298667559341,0.00535990865891911,False
2009-11-05,3458.865,3471.83,3432.26,3464.318,8064778400.0,0.0030197852391276037,0.003015234846188264,False
2009-11-06,3491.075,3506.027,3474.364,3483.021,9219031200.0,0.005398753809552126,0.005384232778405718,False
2009-11-09,3487.107,3495.887,3452.614,3495.788,7805090400.0,0.0036654961310884637,0.0036587945715123027,False
2009-11-10,3520.395,3532.186,3501.499,3503.776,8430098400.0,0.0022850355914030285,0.0022824288677920634,False
2009-11-11,3500.586,3514.829,3468.859,3495.674,7262632000.0,-0.0023123624341281346,-0.0023150400727178777,False
2009-11-12,3506.952,3529.061,3487.68,3499.992,7996266400.0,0.001235241043644253,0.0012344787610967245,False
2009-11-13,3489.538,3518.894,3445.36,3518.722,9121016800.0,0.005351440803293306,0.005337172724507511,False
2009-11-16,3541.053,3625.887,3541.053,3625.798,12315732000.0,0.03043036647964792,0.029976546507896273,False
2009-11-17,3644.962,3649.422,3619.986,3628.354,9739136800.0,0.0007049482624239545,0.0007046999031103951,False
2009-11-18,3633.851,3652.809,3612.794,3630.229,8922628000.0,0.0005167632485694185,0.0005166297724237268,False
2009-11-19,3638.073,3653.899,3604.612,3642.437,9494009600.0,0.003362873251246734,0.0033572314379259893,False
2009-11-20,3630.576,3658.214,3597.306,3631.013,9475075200.0,-0.0031363617270525612,-0.003141290417630671,False
2009-11-23,3636.529,3666.27,3628.195,3665.509,9399094400.0,0.009500379095310318,0.009455534298481894,False
2009-11-24,3680.746,3698.129,3538.858,3548.08,14756681600.0,-0.032036205612917645,-0.032560594897734774,False
2009-11-25,3541.512,3630.301,3508.057,3629.629,11460232800.0,0.0229839800680931,0.022723827089389914,False
2009-11-26,3635.79,3646.607,3472.948,3485.773,12788237600.0,-0.03963380279361883,-0.04044061183256531,False
2009-11-27,3440.343,3480.931,3367.293,3382.51,8929468800.0,-0.02962413215088877,-0.0300717899126397,False
2009-11-30,3415.077,3511.765,3415.077,3511.669,8441534400.0,0.03818436604769815,0.037473385588013386,False
2009-12-01,3507.559,3566.78,3485.524,3560.831,10151864000.0,0.01399961101117464,0.013902521550747338,False
2009-12-02,3578.869,3607.561,3570.287,3597.329,9805203200.0,0.010249854598547437,0.010197681050225782,False
2009-12-03,3596.952,3603.122,3551.482,3590.876,8997857600.0,-0.0017938309228875404,-0.0017954417642496168,False
2009-12-04,3581.627,3646.263,3530.058,3643.491,13413090400.0,0.014652413505785056,0.014546104096449852,False
2009-12-07,3644.625,3672.798,3633.445,3668.832,9122554400.0,0.006955142746338572,0.006931067308636685,False
2009-12-08,3670.807,3671.042,3590.941,3624.019,8294086400.0,-0.012214514046977376,-0.012289724288862658,False
2009-12-09,3579.282,3603.696,3543.424,3554.478,6852150400.0,-0.019188917055898314,-0.019375413961808974,False
2009-12-10,3579.826,3601.289,3544.901,3577.237,5756373600.0,0.006402909231679077,0.0063824976908613,False
2009-12-11,3589.408,3614.952,3568.506,3575.02,5455091200.0,-0.0006197520600396134,-0.0006199441857326349,False
2009-12-14,3572.531,3623.273,3495.639,3612.753,8378502400.0,0.010554626267825107,0.010499315052403091,False
2009-12-15,3594.51,3620.322,3578.283,3583.341,6918649600.0,-0.00814115994090936,-0.008174480150161756,False
2009-12-16,3568.28,3610.685,3550.667,3560.723,5696391200.0,-0.006311986495284638,-0.006331991306536722,False
2009-12-17,3571.052,3582.439,3475.844,3480.153,6328620000.0,-0.022627427070288864,-0.02288735579445067,False
2009-12-18,3450.045,3453.348,3385.675,3391.735,6611101600.0,-0.025406354260861463,-0.025734668459429955,False
2009-12-21,3386.326,3404.642,3354.652,3396.622,4832980400.0,0.001440855491363413,0.0014398184551165372,False
2009-12-22,3402.228,3404.754,3296.765,3305.543,5394268400.0,-0.026814582252602692,-0.027180652003979233,False
2009-12-23,3303.729,3342.988,3296.292,3336.48,4806450400.0,0.009359127985931526,0.009315602709271786,False
2009-12-24,3346.763,3445.704,3339.298,3438.817,6437782400.0,0.030672145494653025,0.03021115785275441,False
2009-12-25,3434.326,3441.956,3410.667,3424.783,4691457600.0,-0.004081054618492397,-0.0040894048481305845,False
2009-12-28,3432.82,3489.574,3432.82,3478.433,5537539200.0,0.015665226088777073,0.015543792977492643,False
2009-12-29,3481.903,3501.247,3451.177,3500.737,5553576400.0,0.006412082682058395,0.006391612736623031,False
2009-12-30,3503.816,3561.436,3498.377,3558.857,8842936800.0,0.016602218332882446,0.016465908138142638,False
2009-12-31,3561.367,3579.518,3542.38,3575.684,6924188800.0,0.004728203465326208,0.004717060621272751,False
2010-01-04,3592.468,3597.748,3535.229,3535.229,6610108000.0,-0.011313919238948533,-0.011378408502160653,False
2010-01-05,3545.186,3577.526,3497.661,3564.038,8580964000.0,0.00814911848709099,0.00811609371490718,False
2010-01-06,3558.7,3588.832,3541.173,3541.727,7847312500.0,-0.0062600342645056095,-0.006279710437661734,False
2010-01-07,3543.16,3558.556,3452.769,3471.456,8035004000.0,-0.019840885534091024,-0.02004035879684629,False
2010-01-08,3456.908,3482.083,3426.698,3480.13,6079025200.0,0.0024986633850465623,0.0024955469159504418,False
2010-01-11,3593.106,3594.528,3465.317,3482.052,8998017600.0,0.0005522782194917752,0.0005521257700014104,False
2010-01-12,3477.842,3535.407,3437.661,3534.916,9374327800.0,0.015181852539824181,0.015067761509474309,False
2010-01-13,3448.291,3490.112,3415.693,3421.144,11245790400.0,-0.03218520609824971,-0.032714538625107537,False
2010-01-14,3433.472,3470.323,3411.812,3469.051,8335324800.0,0.014003210621944095,0.013906071457808977,False
2010-01-15,3472.524,3500.072,3448.661,3482.738,7254310400.0,0.0039454594354477734,0.00393769652250775,False
2010-01-18,3471.777,3501.26,3458.042,3500.684,8285430400.0,0.0051528423900966125,0.0051396119279427666,False
2010-01-19,3506.806,3528.39,3497.094,3507.482,7488323200.0,0.0019419062103291918,0.001940023147890102,False
2010-01-20,3512.246,3515.449,3387.818,3394.434,9249514400.0,-0.03223052890934286,-0.03276136976743693,False
2010-01-21,3397.043,3425.18,3364.723,3408.574,7059507200.0,0.004165642931929225,0.0041569906612686225,False
2010-01-22,3364.452,3390.796,3293.194,3366.197,8893340800.0,-0.012432471760918218,-0.012510401517953795,False
2010-01-25,3340.013,3372.426,3326.266,3328.014,5684917200.0,-0.011343067562593623,-0.011407890816006017,False
2010-01-26,3328.113,3341.198,3222.14,3242.797,6175223200.0,-0.025605961994150328,-0.025939500676329885,False
2010-01-27,3243.038,3255.116,3183.365,3198.566,5269139200.0,-0.013639768385131812,-0.01373364463688631,False
2010-01-28,3195.289,3220.306,3168.463,3206.57,4699071600.0,0.0025023713751726184,0.00249924565730808,False
2010-01-29,3190.315,3249.455,3176.916,3204.155,5026261200.0,-0.0007531412069594623,-0.0007534249602780818,False
2010-02-01,3198.23,3198.311,3116.439,3152.707,5700138000.0,-0.01605665144164381,-0.016186956190546553,False
2010-02-02,3170.778,3211.941,3143.085,3146.189,5013003200.0,-0.0020674296723418584,-0.0020695697552230996,False
2010-02-03,3160.712,3231.102,3094.568,3230.715,6479889600.0,0.026866154576219214,0.026511595847736658,False
2010-02-04,3206.431,3242.519,3190.437,3218.802,5897272800.0,-0.0036874190388195283,-0.0036942343274439793,False
2010-02-05,3147.721,3177.42,3129.921,3153.087,5910584400.0,-0.020415980852503512,-0.020627267688176687,False
2010-02-08,3152.253,3172.306,3133.808,3150.988,3735595200.0,-0.0006656968234622918,-0.0006659184979778132,False
2010-02-09,3147.761,3178.947,3144.478,3169.19,3595316000.0,0.005776600862967607,0.005759980280465982,False
2010-02-10,3195.142,3214.456,3182.834,3214.13,3421989600.0,0.014180279503595683,0.014080679803615936,False
2010-02-11,3216.688,3238.349,3207.165,3220.398,3579105200.0,0.0019501389178409045,0.0019482398654844246,False
2010-02-12,3232.879,3253.196,3228.738,3251.278,3405824000.0,0.009588876902792753,0.009543195413289851,False
2010-02-22,3248.947,3261.949,3232.784,3233.345,3828377200.0,-0.005515677219850135,-0.00553094473378124,False
2010-02-23,3225.393,3225.393,3152.934,3198.634,4274289600.0,-0.01073532208904393,-0.010793361413528046,False
2010-02-24,3177.082,3244.816,3165.133,3244.483,4998943600.0,0.014333931296922398,0.014232171760440337,False
2010-02-25,3252.153,3294.144,3249.329,3292.128,6758661600.0,0.01468492823047618,0.014578148768398691,False
2010-02-26,3286.095,3301.149,3273.693,3281.666,5210728800.0,-0.0031778837274857308,-0.0031829439232993195,False
2010-03-01,3290.007,3330.378,3287.556,3324.423,6050452000.0,0.013029052926166074,0.012944904940340507,False
2010-03-02,3327.103,3339.894,3299.685,3311.236,5703437600.0,-0.003966703394844728,-0.003974591629857471,False
2010-03-03,3313.023,3335.654,3293.916,3335.081,6062273200.0,0.007201238449932479,0.007175433344078996,False
2010-03-04,3338.674,3345.909,3244.978,3250.573,6934680800.0,-0.02533911470216177,-0.0256656784351339,False
2010-03-05,3253.164,3276.403,3239.677,3259.764,4562913600.0,0.0028275014897374273,0.0028235116265271643,False
2010-03-08,3268.397,3293.93,3258.034,3286.178,4154087600.0,0.008103040588214316,0.00807038723054987,False
2010-03-09,3285.62,3322.506,3255.982,3305.863,5419948800.0,0.005990241551127262,0.005972371383110797,False
2010-03-10,3304.036,3321.081,3267.761,3279.694,4642108000.0,-0.007915936020337133,-0.00794743337267434,False
2010-03-11,3282.199,3303.488,3251.704,3276.705,4748775200.0,-0.0009113655115385866,-0.0009117810575816065,False
2010-03-12,3277.309,3284.263,3232.117,3233.126,3995734400.0,-0.013299640950283798,-0.013388873229637,False
2010-03-15,3231.216,3234.821,3171.803,3183.183,3784430400.0,-0.015447279196666108,-0.015567831495376439,False
2010-03-16,3183.775,3204.289,3169.098,3203.971,3084778000.0,0.006530570187136542,0.006509338400634945,False
2010-03-17,3214.216,3273.998,3207.271,3273.916,4580093600.0,0.021830721938494557,0.021595843951606852,False
2010-03-18,3277.883,3295.368,3256.593,3267.555,4694801200.0,-0.0019429331723844756,-0.0019448231154601814,False
2010-03-19,3270.978,3296.411,3251.136,3293.871,4606218800.0,0.008053728246349312,0.00802147006038112,False
2010-03-22,3297.824,3313.922,3288.506,3302.628,4943946400.0,0.002658574060732777,0.0026550463038663707,False
2010-03-23,3305.554,3309.12,3272.921,3275.573,4653953600.0,-0.008191961068579445,-0.00822569956428687,False
2010-03-24,3282.052,3298.543,3271.033,3276.669,4454796800.0,0.00033459794667978215,0.0003345419812710304,False
2010-03-25,3270.39,3270.39,3222.821,3229.128,4498428400.0,-0.0145089418552804,-0.01461522585039532,False
2010-03-26,3226.8,3285.388,3220.594,3275.002,4744496400.0,0.014206312044613867,0.014106348027935312,False
2010-03-29,3295.763,3363.605,3293.671,3358.54,8472491200.0,0.025507770682277497,0.025187875958710748,False
2010-03-30,3361.353,3372.265,3350.313,3366.708,5643698000.0,0.002432009146831726,0.0024290565987001855,False
2010-03-31,3369.193,3369.901,3338.745,3345.607,5312428800.0,-0.00626754681427677,-0.006287270341085005,False
2010-04-01,3349.884,3392.481,3349.884,3391.935,6777267200.0,0.013847412442644869,0.013752413019822995,False
2010-04-02,3400.139,3412.2,3391.806,3407.346,6907345600.0,0.004543424328591117,0.004533134132987726,False
2010-04-06,3422.849,3436.29,3386.888,3405.145,6519171200.0,-0.0006459572934477409,-0.0006461660137482284,False
2010-04-07,3403.088,3404.582,3369.017,3386.949,5401122800.0,-0.005343678463031631,-0.0053580069802450225,False
2010-04-08,3381.306,3381.306,3336.156,3346.744,6218532000.0,-0.011870565514863096,-0.011941583250976606,False
2010-04-09,3348.773,3379.398,3342.471,3379.17,5128056800.0,0.009688819939619009,0.009642184311214663,False
2010-04-12,3388.355,3393.557,3330.3,3351.478,7456515200.0,-0.008194911768274471,-0.00822867464007615,False
2010-04-13,3350.726,3401.707,3324.048,3391.716,7990769600.0,0.012006046287637906,0.01193454543995287,False
2010-04-14,3394.635,3404.516,3377.437,3403.707,6030613200.0,0.003535378551742019,0.0035291437914946044,False
2010-04-15,3407.025,3412.937,3365.881,3394.574,6105168400.0,-0.0026832509378744707,-0.0026868573083138614,False
2010-04-16,3388.286,3388.286,3348.781,3356.332,4714036800.0,-0.011265625672028379,-0.01132956348611458,False
2010-04-19,3313.499,3313.499,3175.441,3176.423,8841630400.0,-0.05360286169544615,-0.05509299009202273,True
2010-04-20,3176.414,3196.646,3130.96,3173.374,6413786000.0,-0.0009598847508659469,-0.0009603457352511668,False
2010-04-21,3178.877,3237.537,3164.765,3236.679,6692833200.0,0.019948798975475412,0.019752428953395906,False
2010-04-22,3222.68,3231.985,3177.726,3201.541,7108168800.0,-0.010856189322450582,-0.010915547740825815,False
2010-04-23,3198.784,3224.739,3172.578,3190.003,6125268000.0,-0.0036038895019616657,-0.003610399156489308,False
2010-04-26,3195.457,3207.715,3168.374,3171.997,5089420000.0,-0.005644508798267722,-0.005660499238564043,False
2010-04-27,3163.101,3163.101,3060.854,3108.409,6529657600.0,-0.020046677219429876,-0.020250338267599588,False
2010-04-28,3080.324,3122.115,3062.085,3097.353,4599540800.0,-0.003556803496579719,-0.003563143961125448,False
2010-04-29,3114.941,3130.696,3059.796,3060.064,4826097200.0,-0.012038989420966928,-0.01211204498964058,False
2010-04-30,3060.12,3068.127,3014.069,3067.365,5447788000.0,0.0023858978112876184,0.0023830560762672093,False
2010-05-04,3005.487,3056.082,2994.921,3019.449,4124860800.0,-0.015621225384002124,-0.01574452244495461,False
2010-05-05,2981.777,3036.865,2943.361,3036.394,5967044000.0,0.005611951054645958,0.0055962627247190255,False
2010-05-06,3014.907,3014.907,2895.392,2896.856,5877041200.0,-0.045955169190822875,-0.04704461617551203,False
2010-05-07,2835.879,2892.533,2817.153,2836.789,6111940000.0,-0.020735238479234086,-0.020953232237056696,False
2010-05-10,2842.366,2872.314,2798.523,2858.233,5020917200.0,0.007559250970022857,0.007530823005271081,False
2010-05-11,2916.335,2922.125,2790.701,2800.817,5836348800.0,-0.020087935448229732,-0.020292441392715688,False
2010-05-12,2781.708,2832.147,2756.422,2818.16,5300227200.0,0.006192121798746619,0.006173029387051443,False
2010-05-13,2818.578,2886.972,2811.661,2886.911,5514577600.0,0.02439570499900645,0.02410288263530891,False
2010-05-14,2865.58,2888.093,2849.241,2868.023,4249872000.0,-0.006542633285196553,-0.0065641301256116336,False
2010-05-17,2828.882,2828.882,2712.444,2714.715,5216684800.0,-0.05345424356778172,-0.05493596673079715,True
2010-05-18,2711.407,2781.845,2686.973,2771.348,5450967200.0,0.020861490064334465,0.020646868926194273,False
2010-05-19,2748.952,2803.695,2723.304,2762.174,4557622000.0,-0.0033103024232250533,-0.003315793595935368,False
2010-05-20,2739.219,2793.876,2721.072,2726.022,4217480400.0,-0.013088241363505726,-0.013174647155837604,False
2010-05-21,2656.419,2769.094,2647.597,2768.791,5447538400.0,0.015689161716229805,0.015567359153436655,False
2010-05-24,2787.751,2886.368,2787.751,2873.469,7450233600.0,0.0378063927540937,0.037109247842043835,False
2010-05-25,2851.256,2855.332,2798.02,2813.943,5516832800.0,-0.020715727227264225,-0.020933308046619636,False
2010-05-26,2814.444,2839.031,2797.628,2813.944,3985856400.0,3.5537322529144433e-07,3.553731620087319e-07,False
2010-05-27,2808.048,2866.865,2771.586,2859.979,5344520800.0,0.016359600617496195,0.016227224150793695,False
2010-05-28,2885.857,2893.687,2835.069,2850.302,5153498800.0,-0.0033835912781177147,-0.0033893285685051566,False
2010-05-31,2835.334,2857.416,2772.792,2773.264,4621685600.0,-0.027028013171937593,-0.027399987726453467,False
2010-06-01,2755.284,2782.288,2710.593,2744.162,4485142400.0,-0.010493771959683706,-0.01054921983065693,False
2010-06-02,2729.328,2757.914,2700.075,2757.527,3958702000.0,0.004870339287549541,0.004858517553526731,False
2010-06-03,2769.096,2787.512,2735.7,2736.076,3958725600.0,-0.007779071610178212,-0.007809486423084877,False
2010-06-04,2721.359,2748.476,2713.095,2744.391,3274629200.0,0.0030390237698076916,0.003034415271599755,False
2010-06-07,2692.831,2716.401,2673.342,2695.715,3954199200.0,-0.01773653972775746,-0.017895717127922595,False
2010-06-08,2694.106,2720.586,2672.058,2699.336,3514018400.0,0.001343242887322793,0.0013423415436539798,False
2010-06-09,2711.642,2787.825,2687.331,2782.133,6020953200.0,0.030673098865795057,0.030212082851752697,False
2010-06-10,2755.94,2776.259,2746.107,2750.023,4290633600.0,-0.011541504306228245,-0.0116086244115019,False
2010-06-11,2766.196,2782.095,2755.949,2758.866,4055858400.0,0.0032156094694479886,0.0032104504539454126,False
2010-06-17,2778.533,2784.916,2742.64,2742.733,3261235600.0,-0.0058476924939449,-0.005864857196342221,False
2010-06-18,2739.032,2755.842,2686.614,2696.166,4180834400.0,-0.01697832052919479,-0.01712410468263581,False
2010-06-21,2698.984,2784.47,2686.323,2780.663,5526148000.0,0.031339687541493966,0.03085862462231237,False
2010-06-22,2772.886,2795.323,2766.443,2783.72,3909605200.0,0.0010993780979571266,0.0010987742244052967,False
2010-06-23,2768.695,2788.219,2734.047,2758.495,3560035200.0,-0.009061615392352618,-0.009102921552148757,False
2010-06-24,2753.712,2783.508,2739.807,2757.498,2922068200.0,-0.00036142896760726906,-0.0003614942987990588,False
2010-06-25,2744.122,2759.445,2715.655,2736.287,3067178200.0,-0.007692117999723025,-0.00772185493085864,False
2010-06-28,2734.507,2751.455,2710.087,2716.777,2771004400.0,-0.007130100022402552,-0.0071556406628587865,False
2010-06-29,2717.465,2724.231,2591.694,2592.019,4875855200.0,-0.04592132515845071,-0.047009142546812654,False
2010-06-30,2572.912,2575.824,2546.843,2563.07,3569879200.0,-0.01116851381104833,-0.01123134995705044,False
2010-07-01,2557.92,2574.098,2524.573,2526.071,3285764600.0,-0.014435423144900539,-0.014540627539613382,False
2010-07-02,2523.035,2542.122,2462.202,2534.105,4491410000.0,0.0031804331707225852,0.0031753862911569897,False
2010-07-05,2507.354,2529.425,2476.49,2512.651,3217857400.0,-0.008466105390266043,-0.008502146422790346,False
2010-07-06,2504.869,2563.411,2502.931,2562.902,3971476000.0,0.01999919606821643,0.019801839127453924,False
2010-07-07,2561.106,2580.608,2548.559,2580.477,3572090800.0,0.0068574608002958115,0.00683405535633419,False
2010-07-08,2591.509,2602.23,2564.638,2575.921,3405696800.0,-0.0017655650486324559,-0.0017671254955864413,False
2010-07-09,2578.555,2662.163,2557.259,2647.104,5849304400.0,0.027633999645175544,0.02725907216515555,False
2010-07-12,2647.421,2689.809,2636.648,2676.218,5846249200.0,0.010998434515606448,0.010938391585708196,False
2010-07-13,2649.658,2649.658,2618.34,2634.593,4322850400.0,-0.015553665658029403,-0.015675892960605786,False
2010-07-14,2640.925,2684.616,2640.542,2653.609,4668886000.0,0.007217813149887009,0.007191889403648233,False
2010-07-15,2650.334,2680.442,2607.788,2608.519,4044046000.0,-0.01699195322295044,-0.01713797293047925,False
2010-07-16,2597.0,2621.332,2573.794,2616.128,3506330400.0,0.0029169808615541193,0.002912734728136357,False
2010-07-19,2592.087,2691.937,2585.007,2682.472,5386807200.0,0.025359615431660876,0.025043395382464695,False
2010-07-20,2685.459,2746.237,2685.459,2741.503,7312834400.0,0.022006194286463998,0.021767552708805482,False
2010-07-21,2744.696,2766.205,2733.721,2747.335,7075708800.0,0.002127300243698338,0.0021250407443895725,False
2010-07-22,2738.027,2783.138,2734.071,2781.286,6106480800.0,0.01235779400764736,0.012282059771663967,False
2010-07-23,2787.521,2806.979,2769.44,2793.076,6451856400.0,0.004239046254142842,0.004230086808316713,False
2010-07-26,2798.762,2811.953,2775.778,2811.055,5358002400.0,0.00643698918325164,0.006416360246549679,False
2010-07-27,2803.755,2812.208,2785.374,2795.724,4979988400.0,-0.00545382427593899,-0.005468750670916123,False
2010-07-28,2796.483,2866.404,2784.155,2863.724,7998595200.0,0.024322858765743582,0.024031768686734623,False
2010-07-29,2866.772,2888.599,2851.996,2877.976,9596540800.0,0.0049767365849502365,0.004964393566461389,False
2010-07-30,2871.481,2876.136,2844.682,2868.846,6257559200.0,-0.0031723683588744667,-0.0031774109869164846,False
2010-08-02,2868.279,2922.612,2867.45,2917.275,7174329600.0,0.016881003720659926,0.016740103062891087,False
2010-08-03,2925.254,2929.614,2865.761,2865.971,8174836800.0,-0.017586274862671503,-0.017742750659442308,False
2010-08-04,2858.354,2876.595,2818.248,2876.434,7131804000.0,0.003650769669337306,0.003644121784765808,False
2010-08-05,2874.66,2877.31,2833.669,2850.829,6715758400.0,-0.008901646969824428,-0.008941503330339273,False
2010-08-06,2848.155,2898.534,2821.033,2897.659,7491489600.0,0.016426800765672045,0.01629334044137387,False
2010-08-09,2894.103,2922.624,2888.045,2918.241,7472639200.0,0.00710297519480374,0.007077867887440803,False
2010-08-10,2920.404,2925.296,2832.078,2832.638,7843503200.0,-0.029333766470966638,-0.029772604560727167,False
2010-08-11,2823.15,2864.361,2823.15,2850.211,5497913200.0,0.006203757769259521,0.0061845936827564785,False
2010-08-12,2822.791,2860.369,2810.102,2816.386,5989322800.0,-0.011867542438086076,-0.01193852386214811,False
2010-08-13,2818.41,2856.043,2799.221,2855.547,5850772000.0,0.013904699142802235,0.013808915685848078,False
2010-08-16,2851.219,2927.688,2843.024,2922.083,8106804000.0,0.02330061455826149,0.02303329967548784,False
2010-08-17,2927.258,2949.73,2917.834,2942.291,7645291200.0,0.006915614648865143,0.006891811465296271,False
2010-08-18,2945.979,2962.749,2924.668,2937.362,7074760000.0,-0.001675225190166496,-0.0016766299489621161,False
2010-08-19,2940.767,2975.188,2928.013,2955.395,7692486400.0,0.006139182027955714,0.006120414024260334,False
2010-08-20,2943.334,2951.956,2892.64,2898.333,7166330400.0,-0.019307740589667333,-0.0194965695380942,False
2010-08-23,2895.707,2920.541,2886.659,2896.192,4891551600.0,-0.0007387004874871428,-0.000738973461131387,False
2010-08-24,2892.129,2933.118,2866.802,2911.827,6109379600.0,0.0053984680573664345,0.005383948560601759,False
2010-08-25,2893.986,2904.662,2842.249,2843.023,6361062000.0,-0.02362915104503116,-0.023912796547110204,False
2010-08-26,2853.105,2868.878,2836.129,2850.093,4867044000.0,0.0024867895898132986,0.0024837026452431132,False
2010-08-27,2847.448,2861.074,2833.422,2858.566,4078958400.0,0.002972885446194118,0.002968475160942674,False
2010-08-30,2874.247,2921.085,2872.918,2915.01,6574988000.0,0.019745564734205967,0.019553149840253248,False
2010-08-31,2905.154,2910.06,2889.808,2903.188,6576610400.0,-0.004055560701335503,-0.0040638067901968,False
2010-09-01,2907.663,2931.76,2859.166,2884.042,7697557600.0,-0.006594819212534686,-0.006616661114649425,False
2010-09-02,2917.735,2931.547,2903.028,2921.393,7070084800.0,0.01295092096439654,0.01286777489679114,False
2010-09-03,2926.939,2929.548,2891.878,2920.205,7264102400.0,-0.00040665531819927825,-0.0004067380248953256,False
2010-09-06,2935.89,2980.424,2935.89,2975.09,9385568000.0,0.018794913370807853,0.018620471345494494,False
2010-09-07,2979.298,2991.435,2959.902,2983.108,7351936000.0,0.002695044519661627,0.0026914193989595603,False
2010-09-08,2970.002,2982.72,2953.839,2980.967,7287200000.0,-0.000717707840279358,-0.0007179655158484621,False
2010-09-09,2986.867,2986.867,2922.2,2926.46,8139555200.0,-0.01828500617417106,-0.018454243072571153,False
2010-09-10,2928.001,2940.79,2890.035,2932.554,6508670400.0,0.0020823793935333956,0.0020802142468143714,False
2010-09-13,2933.594,2977.078,2925.416,2962.319,6727990400.0,0.010149855723031731,0.010098691850132901,False
2010-09-14,2971.547,2984.466,2954.507,2965.009,7010590400.0,0.0009080723581762484,0.0009076603098998604,False
2010-09-15,2965.539,2965.539,2905.63,2913.194,7161964000.0,-0.01747549501536083,-0.01762999408956123,False
2010-09-16,2908.322,2917.849,2834.033,2857.789,7407428800.0,-0.019018644141104102,-0.019201824838052772,False
2010-09-17,2864.717,2877.083,2847.681,2861.369,5193886800.0,0.001252716698118661,0.0012519327032363137,False
2010-09-20,2865.04,2872.219,2829.757,2849.828,5028310400.0,-0.004033384020026842,-0.0040415400516788935,False
2010-09-21,2859.43,2869.38,2844.125,2857.476,3575188000.0,0.002683670733812704,0.0026800761192475875,False
2010-09-27,2869.928,2905.526,2864.209,2905.029,4907182400.0,0.01664160958832195,0.01650465534091694,False
2010-09-28,2900.536,2900.536,2875.658,2880.907,5866082400.0,-0.008303531565433508,-0.00833819791915058,False
2010-09-29,2877.269,2908.732,2866.854,2874.812,5678223600.0,-0.0021156531606193463,-0.002117894316331359,False
2010-09-30,2859.06,2935.595,2857.418,2935.574,6300024800.0,0.021135990805659643,0.020915724050209583,False
2010-10-08,2965.652,3055.836,2963.237,3044.233,9999472000.0,0.037014566827475726,0.036345976234049004,False
2010-10-11,3069.188,3154.204,3069.188,3132.895,15873491200.0,0.02912457752084019,0.028708516113683302,False
2010-10-12,3121.636,3173.849,3106.224,3172.726,12736170400.0,0.012713799856043817,0.012633658058994968,False
2010-10-13,3176.886,3221.646,3165.578,3217.577,14460777600.0,0.014136424008880821,0.014037436561920913,False
2010-10-14,3245.133,3286.023,3215.031,3224.14,17961184000.0,0.0020397336256443577,0.0020376561934725146,False
2010-10-15,3204.723,3327.683,3199.122,3327.683,19341414400.0,0.03211492056796539,0.03161001799912633,False
2010-10-18,3345.804,3390.015,3288.781,3306.16,21788204800.0,-0.006467863675716723,-0.006488870936371072,False
2010-10-19,3300.517,3375.867,3279.999,3375.674,13044179200.0,0.021025600696880975,0.020807613008120285,False
2010-10-20,3304.221,3439.225,3301.009,3396.879,16652846400.0,0.006281708482513304,0.006262060789575585,False
2010-10-21,3404.721,3418.091,3344.962,3374.685,12388324800.0,-0.006533644560197782,-0.0065550822443096735,False
2010-10-22,3365.597,3408.491,3346.111,3378.655,11636185600.0,0.0011764060941985566,0.001175714670759831,False
2010-10-25,3386.85,3481.347,3366.43,3481.081,14543310400.0,0.030315613757545545,0.029865176428010898,False
2010-10-26,3491.474,3499.817,3436.463,3466.084,14263699200.0,-0.004308144510282941,-0.004317451304471476,False
2010-10-27,3451.427,3490.217,3398.095,3403.872,12376156800.0,-0.01794878600749439,-0.018111819245719474,False
2010-10-28,3390.426,3420.885,3371.439,3397.692,9834945600.0,-0.0018155794342442633,-0.001817229596221992,False
2010-10-29,3400.262,3404.6,3351.601,3379.983,10045896800.0,-0.005212067485810934,-0.00522569769121084,False
2010-11-01,3390.413,3472.995,3390.413,3472.995,12626915200.0,0.027518481601830347,0.027146654186909203,False
2010-11-02,3484.232,3522.175,3449.724,3463.131,15491145600.0,-0.0028401998851135257,-0.0028442409061604224,False
2010-11-03,3462.74,3474.707,3419.08,3420.341,12635930400.0,-0.012355871031156429,-0.012432839470848833,False
2010-11-04,3426.46,3480.929,3419.643,3480.505,11679948000.0,0.017590059002889014,0.01743714449437661,False
2010-11-05,3538.988,3554.47,3498.276,3520.798,13768803200.0,0.011576768313793506,0.011510270261110733,False
2010-11-08,3534.191,3549.305,3506.375,3548.566,12647076000.0,0.00788684837925957,0.00785590975626782,False
2010-11-09,3547.44,3547.44,3498.623,3523.954,12245453600.0,-0.006935759402530328,-0.006959923577865013,False
2010-11-10,3507.195,3508.275,3470.968,3499.111,12007857600.0,-0.007049751500729062,-0.007074718408365044,False
2010-11-11,3490.738,3557.987,3484.891,3509.975,13897624000.0,0.0031047886163084737,0.0030999787133811907,False
2010-11-12,3484.606,3497.061,3284.348,3291.833,16073385600.0,-0.06214916060655695,-0.06416436245732093,True
2010-11-15,3298.737,3319.976,3241.758,3314.893,10231572800.0,0.00700521563517964,0.006980793102535188,False
2010-11-16,3311.616,3311.616,3155.475,3169.538,10830707200.0,-0.04384907748153566,-0.04483950964753092,False
2010-11-17,3124.109,3168.931,3087.507,3103.906,8325808000.0,-0.02070711882930576,-0.02092451758570668,False
2010-11-18,3134.937,3158.629,3097.388,3147.962,6569729200.0,0.014193728804931638,0.014093940968747276,False
2010-11-19,3168.165,3178.846,3076.213,3178.846,8334765600.0,0.009810791871058155,0.009762978522685373,False
2010-11-22,3148.215,3200.472,3137.751,3171.941,8321277600.0,-0.002172171913958798,-0.002174534501287795,False
2010-11-23,3156.478,3156.478,3061.623,3107.176,7739959200.0,-0.020418097310132777,-0.02062942825824976,False
2010-11-24,3088.992,3177.412,3088.992,3177.043,7533208000.0,0.02248569118711008,0.022236614887866324,False
2010-11-25,3197.965,3227.054,3172.282,3223.484,8344209600.0,0.014617680654621212,0.014511872230258405,False
2010-11-26,3214.132,3224.517,3170.364,3194.853,6446782400.0,-0.00888200468809519,-0.008921684825919485,False
2010-11-29,3183.54,3206.756,3159.459,3190.05,5899489200.0,-0.0015033555534479381,-0.0015044867262545836,False
2010-11-30,3187.529,3205.782,3060.438,3136.985,8576235200.0,-0.01663453550884786,-0.016774443096506886,False
2010-12-01,3127.262,3150.436,3111.645,3136.024,4888266800.0,-0.00030634510525240355,-0.0003063920384995811,False
2010-12-02,3185.76,3194.226,3154.32,3155.059,6102390800.0,0.006069787731216358,0.006051440773658712,False
2010-12-03,3161.93,3171.378,3134.419,3158.156,5047535200.0,0.0009815981254233108,0.0009811166730191445,False
2010-12-06,3168.875,3185.332,3140.555,3165.57,5636263200.0,0.0023475724441732737,0.0023448212009711256,False
2010-12-07,3152.733,3214.691,3112.223,3200.339,5848365200.0,0.010983487965832373,0.010923607526949652,False
2010-12-08,3194.895,3215.281,3166.766,3171.882,5951566400.0,-0.008891870517466982,-0.008931639118468837,False
2010-12-09,3155.996,3175.052,3122.196,3123.366,6615296400.0,-0.01529565097314467,-0.01541383613728442,False
2010-12-10,3107.379,3172.163,3101.083,3161.977,5710810400.0,0.012361983834107138,0.012286198444584784,False
2010-12-13,3176.335,3261.344,3173.564,3261.061,9571373600.0,0.031336091312492265,0.030855137667126442,False
2010-12-14,3270.201,3279.365,3254.181,3269.474,8410424000.0,0.0025798352131407576,0.0025765131506325645,False
2010-12-15,3270.781,3282.772,3242.516,3247.644,7226978400.0,-0.006676915002229888,-0.006699305320356785,False
2010-12-16,3246.013,3258.394,3224.122,3230.665,5679962400.0,-0.005228097660950448,-0.005241811984291189,False
2010-12-17,3229.297,3232.839,3212.579,3225.661,4491914800.0,-0.0015489071135509347,-0.001550107910283316,False
2010-12-20,3239.022,3249.763,3117.998,3178.657,7475969600.0,-0.014571897046837812,-0.014679109943482871,False
2010-12-21,3184.7,3251.551,3168.889,3249.509,7985241600.0,0.02228991677931913,0.02204512746242493,False
2010-12-22,3253.821,3263.45,3201.669,3215.453,6993625600.0,-0.010480352570188312,-0.010535658219703592,False
2010-12-23,3210.67,3237.644,3183.152,3188.607,6131584800.0,-0.008349056882498318,-0.008384105476050507,False
2010-12-24,3170.642,3187.724,3139.454,3162.955,5513776800.0,-0.00804489233072625,-0.00807742708692416,False
2010-12-27,3176.107,3219.655,3092.263,3099.709,7001710400.0,-0.019995858303390346,-0.02019848110541922,False
2010-12-28,3084.823,3095.358,3041.328,3044.931,5632574800.0,-0.01767198146664728,-0.017829995310609803,False
2010-12-29,3049.928,3062.557,3025.22,3061.83,4519277600.0,0.005549879455396534,0.0055345356191942585,False
2010-12-30,3063.05,3079.909,3027.898,3064.098,5428142800.0,0.0007407334829170331,0.0007404592752724426,False
2010-12-31,3069.053,3129.446,3067.108,3128.261,6256608000.0,0.020940257132767925,0.02072402339878643,False
2011-01-04,3155.557,3194.358,3143.604,3189.682,8541044000.0,0.019634231286967285,0.019443966207497,False
2011-01-05,3170.181,3193.779,3158.871,3175.662,7926880800.0,-0.0043954224903924866,-0.004405110759606146,False
2011-01-06,3177.835,3198.052,3152.572,3159.643,5968109200.0,-0.005044302573762538,-0.005057068014583166,False
2011-01-07,3156.362,3209.9,3141.125,3166.624,8409323200.0,0.002209426824486105,0.002206989630249012,False
2011-01-10,3162.085,3182.782,3102.428,3108.187,6549440800.0,-0.018454038117566185,-0.01862643815781695,False
2011-01-11,3096.249,3131.292,3084.513,3124.922,5698591600.0,0.005384167683604613,0.00536972487127052,False
2011-01-12,3135.18,3153.43,3099.413,3142.337,5849852000.0,0.005572939100559893,0.005557467729508048,False
2011-01-13,3153.985,3157.036,3127.158,3141.284,5193698800.0,-0.0003351009137466665,-0.00033515707260356464,False
2011-01-14,3129.667,3129.667,3083.511,3091.862,5335144000.0,-0.015733056928313394,-0.015858135111191274,False
2011-01-17,3067.433,3078.88,2968.61,2974.35,6680756000.0,-0.038006870940552995,-0.038747970691784595,False
2011-01-18,2965.424,2984.47,2947.6,2977.648,4296456400.0,0.00110881369038629,0.0011081994105257564,False
2011-01-19,2978.457,3045.605,2967.243,3044.851,5657194400.0,0.022569155252736284,0.022318240146787183,False
2011-01-20,3037.862,3037.862,2944.498,2944.713,6104664400.0,-0.032887651973774745,-0.033440608244127645,False
2011-01-21,2935.233,3030.265,2935.138,2983.456,7310296800.0,0.013156800000543312,0.013071001047824993,False
2011-01-24,2986.092,2999.201,2943.92,2954.232,6547254400.0,-0.009795351431360233,-0.009843641490355104,False
2011-01-25,2949.647,2960.587,2919.162,2938.654,4898268800.0,-0.005273113282910691,-0.005287065213109621,False
2011-01-26,2939.773,2982.322,2939.356,2978.431,4337498000.0,0.01353578883393558,0.013444998406770381,False
2011-01-27,2953.589,3037.159,2935.271,3026.466,8258592000.0,0.016127618870472427,0.015998950392605238,False
2011-01-28,3020.122,3047.266,3011.375,3036.735,6301358800.0,0.003393066368497122,0.0033873229071037514,False
2011-01-31,3035.418,3076.547,3032.449,3076.508,6710591200.0,0.013097290346375301,0.013012262457763768,False
2011-02-01,3083.493,3087.225,3062.83,3077.283,4986252800.0,0.000251908982521698,0.0002518772587816187,False
2011-02-09,3055.398,3087.551,3031.749,3040.949,6039414400.0,-0.011807168856422967,-0.011877427055839718,False
2011-02-10,3034.079,3105.324,3024.349,3104.163,6660366400.0,0.020787589663621375,0.020574476073299763,False
2011-02-11,3100.274,3133.499,3092.582,3120.956,7597555200.0,0.005409831893492756,0.005395251314949334,False
2011-02-14,3123.246,3227.432,3123.246,3219.143,12130232800.0,0.03146055247174262,0.030975809920278152,False
2011-02-15,3223.222,3259.639,3215.619,3217.671,10955444000.0,-0.00045726455767891583,-0.00045736913499716536,False
2011-02-16,3211.135,3248.849,3195.467,3248.527,9133428000.0,0.009589544735928657,0.00954385690325843,False
2011-02-17,3255.626,3265.257,3218.913,3245.907,8896469600.0,-0.0008065193855553154,-0.0008068447972942039,False
2011-02-18,3240.051,3242.374,3203.12,3211.876,7537868800.0,-0.010484280664849632,-0.010539627926084094,False
2011-02-21,3192.146,3258.28,3189.848,3257.908,7939977600.0,0.014331811066180533,0.01423008148928595,False
2011-02-22,3267.615,3269.048,3161.833,3163.578,10786374400.0,-0.028954163223761986,-0.029381606062189647,False
2011-02-23,3152.441,3182.185,3145.986,3174.742,7132485600.0,0.003528915677122546,0.0035227036643519227,False
2011-02-24,3170.236,3195.688,3157.969,3190.935,6648689200.0,0.005100571951988542,0.005087608098229168,False
2011-02-25,3190.872,3213.792,3159.847,3197.617,6161927600.0,0.0020940570710465956,0.002091867589605556,False
2011-02-28,3200.677,3241.597,3178.831,3239.559,7663066400.0,0.013116642799935185,0.01303136454095899,False
2011-03-01,3241.714,3273.511,3235.754,3254.893,8856695200.0,0.004733360312314083,0.004722193187209456,False
2011-03-02,3237.116,3257.419,3202.833,3243.298,8091064000.0,-0.0035623290842433653,-0.0035686892877464516,False
2011-03-03,3248.156,3271.64,3221.038,3221.718,10122000000.0,-0.00665372099634387,-0.006675955681702206,False
2011-03-04,3223.507,3273.658,3217.477,3270.666,8001391200.0,0.015193136084536318,0.015078876249139839,False
2011-03-07,3287.405,3337.466,3287.405,3334.51,11818720000.0,0.019520183351036113,0.019332108140025284,False
2011-03-08,3335.71,3342.711,3311.722,3337.457,8487865600.0,0.0008837880228278472,0.0008833977121440739,False
2011-03-09,3344.1,3355.487,3322.698,3338.858,7802636000.0,0.00041978068930936807,0.0004196926060444639,False
2011-03-10,3330.444,3330.444,3279.33,3280.259,7821264000.0,-0.01755061161630722,-0.017706449661043067,False
2011-03-11,3263.081,3290.7,3240.181,3247.376,6720833600.0,-0.010024513308247829,-0.010075097077480777,False
2011-03-14,3238.905,3263.906,3230.114,3262.92,6368978400.0,0.00478663388532774,0.004775214379515447,False
2011-03-15,3250.595,3250.595,3147.957,3203.961,9603397600.0,-0.01806939796256124,-0.01823464314789014,False
2011-03-16,3204.919,3250.878,3202.931,3248.195,7885952000.0,0.013806035716414922,0.013711600595714302,False
2011-03-17,3216.288,3240.381,3185.084,3197.1,8568711200.0,-0.015730274814166112,-0.01585530853021666,False
2011-03-18,3228.915,3239.963,3205.144,3215.685,6134016000.0,0.005813080604297749,0.005796249845447576,False
2011-03-21,3220.677,3236.279,3194.145,3207.11,5910503600.0,-0.0026666169105493687,-0.0026701786667242544,False
2011-03-22,3217.8,3227.797,3175.93,3222.961,5724868400.0,0.0049424559806179325,0.004930282141023312,False
2011-03-23,3222.325,3267.004,3216.653,3264.926,7207758400.0,0.013020635372255507,0.012936595614108981,False
2011-03-24,3269.575,3273.37,3250.023,3251.361,6130424400.0,-0.004154764916570852,-0.0041634199336861855,False
2011-03-25,3256.179,3304.264,3254.683,3294.484,8689597600.0,0.013263061222669625,0.013175876867745018,False
2011-03-28,3307.405,3328.07,3286.856,3290.571,9768430400.0,-0.0011877429060210831,-0.001188448831653588,False
2011-03-29,3288.564,3309.199,3256.337,3257.979,10528016000.0,-0.00990466396257672,-0.009954041462256313,False
2011-03-30,3256.722,3274.977,3233.109,3256.08,7833633600.0,-0.0005828766852088441,-0.0005830466238609944,False
2011-03-31,3257.164,3264.956,3210.174,3223.288,6450388000.0,-0.0100710056263974,-0.01012206128065607,False
2011-04-01,3227.564,3272.768,3220.911,3272.729,6309472000.0,0.015338685218323489,0.015222236853007942,False
2011-04-06,3269.19,3315.299,3268.765,3311.067,10582367200.0,0.011714382706297988,0.011646300503368678,False
2011-04-07,3313.467,3330.805,3302.818,3324.419,8468176000.0,0.004032536943529008,0.004024428058704288,False
2011-04-08,3321.54,3353.889,3314.089,3353.358,7392920800.0,0.008704979727284679,0.008667309843788829,False
2011-04-11,3363.37,3380.527,3331.174,3333.427,10442054400.0,-0.005943594450696921,-0.0059613279101018435,False
2011-04-12,3324.754,3350.156,3307.476,3326.771,10193850400.0,-0.001996743891496622,-0.001998740042225222,False
2011-04-13,3311.324,3372.031,3296.507,3372.031,8703633600.0,0.01360478373774443,0.013513069565496139,False
2011-04-14,3374.324,3378.703,3347.488,3353.56,8897224000.0,-0.00547770764859512,-0.005492765301926994,False
2011-04-15,3345.134,3378.106,3323.563,3358.944,7851487200.0,0.0016054580803683827,0.0016041707102392166,False
2011-04-18,3346.149,3372.9,3335.599,3359.438,8658262400.0,0.0001470700315338025,0.0001470592177970076,False
2011-04-19,3334.912,3334.912,3290.736,3295.812,8510693600.0,-0.01893947737687085,-0.019121126495020846,False
2011-04-20,3300.418,3311.725,3281.827,3295.758,7234332000.0,-1.6384429694427105e-05,-1.638456392072385e-05,False
2011-04-21,3312.271,3330.244,3301.936,3317.367,7324042400.0,0.006556610042363742,0.006535208969465245,False
2011-04-22,3317.083,3325.459,3291.638,3299.942,6717145600.0,-0.005252659714767849,-0.005266503430638281,False
2011-04-25,3292.48,3292.48,3247.691,3249.574,7442183200.0,-0.015263298567065653,-0.01538098173316449,False
2011-04-26,3242.529,3257.8,3216.21,3230.96,5909641600.0,-0.005728135441753324,-0.005744604129601427,False
2011-04-27,3242.619,3256.413,3189.04,3209.503,6244356800.0,-0.006641060242157049,-0.00666321020334415,False
2011-04-28,3224.413,3237.192,3160.406,3161.776,6505023600.0,-0.014870526682791763,-0.014982201456094302,False
2011-04-29,3161.158,3193.599,3147.137,3192.723,5368306400.0,0.009787853408970149,0.009740262660658416,False
2011-05-03,3192.845,3212.055,3164.926,3211.132,5499891200.0,0.005765924572848968,0.005749365252462724,False
2011-05-04,3192.844,3193.446,3120.961,3129.028,6671634000.0,-0.025568553394877624,-0.025901109758752483,False
2011-05-05,3115.003,3136.897,3105.854,3126.117,5256774800.0,-0.000930320853632427,-0.0009307538706622154,False
2011-05-06,3093.809,3141.683,3083.908,3121.396,5535218400.0,-0.001510180201188871,-0.0015113216726714285,False
2011-05-09,3126.26,3149.937,3118.141,3129.759,4602740400.0,0.0026792499253538438,0.002675667133308579,False
2011-05-10,3135.146,3153.301,3121.746,3153.221,4093299600.0,0.007496423846053313,0.007468465299949045,False
2011-05-11,3153.648,3164.65,3127.494,3145.085,4768853200.0,-0.002580218766778497,-0.002583553268284078,False
2011-05-12,3123.158,3142.397,3101.136,3101.603,4879950000.0,-0.013825381507971968,-0.01392184219738013,False
2011-05-13,3105.303,3128.442,3080.19,3128.093,4689595200.0,0.008540744898686281,0.008504479082066752,False
2011-05-16,3120.436,3137.604,3098.776,3100.463,4519432000.0,-0.008832857590870713,-0.008872098521408134,False
2011-05-17,3097.071,3136.231,3076.946,3116.028,5120373200.0,0.005020217948093375,0.005007658669974546,False
2011-05-18,3109.294,3145.698,3106.552,3139.379,3964176800.0,0.007493835100326418,0.007465895812860168,False
2011-05-19,3148.353,3154.935,3118.619,3120.639,4311078400.0,-0.005969333425495882,-0.0059872211168539025,False
2011-05-20,3120.579,3133.429,3113.271,3121.596,3846801200.0,0.0003066679612733214,0.0003066209482653903,False
2011-05-23,3115.312,3115.312,3021.45,3022.98,5590247200.0,-0.03159153202400311,-0.03210130966072278,False
2011-05-24,3013.715,3029.746,2999.885,3026.223,4160894400.0,0.0010727824861560542,0.0010722074662350423,False
2011-05-25,3020.323,3030.988,2988.094,2990.343,3928970400.0,-0.011856363526415614,-0.01192721075493175,False
2011-05-26,3011.466,3021.203,2977.596,2978.381,3700374800.0,-0.0040002100093534665,-0.0040082322503254275,False
2011-05-27,2980.721,2996.605,2962.067,2963.308,4277090400.0,-0.005060803167895478,-0.005073652402209916,False
2011-05-30,2956.575,2982.583,2942.361,2954.506,3467116000.0,-0.0029703291051756953,-0.002974749287774081,False
2011-05-31,2958.607,3001.727,2946.146,3001.556,3968940000.0,0.015924828042319206,0.01579935827170864,False
2011-06-01,2996.085,3006.556,2985.711,3004.173,3841932800.0,0.0008718811176602337,0.0008715012501028241,False
2011-06-02,2970.634,2984.491,2923.016,2955.705,5261786800.0,-0.01613355822051521,-0.016265121040918373,False
2011-06-03,2951.579,2993.895,2951.201,2986.349,3907616400.0,0.010367746442896175,0.01031436997189239,False
2011-06-07,2977.681,3006.569,2974.361,3004.262,3685233200.0,0.005998294238215296,0.005980376087855177,False
2011-06-08,3003.581,3012.806,2965.923,3008.652,4290876000.0,0.0014612573736909606,0.001460190776057857,False
2011-06-09,3000.404,3004.06,2951.889,2951.889,4749663600.0,-0.01886658875802183,-0.01904683351345149,False
2011-06-10,2947.927,2964.079,2925.868,2961.932,4220188000.0,0.003402228200314994,0.003396453715654779,False
2011-06-13,2940.391,2957.523,2921.746,2950.348,3835166800.0,-0.003910960818816811,-0.003918628624935749,False
2011-06-14,2947.655,3000.526,2943.531,2993.559,5598281600.0,0.014646068870519668,0.01453985106337452,False
2011-06-15,2984.962,2999.15,2963.112,2963.119,4439085200.0,-0.010168498432801876,-0.010220550776412374,False
2011-06-16,2939.681,2946.815,2915.401,2917.578,4113548000.0,-0.01536927811539135,-0.015488609743228743,False
2011-06-17,2916.405,2934.061,2891.015,2892.157,4117652800.0,-0.008713048974183346,-0.008751229526528626,False
2011-06-20,2888.935,2896.081,2862.408,2874.896,3799198400.0,-0.005968209886254461,-0.005986090831195945,False
2011-06-21,2883.354,2909.572,2877.054,2909.073,4203892400.0,0.011888082212365036,0.011817974050427615,False
2011-06-22,2913.666,2921.034,2894.178,2908.582,3731880000.0,-0.0001687822890659163,-0.00016879653439971776,False
2011-06-23,2899.013,2966.54,2888.678,2957.629,4594111600.0,0.016862856195905884,0.016722256641704902,False
2011-06-24,2946.609,3047.943,2944.051,3027.47,8545924000.0,0.023613847443340497,0.023339353390324113,False
2011-06-27,3028.496,3056.023,3019.236,3036.491,6561577200.0,0.0029797157362418947,0.002975285182319709,False
2011-06-28,3040.183,3046.797,3013.996,3041.734,5576625600.0,0.0017266641001076888,0.001725175129372758,False
2011-06-29,3039.047,3043.815,2999.953,3000.169,5347684800.0,-0.013664902979682036,-0.01375912712694749,False
2011-06-30,3003.23,3058.625,3003.23,3044.089,6250254800.0,0.014639175326456533,0.014533057002182659,False
2011-07-01,3052.12,3071.206,3034.072,3049.745,5676665200.0,0.0018580271470380882,0.0018563031497560445,False
2011-07-04,3064.935,3124.582,3064.935,3121.98,8046403200.0,0.023685586827751237,0.023409435356096964,False
2011-07-05,3122.899,3128.529,3105.086,3122.5,6776333600.0,0.0001665609645160604,0.0001665470947802561,False
2011-07-06,3116.121,3116.121,3084.834,3113.712,6155580800.0,-0.0028144115292233485,-0.00281837943197516,False
2011-07-07,3123.29,3140.102,3101.096,3101.68,7181036000.0,-0.003864198101815486,-0.0038716834046521598,False
2011-07-08,3105.486,3124.386,3093.374,3109.183,5128259200.0,0.0024190116324056543,0.002416090533600368,False
2011-07-11,3097.874,3120.998,3086.263,3113.206,4792066000.0,0.0012939090429866518,0.0012930726640689727,False
2011-07-12,3089.136,3090.097,3054.8,3056.905,5710798400.0,-0.018084572623848216,-0.018250097171332413,False
2011-07-13,3060.42,3108.497,3060.42,3106.247,5411436800.0,0.01614116238483021,0.01601227886026102,False
2011-07-14,3112.587,3126.153,3092.473,3115.745,6031493600.0,0.0030577091905441556,0.0030530439054334835,False
2011-07-15,3105.497,3130.775,3097.336,3128.889,6155032000.0,0.004218573727952757,0.004209700491983881,False
2011-07-18,3131.803,3137.922,3113.667,3122.6,6069131200.0,-0.002009978621804853,-0.002012001339702252,False
2011-07-19,3108.472,3109.916,3088.377,3095.125,5338870800.0,-0.00879875744571823,-0.008837695082151598,False
2011-07-20,3113.705,3119.543,3071.85,3091.567,4411833200.0,-0.0011495496950849615,-0.0011502109341368083,False
2011-07-21,3092.271,3099.278,3058.255,3059.139,4408469200.0,-0.01048917911208136,-0.010544578286406647,False
2011-07-22,3066.192,3083.191,3059.598,3067.985,3725725600.0,0.0028916633078783782,0.0028874904918527733,False
2011-07-25,3050.897,3050.897,2958.878,2968.289,6718099200.0,-0.03249559564339455,-0.0330353017819931,False
2011-07-26,2965.721,2980.857,2957.61,2977.766,4351545600.0,0.0031927484149958385,0.003187662416442194,False
2011-07-27,2961.576,3002.691,2951.516,3000.052,4838561200.0,0.0074841340790376965,0.007456266902334363,False
2011-07-28,2973.642,2984.375,2956.71,2981.002,4813898400.0,-0.006349889935241215,-0.0063701362397132755,False
2011-07-29,2981.021,2995.974,2948.076,2972.079,4629825200.0,-0.0029932888337544927,-0.002997777682628211,False
2011-08-01,2969.106,2991.051,2958.832,2977.721,3388694800.0,0.0018983344655374434,0.0018965349057502578,False
2011-08-02,2958.85,2958.85,2919.014,2956.383,3897835600.0,-0.007165882901722598,-0.007191681159344654,False
2011-08-03,2930.193,2969.132,2927.096,2954.87,3866836000.0,-0.0005117740157483119,-0.0005119050167667893,False
2011-08-04,2962.913,2983.012,2951.838,2960.309,3298572000.0,0.0018406901149627952,0.0018389981208857265,False
2011-08-05,2881.737,2916.41,2868.157,2897.417,4931685600.0,-0.021245079483256712,-0.02147400434187574,False
2011-08-08,2864.514,2888.769,2747.967,2793.897,7151776800.0,-0.03572837461780609,-0.036382254992373575,False
2011-08-09,2720.953,2812.769,2697.062,2798.19,6984267200.0,0.0015365634452522148,0.0015353841395384649,False
2011-08-10,2845.352,2858.553,2820.123,2824.12,5865931200.0,0.009266704548297255,0.009224032061348808,False
2011-08-11,2779.715,2867.311,2777.761,2866.924,5899768800.0,0.015156579748735854,0.015042866358312423,False
2011-08-12,2881.554,2894.224,2868.871,2875.365,5719740800.0,0.002944270584082309,0.0029399447083990893,False
2011-08-15,2883.174,2917.883,2870.19,2917.883,5987547600.0,0.014786992260113152,0.014678730627839087,False
2011-08-16,2920.829,2932.14,2888.334,2897.581,5096268000.0,-0.006957784119513977,-0.006982102365826748,False
2011-08-17,2893.849,2910.835,2881.631,2886.013,3917818000.0,-0.003992295642468724,-0.004000286128730046,False
2011-08-18,2887.103,2889.997,2832.269,2834.254,4076888400.0,-0.017934430648787747,-0.01809720162335715,False
2011-08-19,2789.346,2814.099,2782.556,2807.664,4325964800.0,-0.009381657395561516,-0.009425942338378235,False
2011-08-22,2809.329,2829.687,2768.418,2777.787,3420968400.0,-0.010641230574598759,-0.010698253357833032,False
2011-08-23,2788.699,2821.003,2777.287,2821.003,3262051400.0,0.015557708348408417,0.015437927945500363,False
2011-08-24,2834.577,2845.47,2804.818,2810.016,3530156400.0,-0.0038947140431967453,-0.0039023181923480976,False
2011-08-25,2818.701,2904.438,2815.912,2903.837,7221684800.0,0.03338806611777301,0.032842788631025854,False
2011-08-26,2889.382,2907.398,2876.828,2901.216,4560410400.0,-0.0009025988717686895,-0.0009030064594082177,False
2011-08-29,2875.784,2875.784,2847.476,2852.809,4426784800.0,-0.01668507274191222,-0.016825836534188454,False
2011-08-30,2875.144,2901.733,2838.33,2841.74,4313787200.0,-0.003880035431744755,-0.003887582296948189,False
2011-08-31,2843.993,2855.305,2823.77,2846.776,3210790000.0,0.0017721536804915505,0.0017705852688623125,False
2011-09-01,2852.386,2869.249,2825.956,2834.535,3011870200.0,-0.004299951945639591,-0.00430922332621364,False
2011-09-02,2828.839,2836.624,2790.769,2803.854,2931711600.0,-0.010823997586905776,-0.010883003219626985,False
2011-09-05,2780.834,2780.834,2743.383,2743.817,3200566000.0,-0.021412313194624222,-0.021644882665526666,False
2011-09-06,2727.749,2745.36,2711.071,2723.303,2971398200.0,-0.007476446133251602,-0.007504534846721533,False
2011-09-07,2738.789,2779.205,2730.055,2779.09,3326538000.0,0.02048505069028317,0.02027805415535333,False
2011-09-08,2788.832,2789.112,2755.799,2756.105,2683873600.0,-0.008270692924662426,-0.008305084866795376,False
2011-09-09,2770.153,2796.352,2739.62,2751.095,2707350400.0,-0.0018177827042149541,-0.0018194368761159652,False
2011-09-13,2712.443,2726.185,2698.66,2720.283,2671376400.0,-0.011199904038210251,-0.011263095229979037,False
2011-09-14,2729.256,2736.905,2677.127,2733.108,3042478000.0,0.004714583004783002,0.004703504166085004,False
2011-09-15,2734.552,2754.193,2728.905,2729.051,3117192400.0,-0.0014843906644012028,-0.0014854934636820971,False
2011-09-16,2744.218,2755.889,2728.995,2733.987,2755593200.0,0.0018086873422300531,0.0018070536368908208,False
2011-09-19,2718.318,2718.318,2678.795,2679.27,2909094000.0,-0.0200136284481236,-0.020216613993935262,False
2011-09-20,2675.043,2702.28,2664.1,2689.845,2559868000.0,0.003946970630059665,0.003939201777062529,False
2011-09-21,2691.701,2778.353,2677.349,2771.011,5619417200.0,0.03017497290736082,0.029728664423235962,False
2011-09-22,2745.146,2754.917,2684.94,2685.688,4710266000.0,-0.030791288811195527,-0.03127530206034379,False
2011-09-23,2644.294,2681.227,2631.425,2669.478,4259222400.0,-0.006035697370655124,-0.0060539858181867245,False
2011-09-26,2645.245,2679.56,2603.108,2610.919,3917512400.0,-0.021936498446512798,-0.022180681041390926,False
2011-09-27,2634.925,2652.56,2613.423,2637.879,3502197600.0,0.010325866103084724,0.010272918522194807,False
2011-09-28,2654.83,2660.099,2602.63,2610.59,3416955600.0,-0.010345053734458487,-0.010398935733094916,False
2011-09-29,2593.559,2615.144,2577.286,2588.185,3709359200.0,-0.00858235111603134,-0.00861939157311209,False
2011-09-30,2595.582,2607.566,2572.193,2581.351,3205082200.0,-0.0026404603998554377,-0.0026439525640524764,False
2011-10-10,2588.349,2595.324,2552.284,2557.082,2832512200.0,-0.00940166602682091,-0.009446140665493985,False
2011-10-11,2625.163,2635.694,2526.649,2551.994,4502984800.0,-0.0019897680246467875,-0.0019917502429152023,False
2011-10-12,2537.398,2647.015,2523.344,2644.758,6594568000.0,0.036349615242041944,0.035704553358143265,False
2011-10-13,2636.863,2672.91,2629.405,2662.601,6042620000.0,0.006746552992750399,0.006723896847613098,False
2011-10-14,2655.358,2665.443,2629.879,2653.782,3833694800.0,-0.0033121748245418248,-0.0033176722178174245,False
2011-10-17,2658.947,2687.102,2653.384,2666.951,3615831600.0,0.0049623518435197855,0.004950079957144915,False
2011-10-18,2646.841,2651.732,2589.205,2592.209,3937344800.0,-0.028025261806459922,-0.028425464372250353,False
2011-10-19,2599.917,2617.411,2580.663,2583.081,3111616600.0,-0.0035213210045947907,-0.0035275354483932375,False
2011-10-20,2566.603,2570.101,2500.486,2520.532,3984246400.0,-0.024214881376155017,-0.024512882153413074,False
2011-10-21,2522.257,2538.117,2504.693,2507.877,2984350400.0,-0.005020765457451115,-0.005033411847805702,False
2011-10-24,2517.059,2581.125,2501.956,2576.669,4634580000.0,0.027430372382696522,0.027060900987730285,False
2011-10-25,2572.708,2633.968,2560.047,2625.425,5796737600.0,0.018922104468987122,0.018745308206777445,False
2011-10-26,2613.272,2679.658,2611.012,2651.652,7309824000.0,0.009989620728072524,0.009940054293505973,False
2011-10-27,2658.428,2672.84,2647.296,2657.478,4882039200.0,0.0021971208891664595,0.0021947107486663953,False
2011-10-28,2694.542,2729.139,2689.376,2709.017,7164310400.0,0.01939395170910152,0.019208285719133578,False
2011-10-31,2704.535,2709.317,2680.992,2695.307,5040711200.0,-0.0050608763252500966,-0.0050737259316857575,False
2011-11-01,2672.508,2726.088,2669.05,2697.534,5520665200.0,0.0008262509613934377,0.0008259098039760104,False
2011-11-02,2658.547,2742.938,2653.722,2742.39,6436158400.0,0.016628520715586737,0.016491780639674936,False
2011-11-03,2752.627,2781.039,2743.196,2744.301,8482076000.0,0.0006968374301248303,0.0006965947516546223,False
2011-11-04,2770.572,2781.99,2748.978,2763.746,6195821600.0,0.007085593016218139,0.007060608154305648,False
2011-11-07,2750.991,2769.296,2733.168,2736.248,4537505600.0,-0.009949539501821092,-0.00999936695225756,False
2011-11-08,2745.059,2756.091,2723.693,2727.71,4788425200.0,-0.003120331198049331,-0.003125209582201194,False
2011-11-09,2739.154,2755.811,2710.054,2751.654,4687796000.0,0.008778059251166814,0.00873975607753863,False
2011-11-10,2720.836,2729.572,2698.306,2699.588,5117370400.0,-0.018921710360386812,-0.019103016648385207,False
2011-11-11,2705.243,2713.914,2685.101,2695.002,3663669600.0,-0.001698777739418067,-0.0017002222985436077,False
2011-11-14,2717.544,2751.88,2714.862,2750.195,4639094400.0,0.020479762167152415,0.02027287177974557,False
2011-11-15,2746.773,2754.001,2732.913,2744.68,4175986400.0,-0.0020053123505788806,-0.0020073256814123752,False
2011-11-16,2745.858,2746.29,2659.148,2670.116,5594924000.0,-0.027166737105964955,-0.027542575412740966,False
2011-11-17,2671.953,2687.831,2660.651,2662.017,3524765200.0,-0.003033201553790277,-0.0030378110329687402,False
2011-11-18,2643.667,2646.209,2601.179,2606.495,4241472000.0,-0.020857116990612767,-0.021077699185372722,False
2011-11-21,2608.556,2613.262,2587.742,2609.687,2797189600.0,0.0012246330800558258,0.0012238838286080522,False
2011-11-22,2592.229,2611.15,2580.781,2609.475,2906907800.0,-8.12357957103993e-05,-8.123909551560615e-05,False
2011-11-23,2613.291,2617.088,2578.157,2584.011,2853141200.0,-0.009758284712442111,-0.00980620879881755,False
2011-11-24,2565.686,2604.236,2557.695,2588.915,3031960000.0,0.001897824738362086,0.001896026144245333,False
2011-11-25,2585.137,2598.392,2563.65,2569.973,2391376600.0,-0.007316578566696874,-0.007343476006117733,False
2011-11-28,2578.344,2589.354,2562.493,2573.321,2566693600.0,0.001302737421754907,0.0013018895956093957,False
2011-11-29,2595.086,2609.187,2580.293,2608.569,3002587800.0,0.013697474974944779,0.013604512503386346,False
2011-11-30,2600.099,2601.9,2507.184,2521.52,4235264400.0,-0.033370403466421616,-0.03393990082454046,False
2011-12-01,2596.153,2630.664,2577.722,2583.613,6352025200.0,0.02462522605412598,0.024326912612359308,False
2011-12-02,2570.56,2575.692,2543.532,2557.311,3218370400.0,-0.01018031725339652,-0.010232491082552642,False
2011-12-05,2561.2,2561.2,2517.179,2521.385,3206338800.0,-0.01404835000514204,-0.014147962098202349,False
2011-12-06,2515.044,2525.666,2499.574,2516.341,2629758000.0,-0.0020004878271269178,-0.002002491475528778,False
2011-12-07,2517.341,2534.529,2509.777,2528.228,2326184000.0,0.004723922552626991,0.004712799845269622,False
2011-12-08,2525.041,2549.101,2494.694,2525.001,2777774400.0,-0.0012763880472804745,-0.0012772033243182435,False
2011-12-09,2506.624,2525.162,2496.972,2503.461,2402906000.0,-0.008530689690816162,-0.0085672842908604,False
2011-12-12,2497.922,2502.046,2476.116,2477.692,2190124800.0,-0.010293349886417169,-0.010346692779460653,False
2011-12-13,2467.016,2472.656,2418.673,2421.928,3571753600.0,-0.022506429370559466,-0.02276356450543293,False
2011-12-14,2415.944,2433.55,2392.299,2397.48,2532010800.0,-0.010094437159155811,-0.010145731473373942,False
2011-12-15,2382.441,2384.473,2340.447,2340.788,3675083200.0,-0.023646495486927988,-0.023930560899632525,False
2011-12-16,2339.976,2390.378,2332.14,2390.129,3630234000.0,0.02107879910525856,0.02085971456413649,False
2011-12-19,2370.418,2387.89,2321.657,2384.408,3790975200.0,-0.002393594655351272,-0.0023964638824640616,False
2011-12-20,2376.709,2412.572,2373.86,2377.073,3240232800.0,-0.003076235275171091,-0.003080976613048847,False
2011-12-21,2397.275,2404.775,2337.693,2339.108,3120952400.0,-0.015971322714952274,-0.016100238772184028,False
2011-12-22,2325.27,2358.468,2294.607,2341.335,3668385600.0,0.0009520723284259791,0.0009516193950274143,False
2011-12-23,2337.382,2382.709,2331.958,2359.159,3316190400.0,0.0076127508451375725,0.0075839200858967,False
2011-12-26,2345.555,2369.818,2334.794,2335.702,2822408800.0,-0.009942950008880236,-0.00999271126017387,False
2011-12-27,2332.826,2346.384,2302.411,2305.035,2927731400.0,-0.01312967150775246,-0.013216627620169064,False
2011-12-28,2295.866,2309.645,2267.114,2307.928,3288202000.0,0.0012550785562908118,0.0012542916035895857,False
2011-12-29,2297.288,2323.488,2293.872,2311.361,3088770000.0,0.0014874814118983615,0.001486376207267881,False
2011-12-30,2318.673,2349.029,2318.673,2345.742,3586524400.0,0.014874785894544607,0.014765241233134496,False
2012-01-04,2361.499,2365.988,2298.298,2298.753,3434456800.0,-0.020031614730008696,-0.020234967766461942,False
2012-01-05,2290.78,2316.657,2272.153,2276.385,4301648000.0,-0.009730493010775776,-0.009778143619124435,False
2012-01-06,2274.352,2291.885,2254.567,2290.601,3519899200.0,0.006244989314197591,0.006225570174708039,False
2012-01-09,2291.182,2368.889,2271.717,2368.57,5472734000.0,0.03403866496172836,0.033472168967122684,False
2012-01-10,2365.768,2449.955,2361.281,2447.349,8115499200.0,0.033260152750393734,0.032719000396168596,False
2012-01-11,2444.757,2453.146,2423.322,2435.608,5870567200.0,-0.004797435919437709,-0.004808980553031361,False
2012-01-12,2426.82,2464.378,2423.321,2435.219,4712127600.0,-0.00015971371419376545,-0.00015972646978745786,False
2012-01-13,2438.405,2445.787,2374.545,2394.334,4551399600.0,-0.016789044435018052,-0.016931578028984262,False
2012-01-16,2376.953,2394.498,2345.633,2345.649,3052714400.0,-0.020333420483524822,-0.02054299019035888,False
2012-01-17,2347.568,2462.429,2329.248,2460.601,6420564800.0,0.049006479656589885,0.04784350637943913,False
2012-01-18,2464.92,2485.498,2414.527,2422.189,6389236000.0,-0.015610820283337379,-0.01573395228035679,False
2012-01-19,2423.857,2480.206,2414.985,2468.35,5561572800.0,0.019057554963712642,0.01887823445488568,False
2012-01-20,2476.73,2510.34,2462.594,2504.086,5452978400.0,0.014477687524054428,0.014373886472678343,False
2012-01-30,2508.877,2508.877,2460.396,2460.72,4351714800.0,-0.017318095305033476,-0.017469807648189395,False
2012-01-31,2462.338,2472.839,2447.768,2464.26,3070150000.0,0.0014386033356093009,0.0014375695371953157,False
2012-02-01,2458.233,2481.664,2423.45,2428.994,3501537600.0,-0.014310989911778815,-0.014414379720345316,False
2012-02-02,2437.47,2486.238,2429.709,2486.238,4206698400.0,0.023566958172807295,0.02329354476373524,False
2012-02-03,2478.336,2514.645,2470.28,2506.09,4994924000.0,0.00798475447644198,0.007953045007461412,False
2012-02-06,2511.172,2520.758,2488.709,2504.322,4507990400.0,-0.0007054814471946225,-0.0007057304163335942,False
2012-02-07,2489.032,2489.032,2441.698,2457.954,3967916400.0,-0.018515190937906545,-0.018688742652748225,False
2012-02-08,2456.422,2534.162,2450.999,2528.236,5618645600.0,0.028593700288939372,0.02819252979096376,False
2012-02-09,2525.589,2546.025,2513.131,2529.231,5929975200.0,0.0003935550320461889,0.00039347760957753053,False
2012-02-10,2521.676,2560.027,2521.155,2533.624,6157587600.0,0.0017368915690183506,0.0017353849171986013,False
2012-02-13,2504.41,2553.446,2496.305,2531.981,5191397200.0,-0.0006484782272347944,-0.000648688580184853,False
2012-02-14,2528.967,2533.264,2506.537,2522.107,4043010000.0,-0.0038997133074853974,-0.003907337016065604,False
2012-02-15,2515.829,2562.071,2511.289,2549.607,5809036800.0,0.010903581806798845,0.01084456635766795,False
2012-02-16,2544.641,2559.345,2519.043,2536.074,5439543200.0,-0.005307876861022076,-0.005322013685947979,False
2012-02-17,2551.815,2558.345,2522.856,2537.086,3899471600.0,0.0003990419837904824,0.0003989623877123094,False
2012-02-20,2571.907,2574.746,2539.904,2540.706,5615332800.0,0.0014268337770182438,0.0014258168169449803,False
2012-02-21,2544.835,2562.909,2520.786,2562.453,4789480800.0,0.008559431905934778,0.008523007668265414,False
2012-02-22,2564.315,2598.863,2560.343,2597.476,7637665600.0,0.013667762881894863,0.013575201462141528,False
2012-02-23,2595.779,2614.537,2590.518,2606.256,7037712800.0,0.003380204475421422,0.0033745044255510948,False
2012-02-24,2607.339,2648.017,2602.776,2648.017,8599971200.0,0.016023368387449333,0.01589634927313277,False
2012-02-27,2658.121,2693.843,2656.573,2656.573,10151403200.0,0.003231097081325407,0.0032258883041782482,False
2012-02-28,2652.342,2671.833,2641.459,2662.463,7759253600.0,0.0022171421602192876,0.00221468792745938,False
2012-02-29,2655.858,2666.647,2631.784,2634.143,5912020800.0,-0.010636767534422109,-0.010693742324780153,False
2012-03-01,2622.737,2647.785,2621.858,2633.345,4214844000.0,-0.00030294482873560735,-0.0003029907257898756,False
2012-03-02,2637.961,2679.934,2637.961,2679.934,6412203200.0,0.01769194693441256,0.017537266179049382,False
2012-03-05,2687.74,2694.612,2660.955,2662.698,7139545600.0,-0.006431501671309903,-0.006452272886149579,False
2012-03-06,2654.799,2657.963,2615.6,2621.052,6244714800.0,-0.015640527014328942,-0.015764130567416323,False
2012-03-07,2596.479,2628.585,2594.128,2603.005,5694873200.0,-0.006885403265558976,-0.006909217029153147,False
2012-03-08,2612.403,2645.953,2612.403,2635.791,5754941200.0,0.012595442575023874,0.01251677982758892,False
2012-03-09,2644.1,2664.414,2631.406,2664.302,5525892000.0,0.010816866739434161,0.010758782917648091,False
2012-03-12,2663.243,2666.432,2636.423,2654.402,6232721600.0,-0.0037157949811995605,-0.0037227156966634922,False
2012-03-13,2653.681,2681.334,2649.169,2681.073,5840446800.0,0.010047837516698577,0.009997693609454572,False
2012-03-14,2694.475,2705.754,2595.342,2605.106,10842654400.0,-0.028334551129342467,-0.02874372217279486,False
2012-03-15,2602.661,2618.252,2575.437,2585.546,7256596000.0,-0.00750833171471732,-0.0075366611308052,False
2012-03-16,2591.8,2624.316,2577.245,2623.52,5809126000.0,0.014687033222383183,0.014580223293864769,False
2012-03-19,2617.662,2631.045,2598.63,2630.013,5764662400.0,0.0024749191925352854,0.0024718616238148527,False
2012-03-20,2622.66,2622.66,2584.024,2584.445,5811406400.0,-0.017326150098877724,-0.01747800442765346,False
2012-03-21,2597.375,2613.269,2569.075,2587.793,5800254400.0,0.0012954425418223448,0.001294604180087866,False
2012-03-22,2586.938,2599.244,2570.446,2583.747,4492677600.0,-0.001563494452608949,-0.0015647179855520221,False
2012-03-23,2575.327,2578.825,2544.525,2552.94,4332925600.0,-0.011923381043112857,-0.011995034689575412,False
2012-03-26,2551.425,2562.929,2540.696,2555.442,3181621200.0,0.0009800465345837228,0.0009795666025240735,False
2012-03-27,2565.551,2571.899,2544.373,2547.143,3594460400.0,-0.0032475790880794886,-0.0032528639180835484,False
2012-03-28,2538.458,2540.417,2471.034,2474.9,5000579200.0,-0.028362365206821893,-0.02877234774099957,False
2012-03-29,2463.688,2476.478,2429.732,2443.122,4613130400.0,-0.012840114752111331,-0.012923261535189745,False
2012-03-30,2447.939,2461.977,2438.488,2454.899,3702708800.0,0.004820471511451263,0.00480889024186304,False
2012-04-05,2449.208,2517.386,2441.269,2512.832,5433168800.0,0.023598934212772038,0.023324784088390338,False
2012-04-06,2509.445,2525.534,2502.703,2519.83,4236857600.0,0.0027849056363498104,0.002781034971273577,False
2012-04-09,2510.533,2518.378,2491.592,2495.146,3537098400.0,-0.009795898929689573,-0.009844194404826645,False
2012-04-10,2490.283,2519.812,2459.348,2519.788,4133590400.0,0.009875975193435416,0.009827526474836645,False
2012-04-11,2494.517,2541.126,2489.325,2520.036,4251031200.0,9.842097827283958e-05,9.841613524663728e-05,False
2012-04-12,2522.828,2570.842,2516.568,2570.436,5648840800.0,0.019999714289795856,0.019802347188097258,False
2012-04-13,2575.052,2593.788,2570.035,2580.454,5309264400.0,0.0038973932826960045,0.003889818121371569,False
2012-04-16,2564.231,2586.198,2559.781,2574.044,4083970000.0,-0.0024840590066710355,-0.002487149400119293,False
2012-04-17,2572.364,2578.76,2541.535,2541.883,3781546800.0,-0.012494347415972662,-0.012573058087519406,False
2012-04-18,2550.905,2602.106,2545.996,2599.908,5868840800.0,0.022827565234119884,0.022570914828593303,False
2012-04-19,2598.329,2606.86,2585.301,2596.056,4644810800.0,-0.001481590887062123,-0.0014826895281325747,False
2012-04-20,2591.51,2627.375,2589.351,2626.839,6144638000.0,0.011857602455416894,0.011787851928679594,False
2012-04-23,2624.751,2632.092,2599.112,2606.038,5866493600.0,-0.007918642901220796,-0.007950161855748483,False
2012-04-24,2594.801,2640.295,2559.464,2604.866,7113956000.0,-0.00044972483133398633,-0.000449825987876018,False
2012-04-25,2598.228,2631.438,2593.327,2625.99,6246805200.0,0.008109438259012114,0.008076733457314411,False
2012-04-26,2632.718,2643.768,2617.089,2631.487,5896566800.0,0.0020933057627789964,0.002091117851050761,False
2012-04-27,2630.549,2637.918,2623.598,2626.157,4823358400.0,-0.002025470769948634,-0.0020275248099359544,False
2012-05-02,2660.673,2697.949,2643.527,2683.487,8014865600.0,0.02183037800101051,0.02159550736205773,False
2012-05-03,2679.517,2693.88,2675.811,2691.518,5936108800.0,0.00299274786872461,0.00298827851370298,False
2012-05-04,2689.624,2716.033,2677.14,2715.879,6321808800.0,0.009051026223863223,0.009010311176903762,False
2012-05-07,2699.447,2717.778,2694.321,2717.778,6854731200.0,0.0006992211361405154,0.0006989767949345804,False
2012-05-08,2717.408,2717.825,2683.562,2709.116,6311084000.0,-0.0031871624540340537,-0.0031922522738874193,False
2012-05-09,2685.187,2685.187,2655.322,2657.514,5840028400.0,-0.019047541707331805,-0.019231283085850315,False
2012-05-10,2657.87,2667.675,2649.38,2657.214,4696257600.0,-0.00011288745797766175,-0.00011289383024681854,False
2012-05-11,2652.313,2666.566,2636.523,2636.917,4100614400.0,-0.007638451400602264,-0.00766777378433936,False
2012-05-14,2653.806,2656.284,2613.349,2615.534,5208248400.0,-0.008109091033202676,-0.008142148544095562,False
2012-05-15,2597.644,2618.175,2591.598,2617.374,4576727200.0,0.0007034892301149842,0.0007032418975567722,False
2012-05-16,2610.161,2612.625,2574.082,2574.647,4328027200.0,-0.016324377028273274,-0.016459087728364352,False
2012-05-17,2577.961,2619.589,2571.201,2613.942,4372838800.0,0.015262286441597661,0.015146989398851396,False
2012-05-18,2595.547,2603.191,2567.302,2573.976,4342212400.0,-0.015289551183614636,-0.015407641617434464,False
2012-05-21,2572.369,2604.219,2563.973,2587.231,3860208800.0,0.005149620664683718,0.0051364067133325975,False
2012-05-22,2598.167,2627.602,2597.603,2627.525,4277352800.0,0.015574179499240559,0.015454146637088328,False
2012-05-23,2621.786,2635.78,2598.29,2616.869,4371953200.0,-0.004055527540175574,-0.004063773494002554,False
2012-05-24,2613.095,2630.414,2588.209,2595.26,4284406400.0,-0.008257578044602143,-0.00829186070043253,False
2012-05-25,2595.261,2602.17,2565.647,2573.103,3927300400.0,-0.00853748757349948,-0.008574140686633314,False
2012-05-28,2562.596,2614.849,2545.336,2614.689,5633927600.0,0.016161809301842966,0.016032597599444642,False
2012-05-29,2615.145,2658.255,2612.564,2650.854,7213564000.0,0.013831472882625873,0.013736691043196636,False
2012-05-30,2646.37,2655.163,2636.518,2642.258,5185543600.0,-0.0032427285697363972,-0.003247997607815023,False
2012-05-31,2623.158,2645.591,2617.228,2632.042,4410746800.0,-0.0038663900345839997,-0.0038738838427603284,False
2012-06-01,2633.601,2653.857,2623.289,2632.998,4419105600.0,0.0003632160884972091,0.0003631501415020111,False
2012-06-04,2598.733,2608.316,2558.92,2559.026,5247850400.0,-0.028094210477941917,-0.028496403579190144,False
2012-06-05,2565.186,2573.887,2548.76,2558.842,3777991200.0,-7.190235659959576e-05,-7.190494169773132e-05,False
2012-06-06,2564.226,2573.739,2547.334,2557.401,3385769600.0,-0.000563145360284123,-0.0005633039861887568,False
2012-06-07,2579.425,2584.039,2536.258,2542.184,3484118400.0,-0.005950181453749148,-0.005967954319669566,False
2012-06-08,2558.843,2559.128,2520.409,2524.329,4385642400.0,-0.0070234884650364204,-0.0070482692600650765,False
2012-06-11,2529.599,2565.429,2523.774,2558.265,4009826000.0,0.01344357252957118,0.013354009513458998,False
2012-06-12,2543.765,2553.915,2529.951,2540.178,3793667600.0,-0.00707002597463513,-0.0070951370355079035,False
2012-06-13,2546.791,2581.115,2539.632,2580.636,4501456800.0,0.015927230296459483,0.015801722867231582,False
2012-06-14,2573.329,2584.709,2558.565,2560.421,4024793600.0,-0.007833340308358139,-0.00786418208689632,False
2012-06-15,2565.189,2580.17,2538.572,2568.054,4278608000.0,0.002981150365506391,0.002976715548474118,False
2012-06-18,2576.629,2593.218,2572.987,2581.212,3569362800.0,0.005123724033840427,0.005110642425194101,False
2012-06-19,2577.362,2577.362,2556.103,2558.621,3270055200.0,-0.008752090103408716,-0.008790614588551904,False
2012-06-20,2563.643,2570.663,2549.438,2552.611,2985064000.0,-0.002348921547974614,-0.0023516845918241103,False
2012-06-21,2547.048,2547.048,2502.419,2512.185,3539673200.0,-0.01583711736727611,-0.015963864497832603,False
2012-06-25,2501.163,2501.163,2455.008,2456.518,4010673600.0,-0.022158798018457992,-0.02240799229280377,False
2012-06-26,2442.562,2465.12,2434.64,2454.915,3173400800.0,-0.0006525496658278396,-0.000652762669029805,False
2012-06-27,2452.666,2470.762,2444.343,2447.195,3000755200.0,-0.0031447117313633255,-0.0031496667280510593,False
2012-06-28,2451.664,2459.189,2425.24,2425.729,3054311200.0,-0.008771675326241013,-0.008810372931669974,False
2012-06-29,2418.862,2462.815,2417.486,2461.612,3799494000.0,0.014792666452023484,0.014684322122498372,False
2012-07-02,2473.545,2473.966,2452.986,2465.238,4051008000.0,0.0014730184935725088,0.0014719346660321264,False
2012-07-03,2464.85,2490.547,2457.449,2468.721,3869335200.0,0.0014128453317692191,0.0014118482048841585,False
2012-07-04,2474.527,2481.336,2455.995,2464.919,3445214400.0,-0.001540068723845267,-0.0015412558486751493,False
2012-07-05,2450.3,2450.3,2420.001,2430.37,3472614400.0,-0.014016282076611875,-0.014115437778130513,False
2012-07-06,2435.059,2477.231,2420.356,2472.614,4961060400.0,0.017381715541255005,0.017232381494743265,False
2012-07-09,2455.892,2470.205,2414.953,2416.036,4922330400.0,-0.022881857014479423,-0.02314771000698901,False
2012-07-10,2411.003,2426.529,2402.371,2406.706,3554998400.0,-0.0038616974250383906,-0.0038691730304298844,False
2012-07-11,2402.184,2427.795,2402.154,2425.572,3762431200.0,0.00783893005626779,0.00780836527029205,False
2012-07-12,2420.036,2460.559,2404.584,2449.181,5671769200.0,0.009733374230902925,0.009686310092757111,False
2012-07-13,2441.013,2467.99,2438.979,2450.633,3672525600.0,0.0005928512429256294,0.0005926755760539137,False
2012-07-16,2452.595,2452.595,2399.61,2399.731,4277187200.0,-0.02077095999278533,-0.02098971079371914,False
2012-07-17,2391.897,2421.929,2391.281,2414.201,3342432800.0,0.006029842511514838,0.006011735761933146,False
2012-07-18,2412.062,2420.778,2373.647,2414.335,4175178800.0,5.550490617811654e-05,5.550336583759474e-05,False
2012-07-19,2407.443,2444.057,2401.291,2424.322,4694905200.0,0.004136542774718643,0.004128010802141979,False
2012-07-20,2415.71,2423.804,2392.181,2398.455,3761975200.0,-0.010669787264233177,-0.010727117610773718,False
2012-07-23,2379.885,2379.885,2357.507,2365.431,3239036800.0,-0.013768863706010714,-0.013864533703079829,False
2012-07-24,2353.22,2392.353,2352.803,2375.992,3031008000.0,0.004464725455952889,0.0044547881365435416,False
2012-07-25,2368.384,2381.043,2357.468,2360.083,2489650000.0,-0.0066957296152512225,-0.006718246580750709,False
2012-07-26,2360.134,2374.874,2344.695,2347.488,3131409400.0,-0.005336676718573186,-0.005350967644482729,False
2012-07-27,2353.942,2364.984,2341.293,2349.108,3109052400.0,0.0006900993743099715,0.0006898613652301933,False
2012-07-30,2350.782,2367.029,2333.999,2335.793,3048485200.0,-0.005668108916235481,-0.005684233605443012,False
2012-07-31,2336.882,2350.071,2329.505,2332.922,3209972400.0,-0.001229132889772333,-0.001229888893151454,False
2012-08-01,2332.129,2371.122,2331.949,2358.651,3142084800.0,0.011028658480652043,0.010968286303886465,False
2012-08-02,2354.073,2358.559,2325.608,2334.882,3151616000.0,-0.010077370496949234,-0.010128490924649292,False
2012-08-03,2340.25,2354.156,2329.934,2353.737,2976978400.0,0.008075354557532277,0.008042923360536136,False
2012-08-06,2350.117,2388.363,2348.119,2385.611,4182066400.0,0.013541869801086515,0.013450998144497461,False
2012-08-07,2383.257,2390.782,2379.452,2388.873,3828548800.0,0.0013673645871017381,0.0013664305954517175,False
2012-08-08,2390.959,2405.183,2382.825,2389.795,3781045200.0,0.0003859560554286823,0.00038588159354890905,False
2012-08-09,2388.43,2412.142,2378.854,2411.7,3565895200.0,0.009166058176538039,0.009124304813851403,False
2012-08-10,2409.937,2413.423,2395.912,2399.751,3470299600.0,-0.004954596342828577,-0.004966911048391864,False
2012-08-13,2394.504,2394.504,2350.808,2351.931,4478354400.0,-0.019927067433246237,-0.020128289100139973,False
2012-08-14,2352.659,2357.847,2324.906,2357.016,3985006400.0,0.002162053223500271,0.0021597193497973066,False
2012-08-15,2350.022,2350.022,2330.15,2331.615,3058017600.0,-0.010776761803908075,-0.01083525170210109,False
2012-08-16,2327.91,2335.397,2317.061,2319.67,2590290400.0,-0.005123058480924092,-0.0051362263374086226,False
2012-08-17,2318.432,2322.885,2295.158,2313.476,2606571600.0,-0.0026702074001905274,-0.0026737787629063092,False
2012-08-20,2294.901,2307.406,2279.946,2301.788,2740203200.0,-0.005052137994947858,-0.005064943191395166,False
2012-08-21,2301.932,2327.375,2296.551,2313.703,3489510000.0,0.005176410685953758,0.005163059127770708,False
2012-08-22,2315.14,2317.373,2285.755,2295.586,3170841200.0,-0.00783030492677761,-0.00786112274509243,False
2012-08-23,2298.18,2311.653,2285.367,2302.199,3133534200.0,0.002880745918471428,0.0028766045215826708,False
2012-08-24,2295.684,2299.298,2274.566,2275.677,3186959200.0,-0.011520289948870555,-0.011587162579972166,False
2012-08-27,2268.485,2268.485,2228.151,2228.204,3738619200.0,-0.02086104486708784,-0.021081710739172976,False
2012-08-28,2226.898,2250.6,2222.001,2238.411,3377361600.0,0.004580819350472387,0.004570359328992524,False
2012-08-29,2230.199,2240.112,2214.429,2214.814,2901064800.0,-0.010541853127062129,-0.010597812082237645,False
2012-08-30,2204.515,2223.195,2188.724,2211.37,3549131200.0,-0.0015549838496595747,-0.001556194091813623,False
2012-08-31,2205.573,2218.866,2203.123,2204.868,2596498600.0,-0.0029402587536232483,-0.0029445898060860287,False
2012-09-03,2201.123,2236.563,2197.708,2228.369,3854859200.0,0.010658687957737278,0.010602284579934285,False
2012-09-04,2231.716,2234.875,2199.509,2204.407,3485268800.0,-0.010753156232203853,-0.010811389252098458,False
2012-09-05,2199.743,2209.536,2186.962,2199.875,3475182400.0,-0.002055881695168016,-0.002057997920910992,False
2012-09-06,2204.436,2218.68,2199.857,2217.823,3169588400.0,0.008158645377578155,0.008125543552534253,False
2012-09-07,2233.912,2341.522,2233.912,2317.179,9452976000.0,0.04479888611489735,0.04382441341665988,False
2012-09-10,2320.557,2334.496,2313.572,2326.666,6533055200.0,0.004094202476373265,0.004085844035746966,False
2012-09-11,2316.532,2316.532,2294.82,2311.89,4626072000.0,-0.006350718152068335,-0.006370969749581512,False
2012-09-12,2325.925,2337.196,2298.297,2320.071,4962252000.0,0.0035386631716907146,0.0035324168346209106,False
2012-09-13,2316.679,2325.534,2298.367,2298.461,4204984800.0,-0.009314370120569682,-0.009358020125580957,False
2012-09-14,2324.012,2332.417,2298.83,2315.542,6157181600.0,0.007431494378194792,0.007404016872493813,False
2012-09-17,2312.055,2314.989,2258.182,2258.705,4898473600.0,-0.024545873061253,-0.02485214520280632,False
2012-09-18,2249.425,2253.144,2228.042,2235.239,3322869600.0,-0.010389138909242202,-0.010443482730902787,False
2012-09-19,2237.218,2249.243,2229.489,2246.236,3434970400.0,0.004919831839011346,0.004907769014881325,False
2012-09-20,2236.191,2236.191,2194.221,2195.951,4254578000.0,-0.022386338746240297,-0.022640716384867865,False
2012-09-21,2190.327,2217.473,2186.53,2199.063,3812059200.0,0.0014171536614433489,0.0014161504468868102,False
2012-09-24,2183.969,2225.805,2172.879,2215.516,3750168800.0,0.00748182294004307,0.00745397292909189,False
2012-09-25,2209.975,2225.334,2202.376,2210.154,2787702000.0,-0.002420203690697842,-0.002423137117600227,False
2012-09-26,2208.906,2216.824,2181.083,2184.891,2745462600.0,-0.011430425210188888,-0.011496254640111836,False
2012-09-27,2186.004,2266.297,2185.766,2251.717,5301690000.0,0.030585507469251372,0.030127094586497982,False
2012-09-28,2235.057,2297.033,2234.323,2293.106,5787582400.0,0.01838108430144647,0.01821419415046943,False
2012-10-08,2291.961,2305.18,2258.11,2270.054,3553442400.0,-0.010052740693190843,-0.010103610700046062,False
2012-10-09,2281.753,2327.727,2281.753,2320.157,5254888800.0,0.02207128112370893,0.021831236045713354,False
2012-10-10,2314.593,2325.749,2304.608,2324.117,4268624000.0,0.0017067810497306546,0.0017053261541786213,False
2012-10-11,2315.897,2321.352,2300.934,2302.533,4130065600.0,-0.00928696791082384,-0.009330360664339565,False
2012-10-12,2311.284,2332.149,2287.009,2304.531,3687414400.0,0.0008677400063321627,0.0008673637376261922,False
2012-10-15,2306.006,2307.882,2278.457,2294.857,2865174600.0,-0.004197817256526348,-0.004206652826795221,False
2012-10-16,2293.244,2315.453,2287.59,2298.162,3205968000.0,0.0014401768824809924,0.0014391408223755064,False
2012-10-17,2307.358,2312.173,2280.818,2300.803,3334940800.0,0.0011491792136499868,0.001148519412655702,False
2012-10-18,2307.487,2341.12,2305.883,2336.077,5061510000.0,0.015331169161375557,0.015214834313463932,False
2012-10-19,2335.105,2342.527,2328.733,2332.47,3592773200.0,-0.0015440415705477717,-0.0015452348311875141,False
2012-10-22,2320.468,2347.895,2315.895,2341.592,3436828800.0,0.003910875595398933,0.00390324800201558,False
2012-10-23,2340.89,2344.044,2309.252,2312.077,3722127200.0,-0.012604672376741899,-0.01268478516851168,False
2012-10-24,2303.401,2321.43,2302.169,2307.779,3754244400.0,-0.001858934628907405,-0.0018606645921428466,False
2012-10-25,2306.733,2322.917,2288.601,2291.239,4435153200.0,-0.007167064090625619,-0.007192870874308532,False
2012-10-26,2291.31,2293.176,2237.059,2247.907,4090052000.0,-0.018912038421133648,-0.01909315821845059,False
2012-10-29,2241.802,2248.139,2227.646,2235.854,2758132400.0,-0.005361876625679107,-0.0053763030778331,False
2012-10-30,2236.316,2257.951,2231.776,2239.882,3408312400.0,0.0018015487594449375,0.0017999279168714466,False
2012-10-31,2241.432,2256.095,2233.684,2254.82,3716979600.0,0.0066691013187303305,0.0066469612442841,False
2012-11-01,2256.609,2305.629,2256.412,2297.884,5076172800.0,0.019098642020205503,0.01891855232312256,False
2012-11-02,2297.898,2309.666,2284.719,2306.774,3983328800.0,0.0038687766658369593,0.0038613121954442775,False
2012-11-05,2302.742,2318.231,2290.135,2301.88,3951037200.0,-0.002121577579771494,-0.0021238313136970888,False
2012-11-06,2301.98,2304.048,2260.507,2292.206,3928062800.0,-0.004202651745529695,-0.004211507707434947,False
2012-11-07,2288.763,2300.893,2277.02,2287.505,3306740400.0,-0.0020508627933091272,-0.002052968692173529,False
2012-11-08,2269.582,2275.401,2245.4,2245.405,3542647600.0,-0.01840433135665276,-0.01857579814269794,False
2012-11-09,2241.756,2252.196,2235.231,2240.924,3050696800.0,-0.0019956310776898523,-0.001997625002589487,False
2012-11-12,2242.96,2254.703,2232.742,2251.848,3472168400.0,0.004874774869652043,0.004862931627800826,False
2012-11-13,2250.842,2250.842,2208.723,2212.44,3408370400.0,-0.01750029309260659,-0.01765523355185117,False
2012-11-14,2213.086,2225.124,2205.996,2223.11,2675879000.0,0.004822729655945546,0.004811137550730926,False
2012-11-15,2210.751,2220.987,2193.516,2193.623,2831915200.0,-0.013263851091488976,-0.01335260162053764,False
2012-11-16,2189.511,2191.611,2162.976,2177.24,3024778600.0,-0.007468466550542341,-0.007496495188013874,False
2012-11-19,2175.184,2176.492,2149.538,2174.985,2697866600.0,-0.0010357149418528389,-0.0010362516651998277,False
2012-11-20,2180.205,2184.334,2163.527,2164.881,2394891600.0,-0.0046455492796503295,-0.004656373379307688,False
2012-11-21,2165.408,2195.461,2151.38,2194.896,3050848200.0,0.013864503406884943,0.01376927040879039,False
2012-11-22,2181.179,2185.577,2169.657,2177.546,2291235200.0,-0.00790470254627118,-0.007936110329723967,False
2012-11-23,2184.409,2202.47,2179.727,2192.676,2866749200.0,0.00694818846536438,0.0069241610377472895,False
2012-11-26,2187.24,2191.359,2172.1,2175.599,2474269600.0,-0.007788200354270192,-0.007818686779401673,False
2012-11-27,2168.589,2173.464,2150.222,2150.638,3194674600.0,-0.011473162103862067,-0.011539486617476946,False
2012-11-28,2142.5,2144.802,2126.03,2129.161,3000934000.0,-0.009986338937561734,-0.010036536895738912,False
2012-11-29,2128.803,2140.877,2114.477,2115.676,2967062400.0,-0.00633348065270789,-0.006353622230530931,False
2012-11-30,2114.244,2142.856,2109.963,2139.661,3640691200.0,0.01133680204341303,0.011273022090925622,False
2012-12-03,2136.696,2152.608,2108.149,2108.85,4018676000.0,-0.014399944664131414,-0.014504630058536527,False
2012-12-04,2104.928,2135.662,2102.135,2131.473,3622591600.0,0.010727647770111703,0.010670514795190655,False
2012-12-05,2128.387,2219.094,2126.793,2207.878,8248710400.0,0.0358461026717205,0.03521858325804317,False
2012-12-06,2205.605,2216.976,2191.227,2203.602,4857468800.0,-0.0019367012126577654,-0.0019385790433741334,False
2012-12-07,2203.887,2250.529,2198.107,2246.757,7616974400.0,0.01958384499560273,0.01939454894118242,False
2012-12-10,2254.915,2276.28,2250.437,2271.046,7337547200.0,0.010810692923177712,0.010752675149451996,False
2012-12-11,2263.209,2274.994,2254.299,2258.5,5146870400.0,-0.005524326675901636,-0.005539642199861028,False
2012-12-12,2257.73,2273.211,2247.953,2267.767,4500645600.0,0.0041031658180208375,0.004094770789450308,False
2012-12-13,2260.601,2266.721,2242.557,2242.635,4194210000.0,-0.011082267269961865,-0.01114413309424922,False
2012-12-14,2245.636,2357.106,2245.636,2355.865,11089256000.0,0.05048971410862646,0.04925644983054234,False
2012-12-17,2359.201,2380.001,2358.664,2366.7,9408819200.0,0.004599159968843747,0.004588616148750724,False
2012-12-18,2361.095,2398.63,2347.077,2368.12,8578484800.0,0.0005999915494148134,0.0005998116264498421,False
2012-12-19,2362.802,2387.142,2358.033,2371.109,6329252800.0,0.001262182659662603,0.0012613867767585774,False
2012-12-20,2361.322,2391.924,2346.55,2384.816,6565546400.0,0.005780839261290804,0.005764194326994598,False
2012-12-21,2386.376,2414.223,2365.032,2372.002,6871416000.0,-0.005373160864402093,-0.00538764821177562,False
2012-12-24,2368.007,2396.725,2367.038,2381.217,5308700400.0,0.003884903975629017,0.003877377223687084,False
2012-12-25,2373.88,2459.302,2365.41,2448.395,9550235200.0,0.028211624560046333,0.027821006313586416,False
2012-12-26,2445.987,2458.007,2441.642,2457.619,7159182400.0,0.0037673659683181704,0.003760287218405267,False
2012-12-27,2464.779,2479.792,2443.681,2444.594,7325506400.0,-0.005299845093971078,-0.005313939092375541,False
2012-12-28,2448.076,2481.592,2444.381,2480.049,6716632000.0,0.014503430835549835,0.014399262077471775,False
2012-12-31,2485.559,2522.952,2485.559,2522.952,8200229600.0,0.01729925497439777,0.017151326461451788,False
2013-01-04,2551.814,2558.529,2498.892,2524.409,9798818400.0,0.0005774981053938699,0.0005773314175341326,False
2013-01-07,2518.047,2545.969,2511.603,2535.985,7516799200.0,0.004585627764756017,0.004575145805784331,False
2013-01-08,2534.647,2540.513,2502.49,2525.33,7183710400.0,-0.0042015232739942565,-0.004210374473953671,False
2013-01-09,2518.104,2534.239,2504.299,2526.126,7023116800.0,0.00031520632947001914,0.00031515666239112505,False
2013-01-10,2525.59,2553.352,2513.729,2530.569,7108586400.0,0.0017588196313247373,0.0017572747192931004,False
2013-01-11,2533.495,2539.794,2473.696,2483.23,7423917600.0,-0.01870685999868016,-0.018884046519366926,False
2013-01-14,2474.176,2583.625,2473.998,2577.725,9355408800.0,0.03805326127664377,0.037347094869163655,False
2013-01-15,2579.132,2605.41,2576.919,2595.856,9862080800.0,0.007033721595593123,0.007009100361037746,False
2013-01-16,2591.365,2600.093,2540.521,2577.092,9353608000.0,-0.0072284441047577586,-0.007254695889717944,False
2013-01-17,2570.711,2575.058,2539.674,2552.758,6991524000.0,-0.009442425803968257,-0.009487288136003968,False
2013-01-18,2568.692,2607.446,2553.451,2595.439,7794030400.0,0.016719563703257334,0.016581330469760402,False
2013-01-21,2605.649,2611.201,2582.652,2610.898,8413374400.0,0.005956217811322162,0.005938549668174531,False
2013-01-22,2610.392,2620.025,2578.181,2596.898,10576627200.0,-0.005362139769535257,-0.005376567640274388,False
2013-01-23,2588.198,2611.409,2576.362,2607.456,7573944000.0,0.004065619827964051,0.004057377528156714,False
2013-01-24,2606.427,2663.404,2564.206,2582.755,11127716800.0,-0.009473218340021905,-0.009518374683090691,False
2013-01-25,2580.881,2591.513,2567.107,2571.674,5848736000.0,-0.004290379846326964,-0.004299609935793924,False
2013-01-28,2577.267,2651.967,2577.267,2651.863,9127479200.0,0.03118163499728177,0.030705363133284536,False
2013-01-29,2655.377,2685.531,2646.154,2675.866,10104023200.0,0.00905137256336408,0.00901065440973614,False
2013-01-30,2678.433,2689.683,2662.062,2688.711,9987499200.0,0.004800315112938991,0.004788830339370165,False
2013-01-31,2690.951,2696.881,2671.33,2686.882,9674010400.0,-0.0006802516149930771,-0.0006804830911040227,False
2013-02-01,2677.187,2744.322,2671.274,2743.324,10387951200.0,0.021006504937693515,0.020788910305909347,False
2013-02-04,2753.688,2768.504,2731.08,2748.028,12793917600.0,0.0017147081423847244,0.0017132397087618045,False
2013-02-05,2727.93,2779.953,2725.362,2771.675,11613081600.0,0.008605079715345187,0.008568267050090839,False
2013-02-06,2771.908,2787.456,2765.743,2775.844,8277927200.0,0.0015041446056986985,0.0015030145132746142,False
2013-02-07,2771.53,2775.974,2722.874,2759.87,8997814400.0,-0.005754646154466969,-0.005771267929612911,False
2013-02-08,2755.649,2791.303,2747.946,2771.725,7742964800.0,0.00429549217897951,0.004286292886700238,False
2013-02-18,2784.065,2787.74,2731.506,2737.471,7643822400.0,-0.012358368885802107,-0.012435368577974337,False
2013-02-19,2735.045,2740.739,2674.339,2685.606,8062643200.0,-0.018946319431329073,-0.01912810066038606,False
2013-02-20,2686.093,2703.098,2665.231,2702.635,7001937600.0,0.006340840763686018,0.006320822211295152,False
2013-02-21,2675.741,2675.741,2584.758,2610.549,10065798400.0,-0.03407267352047172,-0.03466667898729359,False
2013-02-22,2607.65,2618.483,2591.146,2596.604,6020485200.0,-0.0053417882598642,-0.005356106623979784,False
2013-02-25,2607.149,2628.696,2590.787,2604.96,5316194400.0,0.0032180494214752997,0.003212882582230847,False
2013-02-26,2587.375,2631.094,2564.672,2567.595,8000306400.0,-0.014343790307720705,-0.014447656891301008,False
2013-02-27,2576.046,2615.249,2569.38,2594.677,6322674400.0,0.010547613622865049,0.010492375626160566,False
2013-02-28,2611.94,2673.711,2593.997,2673.327,8692259200.0,0.030312058109737805,0.02986172539427301,False
2013-03-01,2671.842,2680.854,2626.995,2668.836,7334375200.0,-0.0016799291669146177,-0.0016813418302552563,False
2013-03-04,2619.42,2619.574,2528.694,2545.715,11061910400.0,-0.04613284592983591,-0.04723086872902016,False
2013-03-05,2547.893,2623.171,2541.766,2622.807,8966115200.0,0.030283044252793268,0.029833564736303053,False
2013-03-06,2634.87,2658.139,2620.431,2650.202,9582964800.0,0.010444916457825748,0.010390745200911766,False
2013-03-07,2639.783,2658.969,2592.867,2619.479,9408266400.0,-0.011592701235604075,-0.01166042047123561,False
2013-03-08,2622.684,2632.624,2601.961,2606.927,5942955600.0,-0.00479179256638429,-0.004803310011920026,False
2013-03-11,2600.278,2611.652,2574.172,2592.372,5094643600.0,-0.005583201984558972,-0.0055988463142346845,False
2013-03-12,2590.391,2619.512,2530.251,2555.615,7193514400.0,-0.014178906422380733,-0.014280387518783577,False
2013-03-13,2551.726,2556.773,2515.058,2527.486,5643046000.0,-0.011006743973564048,-0.011067766365044918,False
2013-03-14,2517.745,2546.699,2514.463,2534.273,4760575600.0,0.0026852769906540175,0.0026816780756790948,False
2013-03-15,2533.722,2600.091,2504.458,2539.873,8137218400.0,0.0022097066890582884,0.0022072688778038696,False
2013-03-18,2526.077,2544.619,2499.828,2502.493,5981277600.0,-0.014717271296635692,-0.014826644779874165,False
2013-03-19,2507.396,2532.07,2491.854,2525.097,5453647600.0,0.009032592698561048,0.00899204283050814,False
2013-03-20,2526.968,2610.174,2526.83,2610.174,9070062400.0,0.03369256705781987,0.03313740794810727,False
2013-03-21,2611.58,2626.538,2598.509,2614.988,6955275200.0,0.001844321489678391,0.0018426228170786985,False
2013-03-22,2612.256,2625.531,2603.344,2618.308,5564714000.0,0.001269604296463278,0.001268799030435197,False
2013-03-25,2628.407,2641.609,2607.613,2613.097,5626140000.0,-0.0019902165826174434,-0.00199219969529274,False
2013-03-26,2601.964,2607.357,2554.974,2575.05,6396296000.0,-0.01456011774534205,-0.014667156528455294,False
2013-03-27,2575.726,2611.939,2566.345,2583.53,5690651600.0,0.003293139939030354,0.003287729428825159,False
2013-03-28,2535.988,2535.988,2495.083,2499.302,8757840800.0,-0.032601905145285714,-0.03314518794115706,False
2013-03-29,2502.782,2509.109,2482.488,2495.083,5240213600.0,-0.0016880713095096533,-0.0016894977073498296,False
2013-04-01,2486.428,2507.825,2483.732,2493.187,4734602400.0,-0.0007598945606218654,-0.0007601834268413654,False
2013-04-02,2495.843,2524.463,2475.0,2486.391,5568415200.0,-0.0027258284276309164,-0.002729550262866809,False
2013-04-03,2493.877,2507.143,2474.927,2483.547,4556422000.0,-0.0011438265341211507,-0.0011444812029575147,False
2013-04-08,2443.24,2473.309,2429.5,2472.299,5329677200.0,-0.004529006296236759,-0.004539293316991433,False
2013-04-09,2477.29,2505.294,2477.29,2489.43,5238982400.0,0.006929178064627228,0.006905281635203764,False
2013-04-10,2487.984,2495.572,2466.19,2485.309,4750491200.0,-0.001655399027086335,-0.001656770714057565,False
2013-04-11,2502.5,2508.593,2476.396,2477.876,4298996000.0,-0.002990774990152101,-0.002995256294952675,False
2013-04-12,2476.322,2489.118,2460.182,2462.112,3991728000.0,-0.006361900272652932,-0.00638222340186001,False
2013-04-15,2453.967,2461.668,2430.149,2436.818,4653973600.0,-0.010273293822539276,-0.010326428329722859,False
2013-04-16,2419.508,2461.046,2416.617,2459.592,5528061200.0,0.009345794392523255,0.009302392662313252,False
2013-04-17,2457.881,2465.202,2437.345,2458.473,4469216400.0,-0.00045495350448376826,-0.00045505702722881125,False
2013-04-18,2440.707,2478.413,2434.73,2464.851,4286070800.0,0.0025942932869305046,0.0025909339169736256,False
2013-04-19,2469.951,2542.453,2469.323,2533.827,7552088000.0,0.027983841619635408,0.027599448640603264,False
2013-04-22,2525.113,2539.046,2518.257,2530.67,6251188400.0,-0.0012459414158899618,-0.0012467182462199133,False
2013-04-23,2532.201,2532.201,2448.2,2449.471,6065398400.0,-0.03208596932828067,-0.03261200693906208,False
2013-04-24,2452.781,2511.202,2446.587,2495.579,6305091600.0,0.01882365620985116,0.018648683533461607,False
2013-04-25,2486.857,2505.482,2456.566,2467.875,6055792800.0,-0.011101231417638968,-0.011163309946767619,False
2013-04-26,2477.724,2488.585,2439.796,2447.306,4712337600.0,-0.00833470090665045,-0.008369628736997647,False
2013-05-02,2434.603,2453.749,2423.077,2449.639,4701608800.0,0.0009532931313043225,0.0009528390359747618,False
2013-05-03,2457.543,2521.119,2457.543,2492.912,6233009200.0,0.017665051870908277,0.017510838320426103,False
2013-05-06,2502.978,2533.855,2500.455,2525.983,6041878000.0,0.013266011796646104,0.01317878881607637,False
2013-05-07,2519.364,2539.298,2507.756,2529.938,5449064400.0,0.0015657270852573735,0.0015645026125641337,False
2013-05-08,2542.266,2562.007,2531.251,2542.798,5955429600.0,0.005083128519354885,0.005070253034978656,False
2013-05-09,2542.374,2543.305,2507.792,2527.794,6024014400.0,-0.005900586676566455,-0.005918063922713657,False
2013-05-10,2519.517,2546.975,2515.158,2540.836,4881672800.0,0.00515943941634478,0.00514617511348181,False
2013-05-13,2542.412,2547.602,2516.728,2530.768,5409214800.0,-0.003962475342761063,-0.003970346748563891,False
2013-05-14,2525.998,2526.145,2479.872,2493.338,5488006400.0,-0.014789976797557003,-0.014900439013203481,False
2013-05-15,2493.968,2507.43,2491.927,2506.925,4418966000.0,0.005449321351537639,0.005434527519834198,False
2013-05-16,2501.117,2553.058,2487.763,2552.709,7079618400.0,0.01826301145826048,0.018098245719849082,False
2013-05-17,2550.452,2598.706,2547.776,2592.048,8185080000.0,0.015410687234620246,0.015293148623118924,False
2013-05-20,2597.151,2627.616,2590.053,2609.607,8633780000.0,0.006774180107775862,0.006751338447366528,False
2013-05-21,2607.393,2617.4,2594.249,2614.853,7150599200.0,0.0020102643808053156,0.002008246503224065,False
2013-05-22,2613.411,2630.068,2603.75,2618.034,7419181600.0,0.001216511979832191,0.0012157726286927684,False
2013-05-23,2604.93,2624.076,2579.347,2582.849,8482536800.0,-0.013439474048083433,-0.013530601167484058,False
2013-05-24,2591.419,2608.35,2572.884,2597.228,6073966800.0,0.005567108259135534,0.0055516691861070555,False
2013-05-27,2593.522,2611.972,2589.739,2599.587,6419508000.0,0.0009082760543164259,0.0009078638212161039,False
2013-05-28,2600.632,2644.359,2585.901,2644.359,8419611200.0,0.01722273576533495,0.017076105638627048,False
2013-05-29,2648.927,2661.229,2640.881,2642.561,7927771200.0,-0.0006799379358096713,-0.0006801691984437142,False
2013-05-30,2633.955,2647.443,2623.581,2634.323,7014636800.0,-0.0031174304017959065,-0.0031222997104043415,False
2013-05-31,2638.71,2645.565,2604.746,2606.426,6252853200.0,-0.010589817573623206,-0.010646288725035369,False
2013-06-03,2605.969,2625.936,2596.051,2602.623,5977446800.0,-0.001459086120227382,-0.0014601516229468814,False
2013-06-04,2600.499,2600.499,2556.056,2565.666,6631575200.0,-0.014199905249434819,-0.014301688595460327,False
2013-06-05,2565.329,2570.027,2545.19,2560.539,4563719200.0,-0.0019983115495157966,-0.002000310837951602,False
2013-06-06,2552.817,2557.678,2525.306,2527.845,5249652800.0,-0.012768405402143967,-0.012850622090853747,False
2013-06-07,2526.913,2538.891,2475.687,2484.16,6103089600.0,-0.01728151844753134,-0.017432586878556755,False
2013-06-13,2448.717,2448.717,2375.204,2399.937,6973006400.0,-0.03390401584439007,-0.034492087225815204,False
2013-06-14,2404.423,2420.356,2396.487,2416.771,5596453600.0,0.00701435079337509,0.006989864671002266,False
2013-06-17,2422.762,2427.532,2394.385,2403.839,5039571200.0,-0.005350941400736886,-0.005365308963919624,False
2013-06-18,2413.088,2424.202,2393.321,2418.745,4863038000.0,0.006200914453921458,0.006181767893910006,False
2013-06-19,2408.28,2408.28,2366.346,2400.765,5434626000.0,-0.007433607097895867,-0.0074613740464446465,False
2013-06-20,2386.104,2386.104,2320.226,2321.466,5520102000.0,-0.033030721457535384,-0.03358855389653037,False
2013-06-21,2283.151,2332.842,2269.565,2317.394,5870580000.0,-0.001754064026783131,-0.0017556041983910475,False
2013-06-24,2308.069,2308.069,2164.325,2171.21,8659725600.0,-0.06308120241961435,-0.06515866263315484,True
2013-06-25,2146.053,2169.211,2023.171,2165.421,10755488000.0,-0.002666255221742797,-0.0026698160109202007,False
2013-06-26,2170.326,2181.021,2131.86,2168.297,7925642400.0,0.0013281481984335208,0.0013272669897794742,False
2013-06-27,2172.848,2200.213,2153.175,2160.735,7540675200.0,-0.003487529614254803,-0.00349362522219554,False
2013-06-28,2149.03,2227.461,2139.372,2200.639,7945132800.0,0.018467789895567854,0.01829933114347071,False
2013-07-01,2187.092,2213.965,2166.353,2213.317,5772622800.0,0.005761053948421191,0.005744522538962293,False
2013-07-02,2211.803,2226.113,2191.801,2221.984,6183884800.0,0.003915842150039817,0.003908195196509645,False
2013-07-03,2211.044,2211.044,2169.137,2203.828,6583602400.0,-0.008171075939340633,-0.008204642153451402,False
2013-07-04,2187.181,2245.908,2176.08,2221.979,7258114400.0,0.008236123690233521,0.008202391909693851,False
2013-07-05,2227.35,2252.033,2225.047,2226.849,6182177600.0,0.002191739885930577,0.0021893415278118056,False
2013-07-08,2194.423,2205.214,2162.189,2163.619,5478249200.0,-0.02839438147804363,-0.02880529911872287,False
2013-07-09,2160.699,2174.786,2149.787,2162.669,4149443200.0,-0.0004390791539546912,-0.0004391755774326711,False
2013-07-10,2163.098,2224.135,2157.468,2224.065,6114978000.0,0.028388995264647665,0.02799349552061159,False
2013-07-11,2232.157,2351.223,2232.157,2326.688,12579319200.0,0.04614208667462516,0.04510919453862616,False
2013-07-12,2319.023,2331.986,2274.073,2275.373,8973308000.0,-0.022054955370036766,-0.02230180211103061,False
2013-07-15,2289.762,2336.04,2274.673,2307.297,7475788800.0,0.014030227131991202,0.013932714519550693,False
2013-07-16,2300.83,2317.848,2281.942,2317.848,6562415600.0,0.004572883334915234,0.004562459469917179,False
2013-07-17,2311.443,2326.925,2281.609,2282.836,6765524800.0,-0.015105390862558798,-0.015220639334059705,False
2013-07-18,2272.947,2282.435,2241.93,2245.328,5714429200.0,-0.01643044003160976,-0.01656691669077226,False
2013-07-19,2248.133,2257.916,2188.752,2190.478,7053528000.0,-0.024428502205468328,-0.024731828119895383,False
2013-07-22,2170.089,2203.058,2159.813,2202.189,5328349600.0,0.005346321670429921,0.005332080827596286,False
2013-07-23,2211.587,2276.742,2206.756,2265.845,7480972800.0,0.02890578419926726,0.02849589211506043,False
2013-07-24,2253.376,2265.578,2217.192,2249.151,6959230400.0,-0.00736767078065792,-0.007394946120084178,False
2013-07-25,2255.223,2268.839,2227.853,2237.683,6577431600.0,-0.005098812840934164,-0.005111856142921312,False
2013-07-26,2226.429,2238.42,2209.806,2224.008,4894109600.0,-0.006111232019906376,-0.00612998202776982,False
2013-07-29,2205.083,2205.083,2169.017,2175.97,5460092400.0,-0.021599742446969605,-0.02183643137021729,False
2013-07-30,2184.007,2221.589,2162.979,2189.388,5519362400.0,0.006166445309448321,0.006147510585662097,False
2013-07-31,2211.75,2235.384,2187.21,2193.021,4832705600.0,0.0016593678233369769,0.001657992593681712,False
2013-08-01,2206.004,2245.56,2200.626,2245.364,6260399600.0,0.02386798849623406,0.023587600822596144,False
2013-08-02,2263.495,2274.71,2244.252,2247.263,6089089200.0,0.0008457426056531769,0.0008453851668956958,False
2013-08-05,2249.976,2278.329,2243.22,2278.329,5534215200.0,0.013823927150493853,0.013729248228079527,False
2013-08-06,2270.672,2302.484,2256.715,2293.641,7374689600.0,0.006720715050372306,0.006698231724778125,False
2013-08-07,2292.379,2313.879,2276.862,2280.623,7304869600.0,-0.0056756920546851,-0.00569186000004418,False
2013-08-08,2277.253,2297.628,2267.073,2276.782,5309843200.0,-0.0016841889255698739,-0.0016856087661487607,False
2013-08-09,2288.51,2301.59,2258.334,2286.01,6460001600.0,0.004053088965039198,0.004044897326792807,False
2013-08-12,2296.22,2352.89,2293.176,2352.794,9786321600.0,0.02921422041023436,0.028795618285142766,False
2013-08-13,2352.883,2360.827,2340.733,2359.068,7839363200.0,0.0026666167968807386,0.0026630676823291566,False
2013-08-14,2362.619,2386.599,2340.833,2349.08,7594212800.0,-0.004233875411815302,-0.004242863641317207,False
2013-08-15,2348.839,2362.089,2319.784,2321.576,6195185200.0,-0.011708413506564264,-0.011777496746186777,False
2013-08-16,2314.261,2423.081,2295.023,2304.144,12036956000.0,-0.0075086923710445674,-0.00753702451561189,False
2013-08-19,2286.203,2340.194,2284.077,2331.43,7248322400.0,0.011842141810581408,0.011772572344956878,False
2013-08-20,2325.862,2353.409,2303.666,2312.465,7308634400.0,-0.008134492564649043,-0.008167758070786846,False
2013-08-21,2320.584,2321.642,2291.053,2308.589,5500738400.0,-0.0016761334766148828,-0.001677539759962876,False
2013-08-22,2302.668,2329.143,2297.016,2303.932,5533810400.0,-0.002017249497420326,-0.0020192868855950508,False
2013-08-23,2314.866,2321.037,2251.92,2286.929,6896713600.0,-0.007379992117822809,-0.007407358987641999,False
2013-08-26,2294.759,2336.381,2288.496,2335.616,7037104000.0,0.02128924859494985,0.021065798370307753,False
2013-08-27,2332.8,2345.105,2322.461,2340.881,6599033200.0,0.002254223296980218,0.0022516863474955073,False
2013-08-28,2326.096,2345.358,2307.043,2328.056,8925617600.0,-0.005478706521177212,-0.005493769676681026,False
2013-08-29,2338.564,2342.32,2308.145,2318.311,6608541600.0,-0.004185895871920531,-0.0041946812590945015,False
2013-08-30,2315.913,2334.413,2303.609,2313.91,8765451200.0,-0.001898364800926311,-0.001900168979071637,False
2013-09-02,2319.957,2329.867,2297.449,2320.344,7951024800.0,0.002780574871105612,0.002776716223981346,False
2013-09-03,2326.231,2354.856,2321.304,2354.502,8055400800.0,0.014721093079302028,0.014613789589851045,False
2013-09-04,2352.537,2360.663,2345.437,2350.699,7872576000.0,-0.001615203554721889,-0.0016165094023126159,False
2013-09-05,2350.927,2351.218,2336.754,2341.735,6295138400.0,-0.0038133338211314705,-0.0038206231154562786,False
2013-09-06,2336.767,2361.178,2335.932,2357.782,7334011200.0,0.006852611418456833,0.006829238990854414,False
2013-09-09,2374.26,2449.249,2372.686,2440.609,14988963200.0,0.035129201936396015,0.034526251715156775,False
2013-09-10,2446.454,2475.195,2435.826,2474.894,15485600000.0,0.01404772333462656,0.01394996849406649,False
2013-09-11,2483.791,2504.469,2471.624,2482.889,16691497600.0,0.003230441384560523,0.0032252347189958286,False
2013-09-12,2480.468,2527.383,2469.718,2507.455,14517316800.0,0.009894119310206673,0.009845492991740201,False
2013-09-13,2502.54,2515.781,2481.454,2488.902,11077504800.0,-0.007399135777112598,-0.007426645163361556,False
2013-09-16,2501.077,2503.694,2467.129,2478.39,10538328000.0,-0.004223549179517838,-0.004232493556916239,False
2013-09-17,2480.81,2481.71,2426.462,2427.322,9945998400.0,-0.020605312319691316,-0.020820563783859214,False
2013-09-18,2426.04,2439.626,2407.243,2432.51,7104076000.0,0.002137334890055742,0.0021350540392228723,False
2013-09-23,2441.516,2473.163,2439.993,2472.288,8012835200.0,0.01635265630973759,0.01622039159715971,False
2013-09-24,2470.715,2470.746,2420.085,2443.885,9785301600.0,-0.011488548259749543,-0.011555051471195732,False
2013-09-25,2440.835,2455.037,2423.276,2429.03,9051841600.0,-0.006078436587646285,-0.006096985487058504,False
2013-09-26,2422.631,2422.631,2382.535,2384.443,8623676800.0,-0.018355886917823194,-0.018526446617437742,False
2013-09-27,2382.218,2402.196,2379.856,2394.971,6597150800.0,0.004415286924451367,0.004405568142113125,False
2013-09-30,2406.205,2415.075,2397.22,2409.037,5951399200.0,0.005873140008793243,0.005855960354868017,False
2013-10-08,2406.415,2446.703,2392.572,2441.811,8478550400.0,0.01360460632194549,0.013512894530986586,False
2013-10-09,2432.94,2453.746,2424.769,2453.583,7627764800.0,0.004821011945641995,0.00480942808325846,False
2013-10-10,2455.64,2455.979,2422.017,2429.317,9032970400.0,-0.009890026137285735,-0.009939257313138938,False
2013-10-11,2442.364,2471.165,2439.634,2468.508,9338826400.0,0.016132517905238286,0.016003771659998556,False
2013-10-14,2472.267,2483.131,2462.551,2472.542,10008130400.0,0.001634185508007313,0.001632851679820746,False
2013-10-15,2475.324,2479.134,2449.416,2467.517,8917349600.0,-0.0020323213923161276,-0.0020343893597614127,False
2013-10-16,2459.077,2459.077,2409.718,2421.371,8897983200.0,-0.01870139091240297,-0.018878473188815192,False
2013-10-17,2432.645,2440.919,2407.777,2413.33,7122247200.0,-0.0033208459174576266,-0.0033263721641958455,False
2013-10-18,2415.118,2435.712,2410.599,2426.054,6029163200.0,0.005272382972904666,0.0052585326233662855,False
2013-10-21,2431.915,2472.785,2423.562,2471.322,8490979200.0,0.01865910651617808,0.01848716099492531,False
2013-10-22,2470.255,2470.255,2439.859,2445.891,9070303200.0,-0.010290443738209754,-0.010343756410446936,False
2013-10-23,2451.556,2474.372,2412.483,2418.491,9154535200.0,-0.011202461597838997,-0.01126568176182463,False
2013-10-24,2412.235,2422.943,2395.474,2400.511,6456082000.0,-0.007434387806280918,-0.007462160602082157,False
2013-10-25,2400.517,2413.332,2353.993,2368.559,7707018400.0,-0.013310499306189327,-0.01339987800484721,False
2013-10-28,2372.571,2377.249,2351.862,2365.954,6287615200.0,-0.0010998248302026559,-0.0011004300813528545,False
2013-10-29,2369.216,2408.616,2327.904,2372.053,10673783200.0,0.0025778185036562373,0.002574501628516579,False
2013-10-30,2371.853,2407.851,2365.506,2407.471,9217812800.0,0.014931369577324105,0.014820994027696877,False
2013-10-31,2398.395,2398.395,2370.226,2373.718,8273696000.0,-0.01402010657656938,-0.014119316652908331,False
2013-11-01,2373.962,2395.005,2365.146,2384.96,6305576000.0,0.00473603014342916,0.004724850437057171,False
2013-11-04,2397.21,2404.896,2376.355,2380.454,5179846000.0,-0.0018893398631423253,-0.0018911269169574751,False
2013-11-05,2366.884,2385.688,2343.801,2383.769,6208448800.0,0.001392591497252127,0.0013916227409964677,False
2013-11-06,2371.324,2383.54,2352.787,2353.568,6377666400.0,-0.012669432314959872,-0.012750373955690009,False
2013-11-07,2351.871,2356.672,2328.253,2340.552,5482174800.0,-0.0055303267209615425,-0.005545675593458199,False
2013-11-08,2329.084,2342.672,2306.041,2307.945,5378850800.0,-0.01393132901982097,-0.014029280780150977,False
2013-11-11,2305.94,2325.228,2295.003,2315.889,4573945600.0,0.003442023098470637,0.0034361128951196918,False
2013-11-12,2319.362,2342.529,2316.603,2340.0,5268754400.0,0.010411120740242641,0.010357298268558246,False
2013-11-13,2325.36,2325.563,2287.547,2288.116,5984883200.0,-0.022172649572649528,-0.022422157836524903,False
2013-11-14,2291.269,2305.696,2279.006,2304.501,5731035600.0,0.007160913170486172,0.007135395578854897,False
2013-11-15,2306.549,2377.211,2306.549,2350.734,8639176800.0,0.020062043800371354,0.01986345270154377,False
2013-11-18,2367.883,2429.566,2361.038,2428.903,11003463200.0,0.033253017993528866,0.032712095279892495,False
2013-11-19,2427.928,2427.928,2405.076,2412.163,7864829600.0,-0.006892000215735217,-0.006915859738976238,False
2013-11-20,2428.767,2435.427,2406.417,2424.85,7229180000.0,0.005259594811793278,0.0052458114518030285,False
2013-11-21,2412.451,2415.383,2382.878,2409.989,8770668000.0,-0.006128626512980184,-0.006147483629407979,False
2013-11-22,2415.29,2418.999,2393.581,2397.962,7500067200.0,-0.004990479209656118,-0.005002973235812114,False
2013-11-25,2385.784,2418.853,2380.689,2388.629,6614473600.0,-0.003892055003373751,-0.0038996487593969675,False
2013-11-26,2387.826,2399.022,2380.412,2387.416,5918586400.0,-0.0005078226882448966,-0.0005079516738559775,False
2013-11-27,2386.362,2422.806,2383.78,2414.481,7529408800.0,0.011336524510181745,0.011272747668725991,False
2013-11-28,2419.15,2460.556,2417.235,2439.53,9066040800.0,0.010374486276760964,0.010321040623652245,False
2013-11-29,2442.676,2446.395,2432.387,2438.944,6180374400.0,-0.00024021020442477337,-0.00024023905951686686,False
2013-12-02,2423.969,2464.863,2397.007,2418.788,11965512000.0,-0.008264232389099568,-0.008298570473731282,False
2013-12-03,2410.693,2448.333,2406.663,2442.784,7445575200.0,0.009920671013747384,0.00987178421771695,False
2013-12-04,2439.824,2486.64,2434.694,2475.135,10265023200.0,0.013243495945609585,0.013156567503073369,False
2013-12-05,2476.453,2481.747,2460.576,2468.197,7770892800.0,-0.002803079427990851,-0.002807015412102487,False
2013-12-06,2463.043,2470.813,2445.623,2452.287,6611408800.0,-0.006446000866219492,-0.006466866042764252,False
2013-12-09,2460.028,2468.948,2445.94,2450.872,5716488400.0,-0.0005770123969991436,-0.0005771789327182475,False
2013-12-10,2456.23,2466.66,2444.526,2453.322,6694142400.0,0.0009996442082655932,0.0009991448967223704,False
2013-12-11,2440.503,2440.503,2400.742,2412.763,6807514400.0,-0.01653227745889052,-0.016670460663505082,False
2013-12-12,2406.766,2423.309,2402.769,2410.015,5014772000.0,-0.0011389431950009632,-0.0011395922836978656,False
2013-12-13,2388.659,2416.26,2386.246,2406.639,5150119600.0,-0.0014008211567146933,-0.001401803223912701,False
2013-12-16,2408.678,2412.734,2367.43,2367.923,6458167200.0,-0.01608716554497802,-0.016217968724490106,False
2013-12-17,2369.255,2373.286,2351.183,2356.376,4848389200.0,-0.004876425458091194,-0.004888354015663232,False
2013-12-18,2356.703,2368.583,2350.451,2357.226,4001520800.0,0.00036072341595727586,0.00036065837090770714,False
2013-12-19,2366.205,2370.991,2331.194,2332.41,4809568000.0,-0.010527628661825439,-0.01058343617049573,False
2013-12-20,2335.052,2338.875,2278.096,2278.136,6520420800.0,-0.023269493785397888,-0.023544503050465515,False
2013-12-23,2283.8,2295.765,2259.575,2284.602,4558028400.0,0.002838285335028168,0.002834265008631931,False
2013-12-24,2291.125,2312.832,2270.245,2288.248,4559916800.0,0.0015959016056188435,0.0015946295078999029,False
2013-12-25,2291.748,2305.609,2281.6,2305.11,4400532800.0,0.00736895651170677,0.007341938400673875,False
2013-12-26,2299.972,2301.493,2263.922,2265.334,5149756400.0,-0.017255575655825695,-0.017406188220379093,False
2013-12-27,2268.535,2315.182,2264.386,2303.478,5338915600.0,0.016838135127093867,0.0166979452321927,False
2013-12-30,2313.38,2316.621,2295.641,2299.458,4841430800.0,-0.0017451870606101094,-0.0017467116736300525,False
2013-12-31,2289.01,2333.074,2287.117,2330.026,5663107200.0,0.013293567440675114,0.013205983322778891,False
2014-01-02,2323.433,2325.991,2310.653,2321.978,4519429200.0,-0.003454038710297591,-0.003460017673687865,False
2014-01-03,2311.968,2314.836,2280.887,2290.779,5978264400.0,-0.013436389147528538,-0.01352747424759393,False
2014-01-06,2286.371,2286.371,2229.334,2238.637,6630040400.0,-0.022761689364185655,-0.023024735868649948,False
2014-01-07,2222.306,2246.791,2218.647,2238.001,4375310400.0,-0.00028410144208279586,-0.0002841418065431256,False
2014-01-08,2240.635,2262.584,2228.418,2241.911,5134885600.0,0.001747094840440111,0.0017455704454993892,False
2014-01-09,2236.967,2258.894,2220.802,2222.221,5598704000.0,-0.008782685842569138,-0.008821480945036875,False
2014-01-10,2216.521,2224.494,2200.215,2204.851,5416929200.0,-0.00781650429907732,-0.007847213298161293,False
2014-01-13,2206.996,2222.072,2183.597,2193.679,5012277200.0,-0.0050670090631974585,-0.0050798898835324735,False
2014-01-14,2192.844,2214.124,2179.908,2212.846,5404994800.0,0.008737376799431429,0.008699426818080447,False
2014-01-15,2210.024,2215.903,2193.802,2208.941,4896239600.0,-0.0017646957809084318,-0.0017662546907795118,False
2014-01-16,2209.448,2227.262,2201.56,2211.844,5229890400.0,0.0013142044083569449,0.001313341597600548,False
2014-01-17,2203.821,2205.972,2175.876,2178.488,5027315600.0,-0.015080629556153191,-0.015195498577964095,False
2014-01-20,2173.651,2182.463,2156.458,2165.993,4056015200.0,-0.005735629482466642,-0.00575214137290736,False
2014-01-21,2168.42,2197.923,2168.42,2187.41,4030624800.0,0.009887843589522216,0.009839278736142099,False
2014-01-22,2190.432,2244.133,2187.534,2243.796,7064137600.0,0.025777517703585495,0.025450878890959316,False
2014-01-23,2242.245,2248.924,2228.057,2231.889,5634595200.0,-0.005306632153725066,-0.0053207623374254,False
2014-01-24,2225.758,2257.355,2222.893,2245.678,6116767200.0,0.006178174631444433,0.0061591679547614575,False
2014-01-27,2233.015,2233.231,2211.799,2215.919,7034424800.0,-0.013251677221756686,-0.013340264183980821,False
2014-01-28,2220.785,2233.257,2205.972,2219.855,5326912800.0,0.0017762382108732488,0.0017746625653209946,False
2014-01-29,2225.711,2233.057,2219.928,2227.781,5022271600.0,0.0035705034788307,0.0035641443636178494,False
2014-01-30,2223.163,2223.163,2200.224,2202.45,4363230400.0,-0.011370507244652939,-0.011435645704433561,False
2014-02-07,2187.343,2212.498,2177.117,2212.483,5045931600.0,0.004555381506958334,0.004545037159690679,False
2014-02-10,2221.54,2270.194,2221.54,2267.534,8306571200.0,0.024881999093326224,0.024577483127449895,False
2014-02-11,2267.735,2296.516,2262.599,2285.562,9922983200.0,0.007950487181228594,0.007919048582864185,False
2014-02-12,2286.187,2294.317,2276.444,2291.246,7659216000.0,0.0024869156907578738,0.002483828433371471,False
2014-02-13,2288.451,2307.474,2278.261,2279.554,9621779200.0,-0.005102900343306627,-0.0051159646019538485,False
2014-02-14,2278.4,2295.852,2274.429,2295.575,6708299600.0,0.007028129186674059,0.007003546997403909,False
2014-02-17,2308.791,2315.579,2293.552,2311.647,8783166400.0,0.007001295971597488,0.006976900698454358,False
2014-02-18,2310.309,2310.309,2276.108,2282.442,8704974400.0,-0.012633849372330586,-0.012714335061915882,False
2014-02-19,2280.927,2317.42,2274.152,2308.656,9935256000.0,0.01148506730948684,0.011419614599722294,False
2014-02-20,2314.088,2331.698,2286.203,2287.436,10643953600.0,-0.009191494965035796,-0.009233997395938331,False
2014-02-21,2284.03,2287.869,2250.652,2264.294,7636899200.0,-0.010117004366461124,-0.01016852906679322,False
2014-02-24,2246.715,2246.715,2194.164,2214.509,8921593600.0,-0.021986985788947866,-0.02223230207159066,False
2014-02-25,2216.515,2225.209,2150.095,2157.909,9323755200.0,-0.02555871301493917,-0.025891011223563076,False
2014-02-26,2147.737,2164.698,2137.079,2163.405,7799329600.0,0.00254690999481455,0.0025436721161122833,False
2014-02-27,2170.81,2180.063,2150.135,2154.108,9010429600.0,-0.0042973923051855545,-0.00430665263520158,False
2014-02-28,2149.446,2180.474,2133.548,2178.971,7666805600.0,0.011542132520746318,0.011476030263613879,False
2014-03-03,2173.907,2194.224,2167.91,2190.37,8207231200.0,0.00523136838443472,0.005217732313048451,False
2014-03-04,2183.858,2188.601,2161.589,2184.273,7306924800.0,-0.002783547985043544,-0.0027874292588840888,False
2014-03-05,2187.352,2189.093,2159.595,2163.976,6133201600.0,-0.009292336626419928,-0.009335779721088677,False
2014-03-06,2159.397,2181.427,2136.454,2173.634,6909376800.0,0.004463080921415008,0.0044531509104253075,False
2014-03-07,2170.043,2189.39,2161.436,2168.358,6426517600.0,-0.002427271564578004,-0.0024302221637722,False
2014-03-10,2149.676,2149.676,2095.067,2097.787,7141640800.0,-0.03254582499753289,-0.03308721953846128,False
2014-03-11,2092.608,2118.79,2088.729,2108.661,5762124400.0,0.005183557720588539,0.005170169331661256,False
2014-03-12,2102.801,2130.586,2090.757,2114.134,7006974400.0,0.0025954859505630257,0.0025921234937857918,False
2014-03-13,2119.547,2149.436,2115.986,2140.333,6922603200.0,0.012392308150760645,0.01231615202144809,False
2014-03-14,2129.87,2140.384,2109.575,2122.836,5861773600.0,-0.00817489614933764,-0.00820849384325495,False
2014-03-17,2132.793,2143.196,2118.953,2143.038,5240944400.0,0.009516514700146583,0.009471517923864248,False
2014-03-18,2146.124,2152.462,2134.923,2138.133,5535413200.0,-0.002288806824704115,-0.0022914301466601117,False
2014-03-19,2131.283,2131.283,2101.285,2120.87,5930390400.0,-0.008073866312338862,-0.008106636478103724,False
2014-03-20,2116.185,2134.792,2086.497,2086.967,6763128800.0,-0.015985421077199358,-0.016114566061182778,False
2014-03-21,2079.871,2163.225,2077.759,2158.798,10402480800.0,0.034418848022033766,0.03383976952183598,False
2014-03-24,2161.898,2186.731,2150.871,2176.554,10449198400.0,0.008224947401285432,0.008191306856668135,False
2014-03-25,2170.78,2191.491,2164.669,2174.44,8687751200.0,-0.0009712600744111732,-0.0009717320531112961,False
2014-03-26,2181.231,2186.078,2165.217,2171.047,5827617600.0,-0.0015604017586137164,-0.0015616204533719369,False
2014-03-27,2168.344,2186.893,2146.916,2155.707,7127513600.0,-0.007065715297734254,-0.007090795674428385,False
2014-03-28,2154.515,2172.668,2144.584,2151.965,7008607200.0,-0.0017358574240375901,-0.0017373657703050327,False
2014-03-31,2156.054,2165.254,2134.422,2146.305,5545748800.0,-0.0026301543008367956,-0.002633619233531448,False
2014-04-01,2143.717,2170.095,2141.151,2163.115,4886640400.0,0.007832064874284006,0.007801553462212674,False
2014-04-02,2166.067,2182.683,2164.008,2180.727,6503925600.0,0.008141961939148068,0.008108994989914464,False
2014-04-03,2188.642,2196.138,2160.747,2165.008,7153603200.0,-0.007208146641005553,-0.007234250847612422,False
2014-04-04,2157.982,2186.154,2155.277,2185.472,4794588800.0,0.0094521590682346,0.009407766927853167,False
2014-04-08,2179.92,2243.97,2178.905,2237.316,9721912000.0,0.023722106711959512,0.023445109622953986,False
2014-04-09,2239.791,2246.793,2228.994,2238.62,6635726800.0,0.0005828412258259696,0.000582671439848248,False
2014-04-10,2241.452,2290.742,2229.515,2273.761,11454540800.0,0.015697617282075527,0.015575684073075635,False
2014-04-11,2269.565,2281.105,2261.133,2270.666,9061589600.0,-0.0013611808804881997,-0.0013621081287134018,False
2014-04-14,2267.943,2275.83,2255.456,2268.613,6226500000.0,-0.0009041400188316562,-0.00090454899995418,False
2014-04-15,2261.411,2261.474,2225.685,2229.463,6821812800.0,-0.017257240437218546,-0.01740788223436862,False
2014-04-16,2223.468,2245.315,2221.153,2232.526,5167800800.0,0.001373873439478368,0.0013729305388832103,False
2014-04-17,2238.779,2241.622,2221.954,2224.803,4833362800.0,-0.003459310216319955,-0.003465307464796119,False
2014-04-18,2215.879,2228.77,2203.047,2224.479,5075799600.0,-0.00014563087158736554,-0.00014564147679241302,False
2014-04-21,2209.942,2231.707,2186.755,2187.248,5627828000.0,-0.01673695278759646,-0.01687859828212801,False
2014-04-22,2184.017,2196.849,2165.075,2196.795,5709469600.0,0.004364845687365948,0.004355347377503094,False
2014-04-23,2191.231,2205.594,2187.388,2194.668,4776353200.0,-0.0009682287150143409,-0.0009686977512171069,False
2014-04-24,2192.769,2209.454,2186.763,2190.474,4505891200.0,-0.0019109951938061087,-0.0019128234747167738,False
2014-04-25,2195.815,2201.712,2167.64,2167.826,6024538400.0,-0.010339314687140888,-0.010393136711225104,False
2014-04-28,2165.773,2171.385,2132.695,2134.969,6048518800.0,-0.015156659252172466,-0.015272695385097457,False
2014-04-29,2134.413,2159.379,2131.783,2158.47,4820493200.0,0.011007653975303455,0.010947510707306485,False
2014-04-30,2158.762,2164.175,2153.124,2158.659,4533462400.0,8.756202309978534e-05,8.755818976968754e-05,False
2014-05-05,2152.59,2161.703,2131.232,2156.47,4934407200.0,-0.0010140554853732553,-0.0010145699874888336,False
2014-05-06,2151.388,2173.618,2150.112,2157.328,4808652000.0,0.0003978724489559493,0.00039779331870182233,False
2014-05-07,2151.472,2153.723,2136.99,2137.316,4460747200.0,-0.009276289929023407,-0.009319582644962132,False
2014-05-08,2132.036,2168.206,2128.318,2135.496,4833245200.0,-0.0008515352900552164,-0.0008518980521818875,False
2014-05-09,2138.84,2141.559,2120.595,2133.911,4918113600.0,-0.0007422163281972649,-0.0007424919071041813,False
2014-05-12,2150.313,2184.332,2139.483,2180.054,8347256000.0,0.02162367596399295,0.02139320084352203,False
2014-05-13,2180.059,2185.046,2167.767,2174.852,6491252000.0,-0.0023861794249134816,-0.002389030888009458,False
2014-05-14,2175.094,2184.221,2168.997,2172.372,4851420800.0,-0.0011403074783938871,-0.0011409581236367927,False
2014-05-15,2169.278,2171.453,2142.338,2144.084,4673403200.0,-0.0130217108303734,-0.013107236579214643,False
2014-05-16,2143.926,2150.5,2132.186,2145.952,4225319600.0,0.0008712345225281304,0.0008708552180252127,False
2014-05-19,2139.362,2139.362,2105.713,2115.143,4289360800.0,-0.01435679828812586,-0.014460854257799305,False
2014-05-20,2124.708,2131.567,2110.72,2115.771,3729968400.0,0.0002969066394094,0.00029686257135530525,False
2014-05-21,2106.762,2136.1,2096.514,2135.905,3894604000.0,0.009516152740537631,0.009471159376313487,False
2014-05-22,2134.087,2160.909,2128.858,2130.868,4625273600.0,-0.002358250952172569,-0.0023610360053805124,False
2014-05-23,2130.775,2148.583,2128.663,2148.414,3762310400.0,0.008234203151016528,0.008200487057248296,False
2014-05-26,2161.892,2165.421,2147.445,2155.976,3955065600.0,0.0035198057730028154,0.0035136257540608895,False
2014-05-27,2154.395,2160.027,2145.752,2147.28,3589717200.0,-0.00403344007539963,-0.004041596334062092,False
2014-05-28,2147.467,2171.172,2142.007,2169.352,5005626000.0,0.010279050706009318,0.010226580520447115,False
2014-05-29,2171.26,2178.092,2154.925,2155.164,4489155600.0,-0.006540201866732431,-0.006561682697499016,False
2014-05-30,2156.381,2166.907,2146.218,2156.464,4392386400.0,0.000603202354901855,0.0006030205014875278,False
2014-06-03,2157.64,2168.995,2149.291,2149.918,4198295200.0,-0.003035524822116109,-0.0030401413723915027,False
2014-06-04,2149.407,2149.452,2117.313,2128.274,4181724800.0,-0.010067360708641115,-0.010118379288242885,False
2014-06-05,2126.607,2150.93,2123.524,2150.602,3647742400.0,0.010491130371371282,0.010436480357773448,False
2014-06-06,2149.214,2149.783,2123.98,2134.716,3573805600.0,-0.007386768914006359,-0.007414186191671668,False
2014-06-09,2128.225,2153.903,2126.665,2134.281,3931106000.0,-0.00020377417886030535,-0.00020379494363886863,False
2014-06-10,2138.671,2161.526,2132.447,2161.268,5050790400.0,0.012644539308554137,0.012565264682695698,False
2014-06-11,2156.151,2163.61,2152.08,2160.766,4256372000.0,-0.00023227105569501028,-0.0002322980347937431,False
2014-06-12,2156.761,2160.988,2148.413,2153.41,4302584400.0,-0.003404348272788571,-0.0034101562517054873,False
2014-06-13,2150.987,2183.645,2150.569,2176.242,5925287600.0,0.010602718479063578,0.01054690383748369,False
2014-06-16,2176.438,2196.343,2174.277,2191.855,6329687600.0,0.0071742940353141105,0.0071486812174921255,False
2014-06-17,2185.681,2185.681,2168.445,2169.674,4993366400.0,-0.010119738760091312,-0.01017129141084716,False
2014-06-18,2169.252,2172.549,2158.497,2160.239,4946389600.0,-0.00434857955619139,-0.0043580621287349075,False
2014-06-19,2161.426,2166.407,2119.498,2126.907,5316264400.0,-0.01542977420553926,-0.015550052015271376,False
2014-06-20,2124.963,2137.034,2120.807,2136.729,4239372000.0,0.004617973423379329,0.004607343297971411,False
2014-06-23,2137.926,2147.227,2132.454,2134.11,4117925600.0,-0.0012257052719365502,-0.0012264570630229343,False
2014-06-24,2131.686,2145.213,2130.292,2144.821,4016435600.0,0.005018954037045775,0.0050064010715509255,False
2014-06-25,2141.726,2141.726,2126.035,2133.371,3766610000.0,-0.00533844083026036,-0.005352741222748314,False
2014-06-26,2135.156,2151.114,2134.891,2149.076,4435116800.0,0.0073615887719482576,0.0073346245295686785,False
2014-06-27,2146.374,2159.526,2138.927,2150.258,5272289600.0,0.0005500038155932252,0.0005498526189313679,False
2014-06-30,2152.306,2168.221,2152.306,2165.118,5430418800.0,0.006910798611143409,0.006887028493249403,False
2014-07-01,2169.199,2171.15,2157.133,2164.559,5332310000.0,-0.0002581845423665907,-0.00025821787773328,False
2014-07-02,2163.998,2171.51,2155.609,2170.867,5968550000.0,0.002914219478424851,0.0029099813726913837,False
2014-07-03,2169.003,2184.964,2164.843,2180.192,6369068800.0,0.0042955187950250995,0.004286319388905113,False
2014-07-04,2180.445,2183.798,2174.073,2178.695,5285110400.0,-0.0006866367732749623,-0.0006868726162698735,False
2014-07-07,2178.546,2186.202,2171.083,2176.289,5024233600.0,-0.0011043308035314503,-0.0011049410260923764,False
2014-07-08,2174.828,2180.778,2163.359,2180.473,5074360000.0,0.0019225387804651106,0.0019206930680404355,False
2014-07-09,2178.135,2178.51,2148.26,2148.71,6202204800.0,-0.014567022843208766,-0.014674163675398866,False
2014-07-10,2146.601,2151.774,2139.522,2142.847,5573249600.0,-0.0027286139125335396,-0.002732343365178025,False
2014-07-11,2136.317,2154.735,2134.795,2148.009,6137427200.0,0.0024089447356716587,0.0024060478796137375,False
2014-07-14,2149.542,2171.902,2145.278,2171.758,6615886400.0,0.011056285145918832,0.010995611234380753,False
2014-07-15,2170.089,2176.272,2165.206,2174.976,7181569600.0,0.0014817488873071216,0.0014806521806534079,False
2014-07-16,2172.824,2183.248,2166.774,2170.868,8156023200.0,-0.001888756473634734,-0.001890542423313768,False
2014-07-17,2166.831,2166.932,2147.084,2157.068,5945356800.0,-0.006356904242911021,-0.006377195397012869,False
2014-07-18,2147.663,2176.325,2145.446,2164.144,6547329600.0,0.0032803787363215875,0.003275010031714487,False
2014-07-21,2164.223,2171.94,2158.955,2166.295,5417226000.0,0.0009939264670004722,0.0009934328491416622,False
2014-07-22,2162.436,2197.592,2162.236,2192.698,7854258400.0,0.01218809072633209,0.0121144139968834,False
2014-07-23,2191.394,2210.282,2190.555,2197.833,8421387200.0,0.0023418637678331855,0.00233912587855567,False
2014-07-24,2199.833,2239.815,2199.833,2237.015,11943553600.0,0.01782756014674436,0.017670512961563745,False
2014-07-25,2243.067,2260.89,2239.066,2260.454,9897284000.0,0.01047780189225378,0.010423290170725075,False
2014-07-28,2272.383,2331.472,2272.383,2323.897,17986932800.0,0.02806648575905535,0.02767983980453881,False
2014-07-29,2326.038,2342.77,2316.217,2331.369,13426964800.0,0.003215288801526217,0.0032101308138097195,False
2014-07-30,2324.69,2339.038,2316.058,2322.011,12302283200.0,-0.004013950601556515,-0.004022028123700672,False
2014-07-31,2321.967,2350.551,2316.585,2350.251,11098776800.0,0.01216187175685235,0.01208851040316894,False
2014-08-01,2341.227,2371.5,2328.966,2329.402,12631739200.0,-0.008870967398801333,-0.008910548686841935,False
2014-08-04,2336.63,2375.62,2332.138,2375.62,11671375200.0,0.019841143778531967,0.019646873773632834,False
2014-08-05,2376.797,2380.774,2353.795,2369.353,11186179200.0,-0.002638048172687424,-0.002641533953555708,False
2014-08-06,2358.206,2371.667,2334.334,2363.221,11634183200.0,-0.0025880482984174114,-0.0025914030848985803,False
2014-08-07,2363.608,2369.204,2326.268,2327.457,11672920800.0,-0.015133582513019328,-0.015249263771319299,False
2014-08-08,2329.184,2339.27,2319.288,2331.134,8673969600.0,0.001579835846591493,0.001578589218746096,False
2014-08-11,2338.008,2367.004,2337.014,2365.349,9160116800.0,0.014677405932048693,0.014570735308217841,False
2014-08-12,2361.17,2361.17,2344.716,2357.052,9182260800.0,-0.0035077276122889023,-0.003513894113282845,False
2014-08-13,2358.459,2370.513,2335.694,2358.901,11044779200.0,0.0007844544795785335,0.0007841469559783931,False
2014-08-14,2357.198,2363.18,2334.08,2335.945,9796949600.0,-0.009731650459260388,-0.009779312441503762,False
2014-08-15,2337.985,2366.902,2333.123,2360.635,9359254400.0,0.010569598171189742,0.010514130473625372,False
2014-08-18,2366.272,2379.804,2361.197,2374.562,10450955200.0,0.0058996837715274975,0.005882348784438385,False
2014-08-19,2378.886,2379.474,2358.965,2374.768,11585001600.0,8.675284115566839e-05,8.674907834560486e-05,False
2014-08-20,2371.649,2375.475,2360.837,2366.14,10128808800.0,-0.003633197011244982,-0.0036398131014072632,False
2014-08-21,2365.731,2367.46,2333.299,2354.244,10069020800.0,-0.00502759769075356,-0.005040278580821678,False
2014-08-22,2352.316,2368.457,2350.986,2365.364,8982393600.0,0.0047233846619125774,0.004712264483419659,False
2014-08-25,2367.019,2367.606,2338.455,2342.863,9737372000.0,-0.009512700793619988,-0.009558235534141701,False
2014-08-26,2339.6,2350.391,2317.184,2324.092,9384422400.0,-0.00801199216514148,-0.008044260646485668,False
2014-08-27,2323.79,2336.737,2322.885,2327.595,6767622400.0,0.001507255306588462,0.0015061205374236053,False
2014-08-28,2328.059,2336.363,2309.639,2311.278,7049065600.0,-0.007010240183537131,-0.007034927360265897,False
2014-08-29,2317.304,2338.774,2313.262,2338.287,6321142400.0,0.011685742693003709,0.011617991704792274,False
2014-09-01,2340.925,2355.552,2338.53,2355.317,7732087200.0,0.007283109387342224,0.007256715621147158,False
2014-09-02,2359.862,2387.655,2349.949,2386.46,11443673600.0,0.013222423987938825,0.013135770748028186,False
2014-09-03,2389.694,2414.26,2389.679,2408.838,12973420800.0,0.009377068964072421,0.009333377174471913,False
2014-09-04,2411.934,2427.297,2404.082,2426.224,11127229600.0,0.007217587899227773,0.007191665767130928,False
2014-09-05,2433.174,2450.634,2427.987,2449.259,13355176000.0,0.009494176959752965,0.009449390512170197,False
2014-09-09,2452.227,2454.893,2437.078,2445.224,11819434400.0,-0.0016474370411622141,-0.001648795557817273,False
2014-09-10,2435.593,2437.081,2422.646,2432.433,10917552000.0,-0.005231013600390022,-0.005244743252963424,False
2014-09-11,2430.678,2461.473,2417.269,2423.454,13298258400.0,-0.0036913658053479015,-0.003698195709064933,False
2014-09-12,2418.752,2438.358,2412.622,2438.358,10916016800.0,0.006149900101260375,0.006131066642118377,False
2014-09-15,2433.001,2439.254,2418.959,2437.189,12224716000.0,-0.00047942098740227923,-0.0004795359463880544,False
2014-09-16,2440.339,2442.924,2386.98,2388.765,18674278400.0,-0.01986879146426479,-0.020068830018530548,False
2014-09-17,2395.361,2405.371,2379.091,2401.326,12526902400.0,0.005258365724548186,0.005244588794488081,False
2014-09-18,2396.379,2414.946,2389.622,2408.664,11592637600.0,0.003055811664055774,0.0030511521615546044,False
2014-09-19,2409.313,2430.149,2402.313,2425.211,10181357600.0,0.006869783415204278,0.006846293970023787,False
2014-09-22,2419.326,2419.326,2374.108,2378.92,10224087200.0,-0.019087411363382323,-0.019271927732757987,False
2014-09-23,2379.521,2402.482,2379.521,2399.462,8403334400.0,0.00863501084525753,0.008597942377340573,False
2014-09-24,2391.419,2443.978,2387.07,2441.864,14271353600.0,0.01767146135258657,0.017517136523830246,False
2014-09-25,2453.423,2462.668,2429.587,2436.965,13866188800.0,-0.0020062542385652637,-0.0020082694624186104,False
2014-09-26,2430.808,2439.649,2420.499,2437.201,10029949600.0,9.684176834712233e-05,9.68370794858231e-05,False
2014-09-29,2443.91,2453.665,2435.611,2447.799,12340172800.0,0.004348430843414297,0.004339003736880898,False
2014-09-30,2452.166,2454.885,2444.204,2450.988,11580423200.0,0.0013028030487796105,0.0013019551372490668,False
2014-10-08,2460.87,2478.383,2445.268,2478.383,12195360000.0,0.011177125306202962,0.011115122819743029,False
2014-10-09,2480.197,2488.113,2461.112,2481.955,13792392000.0,0.0014412623069155472,0.0014402246852673883,False
2014-10-10,2472.096,2482.136,2457.684,2466.789,14763430400.0,-0.006110505629634555,-0.006129251171330452,False
2014-10-13,2457.412,2460.389,2430.546,2454.946,13159336000.0,-0.004800978113653098,-0.004812539828948026,False
2014-10-14,2451.094,2467.904,2436.336,2446.562,12739370400.0,-0.003415146402405589,-0.0034209913261884495,False
2014-10-15,2444.538,2465.498,2431.188,2463.874,13580188800.0,0.007076052027293667,0.007051134248427182,False
2014-10-16,2448.968,2480.3,2441.822,2444.395,15816660800.0,-0.007905842587729639,-0.007937259455332857,False
2014-10-17,2443.222,2456.105,2410.401,2441.732,13275998400.0,-0.0010894311271296697,-0.001090024988573468,False
2014-10-20,2448.453,2456.621,2441.896,2454.711,9143540000.0,0.0053154891691633566,0.005301411819906399,False
2014-10-21,2453.406,2459.255,2432.552,2433.391,9624191200.0,-0.008685340147984721,-0.008723277540563679,False
2014-10-22,2434.886,2447.467,2417.562,2418.641,8865619200.0,-0.0060615001863654205,-0.00607994565453307,False
2014-10-23,2415.44,2424.662,2392.532,2395.936,10349184000.0,-0.009387503147428644,-0.009431843469887902,False
2014-10-24,2397.848,2404.993,2385.725,2390.706,7497487200.0,-0.0021828629813149814,-0.0021852488994333896,False
2014-10-27,2377.542,2377.542,2361.68,2368.832,7386244800.0,-0.009149598486806965,-0.009191713148031688,False
2014-10-28,2373.155,2416.766,2373.155,2416.653,10152305600.0,0.020187586118390888,0.019986518346390092,False
2014-10-29,2423.813,2461.268,2415.703,2451.384,15858406400.0,0.014371529549339623,0.014269238010960805,False
2014-10-30,2450.361,2474.376,2443.759,2468.925,18962635200.0,0.007155549681322926,0.007130070209915296,False
2014-10-31,2473.501,2512.189,2466.504,2508.325,23917241600.0,0.015958362445193552,0.015832366471229875,False
2014-11-03,2515.824,2524.172,2502.06,2512.548,20580123200.0,0.0016835936332013635,0.0016821779781430735,False
2014-11-04,2511.036,2517.46,2498.605,2513.172,21824700800.0,0.0002483534642920837,0.00024832262967589003,False
2014-11-05,2516.87,2519.399,2499.228,2503.448,19049185600.0,-0.003869213885878131,-0.0038767186585610958,False
2014-11-06,2505.167,2510.985,2482.983,2506.067,14965112000.0,0.0010461571400723901,0.0010456102990463734,False
2014-11-07,2508.765,2541.549,2489.419,2502.153,20876091200.0,-0.0015618097999775538,-0.0015630306962739482,False
2014-11-10,2529.83,2565.73,2514.71,2565.73,22659972800.0,0.025408917839956358,0.0250914772673827,False
2014-11-11,2578.438,2602.373,2532.572,2558.612,32371164800.0,-0.0027742591776999115,-0.002778114566909018,False
2014-11-12,2545.403,2594.318,2539.601,2594.318,18468625600.0,0.013955222597251904,0.013858745019637908,False
2014-11-13,2597.389,2607.519,2567.463,2579.75,21981561600.0,-0.0056153486195602564,-0.005631173960630065,False
2014-11-14,2569.211,2581.932,2557.666,2581.093,16504996800.0,0.0005205930807248293,0.0005204576191584209,False
2014-11-17,2613.513,2614.086,2565.943,2567.101,15847809600.0,-0.005420959260282299,-0.005435705978316996,False
2014-11-18,2565.273,2570.211,2534.927,2541.416,14294136000.0,-0.010005449727143567,-0.010055840643545366,False
2014-11-19,2538.233,2550.5,2531.318,2537.223,12214697600.0,-0.0016498676328472461,-0.0016512301633193616,False
2014-11-20,2528.78,2545.473,2522.836,2537.099,10614986400.0,-4.8872330102534e-05,-4.8873524393755474e-05,False
2014-11-21,2537.538,2585.362,2530.032,2583.455,15102814400.0,0.018271261783635362,0.018106348039051312,False
2014-11-24,2614.16,2667.671,2602.944,2649.258,27983971200.0,0.025470929433645928,0.02515195042849072,False
2014-11-25,2650.085,2686.063,2643.843,2685.561,22261169600.0,0.013703082146019785,0.013610043892883894,False
2014-11-26,2695.263,2723.36,2690.31,2723.018,24396248000.0,0.013947551368224342,0.01385117934230351,False
2014-11-27,2737.03,2754.49,2718.704,2754.49,26546473600.0,0.011557764216027833,0.011491483475101205,False
2014-11-28,2753.925,2809.543,2740.374,2808.819,37532364800.0,0.01972379641966393,0.01953180280267741,False
2014-12-01,2825.611,2855.332,2808.653,2819.812,36548742400.0,0.0039137445310644114,0.003906105757256917,False
2014-12-02,2807.338,2944.506,2804.293,2923.94,36146531200.0,0.03692728451400318,0.03626180578012139,False
2014-12-03,2936.124,3028.225,2912.246,2967.549,46615667200.0,0.014914464729098409,0.014804337739874995,False
2014-12-04,2975.403,3104.89,2968.876,3104.351,42681292800.0,0.04609932304403408,0.0450683162437997,False
2014-12-05,3143.968,3195.798,3011.936,3124.885,52488124800.0,0.006614587074721845,0.006592806686397168,False
2014-12-08,3108.272,3270.881,3075.7,3252.881,48446233600.0,0.04096022733636584,0.04014358269389362,False
2014-12-09,3233.097,3387.827,3074.516,3106.913,63287456000.0,-0.04487345217977534,-0.04591143647366991,False
2014-12-10,3120.212,3229.047,3058.191,3221.546,42501872000.0,0.03689610877420768,0.036231739825712594,False
2014-12-11,3185.161,3254.424,3158.443,3183.012,36709168000.0,-0.011961337817308682,-0.0120334502360393,False
2014-12-12,3182.923,3239.447,3167.928,3193.227,30106531200.0,0.003209224470407168,0.003204085900504694,False
2014-12-15,3176.829,3226.221,3143.297,3217.228,29019382400.0,0.007516221051619532,0.007488115008465357,False
2014-12-16,3221.358,3303.402,3207.688,3303.402,35812384000.0,0.02678517033918637,0.026432727311396675,False
2014-12-17,3325.82,3368.194,3275.736,3360.598,44814076800.0,0.017314271771948997,0.017166087788213602,False
2014-12-18,3359.09,3393.711,3322.229,3345.927,35597020800.0,-0.004365592076172153,-0.004375149098107656,False
2014-12-19,3345.629,3397.183,3280.916,3383.167,41121158400.0,0.011129949936146133,0.011068467817993977,False
2014-12-22,3396.251,3455.207,3357.661,3394.481,54980166400.0,0.0033442038184932077,0.003338624404575441,False
2014-12-23,3358.798,3431.779,3316.913,3324.924,36973609600.0,-0.02049120322075748,-0.020704060750434294,False
2014-12-24,3332.146,3340.357,3188.495,3230.385,31744960000.0,-0.02843343186190117,-0.02884549152589244,False
2014-12-25,3254.48,3335.779,3226.322,3335.419,30979955200.0,0.032514390699560414,0.03199698347946622,False
2014-12-26,3343.64,3453.338,3335.012,3445.839,38461411200.0,0.03310528602253582,0.03256910752122799,False
2014-12-29,3502.183,3524.28,3405.836,3455.455,42501504000.0,0.002790612097663292,0.0027867255685745107,False
2014-12-30,3450.814,3491.826,3422.174,3457.554,32823388800.0,0.0006074453291968762,0.0006072609089624592,False
2014-12-31,3462.389,3542.34,3452.498,3533.705,34593475200.0,0.022024529479510724,0.02178549294114518,False
2015-01-05,3566.089,3669.042,3551.51,3641.541,45119811200.0,0.030516412660366532,0.030060048111758775,False
2015-01-06,3608.428,3683.226,3587.231,3641.059,42096217600.0,-0.00013236154693851976,-0.0001323703075009064,False
2015-01-07,3620.924,3671.19,3601.698,3643.79,32019123200.0,0.0007500565082849686,0.0007497753564802423,False
2015-01-08,3650.073,3659.945,3552.1,3559.259,29500304000.0,-0.023198647562016506,-0.023471971626831234,False
2015-01-09,3547.574,3689.753,3536.395,3546.723,34998265600.0,-0.003522081422003831,-0.0035282985532294475,False
2015-01-12,3531.515,3560.527,3461.322,3513.576,26656716800.0,-0.009345810202826654,-0.009389756309296615,False
2015-01-13,3506.451,3550.158,3494.768,3514.04,18715396800.0,0.0001320591898397172,0.0001320504707926773,False
2015-01-14,3522.907,3547.242,3471.56,3502.423,19601251200.0,-0.0033058815494416693,-0.003311358048954105,False
2015-01-15,3501.719,3604.121,3482.27,3604.121,23781233600.0,0.029036469895269645,0.028622898298948485,False
2015-01-16,3616.248,3662.158,3601.258,3635.146,28268160000.0,0.00860820155594122,0.008571362251402093,False
2015-01-19,3414.013,3497.252,3330.981,3355.155,32950528000.0,-0.07702331625744885,-0.08015130618237798,True
2015-01-20,3336.793,3419.204,3325.681,3396.222,29784323200.0,0.01223997102965435,0.012165668278834474,False
2015-01-21,3420.491,3557.794,3409.43,3548.885,33792822400.0,0.04495083065830219,0.04396983230816964,False
2015-01-22,3551.052,3576.756,3520.053,3567.613,26885360000.0,0.005277150428937505,0.0052632750641308235,False
2015-01-23,3582.088,3627.806,3548.626,3571.732,28017216000.0,0.0011545534787547052,0.0011538874944481137,False
2015-01-26,3580.118,3611.617,3559.376,3607.985,23976620800.0,0.010149977657898157,0.010098812559805381,False
2015-01-27,3614.038,3616.258,3510.017,3574.931,28766918400.0,-0.009161346291628125,-0.009203569503387854,False
2015-01-28,3547.239,3583.312,3512.393,3525.323,21622020800.0,-0.013876631465054912,-0.013973811988385876,False
2015-01-29,3474.915,3505.582,3453.901,3481.798,21161886400.0,-0.012346386416223432,-0.012423236245240332,False
2015-01-30,3496.885,3514.217,3431.936,3434.39,19647915200.0,-0.013615953596389008,-0.013709500819556908,False
2015-02-02,3360.193,3407.256,3347.085,3353.96,19518369600.0,-0.02341900599524216,-0.02369758893576268,False
2015-02-03,3388.602,3441.709,3360.717,3437.445,19284609600.0,0.024891471573900814,0.024586725593225722,False
2015-02-04,3446.144,3476.817,3399.565,3401.768,19130435200.0,-0.010378929699238815,-0.010433166395722893,False
2015-02-05,3487.951,3487.951,3366.862,3366.946,25043060800.0,-0.010236441756169223,-0.010289194434676574,False
2015-02-06,3352.33,3374.051,3285.935,3312.42,19266419200.0,-0.016194497921855566,-0.016327061956983968,False
2015-02-09,3305.734,3376.526,3298.597,3345.921,17235382400.0,0.010113753690655036,0.01006295192766693,False
2015-02-10,3345.077,3407.18,3339.548,3406.943,15930908800.0,0.018237728864489045,0.01807341627267789,False
2015-02-11,3415.977,3445.655,3412.136,3434.124,14461377600.0,0.007978119974416886,0.007946463039003149,False
2015-02-12,3435.361,3453.582,3405.627,3442.874,15608169600.0,0.0025479569171060756,0.002544716378215739,False
2015-02-13,3458.827,3509.505,3452.079,3469.828,20108996800.0,0.00782892432310911,0.007798437312034778,False
2015-02-16,3473.289,3504.475,3466.607,3499.483,16564134400.0,0.008546533142276935,0.00851021829192078,False
2015-02-17,3511.544,3536.82,3511.093,3522.322,16532832000.0,0.006526392612851595,0.0065051879226682985,False
2015-02-25,3529.55,3529.55,3463.955,3478.729,16553934400.0,-0.012376210919955777,-0.012453434032845934,False
2015-02-26,3473.713,3569.33,3456.871,3566.295,22932843200.0,0.025171837185362866,0.024860244573845947,False
2015-02-27,3565.233,3594.813,3560.455,3572.843,22278643200.0,0.0018360791802136678,0.001834395647252407,False
2015-03-02,3603.452,3608.691,3566.527,3601.265,24817612800.0,0.007955009498038512,0.007923535218591127,False
2015-03-03,3579.315,3579.315,3504.201,3507.9,26186649600.0,-0.025925612250139785,-0.02626760479609125,False
2015-03-04,3514.667,3540.912,3497.172,3530.822,19966398400.0,0.006534393796858495,0.006513137194803065,False
2015-03-05,3513.249,3517.083,3467.676,3496.344,21750880000.0,-0.009764864952127361,-0.009812853905206254,False
2015-03-06,3501.184,3516.243,3472.392,3478.52,18151804800.0,-0.00509789654564885,-0.0051109351520981505,False
2015-03-09,3449.696,3546.705,3417.486,3537.75,23394041600.0,0.017027356461943643,0.01688401588059918,False
2015-03-10,3523.64,3551.205,3511.985,3520.611,19426766400.0,-0.004844604621581539,-0.004856377758068575,False
2015-03-11,3524.575,3568.916,3512.218,3524.653,18894782400.0,0.001148096168534396,0.0011474376101379136,False
2015-03-12,3557.686,3603.341,3536.534,3592.844,26566462400.0,0.019346869039306824,0.019162097729640948,False
2015-03-13,3604.671,3641.392,3594.742,3617.657,24686476800.0,0.006906228046639429,0.006882489287907134,False
2015-03-16,3641.773,3705.739,3621.119,3705.671,27543830400.0,0.02432900631541335,0.02403777024295195,False
2015-03-17,3733.961,3762.575,3716.809,3757.122,37162566400.0,0.013884395025894003,0.013788889819284833,False
2015-03-18,3769.086,3846.055,3763.848,3846.055,41519001600.0,0.02367051163097722,0.02339470885416084,False
2015-03-19,3851.249,3859.126,3809.706,3839.739,39154761600.0,-0.0016422022045966544,-0.0016435520967021944,False
2015-03-20,3852.492,3916.863,3832.416,3892.574,40181753600.0,0.013760049836720745,0.01366623992408833,False
2015-03-23,3923.083,3972.296,3922.21,3972.061,39111993600.0,0.020420164138176933,0.020214468103773697,False
2015-03-24,3980.066,3989.858,3883.782,3973.046,46858131200.0,0.0002479820929235377,0.0002479513504471953,False
2015-03-25,3961.578,3980.716,3913.988,3940.412,37996886400.0,-0.008213849021632247,-0.008247768547111178,False
2015-03-26,3921.745,3991.997,3892.878,3949.999,34675632000.0,0.0024329943163303724,0.0024300393775877893,False
2015-03-27,3957.542,3993.032,3932.87,3971.697,29875606400.0,0.0054931659476369354,0.0054781335367977135,False
2015-03-30,3999.024,4101.651,3999.024,4088.178,42829702400.0,0.02932776593984876,0.028905934742599726,False
2015-03-31,4138.885,4166.018,4037.771,4051.204,43606563200.0,-0.009044126747905668,-0.009085273138891736,False
2015-04-01,4057.501,4139.499,4046.939,4123.895,32951286400.0,0.017943060877704475,0.01778398422388605,False
2015-04-02,4149.946,4156.842,4068.649,4124.776,33907049600.0,0.00021363298532084407,0.00021361016904464236,False
2015-04-03,4104.672,4170.558,4092.383,4170.538,32130377600.0,0.011094420642478564,0.01103332899345233,False
2015-04-07,4213.894,4260.471,4197.019,4260.044,41536265600.0,0.02146149969140687,0.021234444591106794,False
2015-04-08,4277.45,4304.78,4204.826,4295.803,45867670400.0,0.008394044756345309,0.008359010677878587,False
2015-04-09,4316.958,4332.166,4212.611,4262.138,43969990400.0,-0.00783671876945935,-0.007867587227373463,False
2015-04-10,4249.383,4351.687,4231.196,4344.416,34819017600.0,0.019304396056627038,0.019120430002146804,False
2015-04-13,4394.047,4432.024,4361.589,4421.073,43415302400.0,0.017644949286624412,0.017491084490028896,False
2015-04-14,4432.126,4474.353,4385.908,4438.184,43443212800.0,0.0038703274069440408,0.0038628569590066775,False
2015-04-15,4439.314,4475.997,4379.609,4380.513,47215414400.0,-0.012994278741034648,-0.013079442950495235,False
2015-04-16,4355.491,4513.765,4335.63,4513.546,42260374400.0,0.030369274101001542,0.02991725653378907,False
2015-04-17,4578.679,4630.27,4553.904,4596.136,55280268800.0,0.018298251529950127,0.01813285314593749,False
2015-04-20,4615.034,4671.168,4492.6,4521.919,68643910400.0,-0.016147694498161225,-0.016279489230136335,False
2015-04-21,4520.461,4620.058,4504.558,4619.164,49031497600.0,0.021505250315186908,0.021277275071618362,False
2015-04-22,4637.055,4740.933,4632.589,4739.814,51621379200.0,0.026119444990478913,0.02578415809188961,False
2015-04-23,4764.481,4782.044,4693.967,4740.892,49743094400.0,0.00022743508500533416,0.00022740922556607757,False
2015-04-24,4682.626,4730.43,4618.318,4702.641,48015292800.0,-0.008068312882892115,-0.00810103786172256,False
2015-04-27,4753.871,4810.485,4735.31,4807.592,51307654400.0,0.02231745948712649,0.02207206926859051,False
2015-04-28,4811.319,4839.078,4703.567,4741.861,60863852800.0,-0.013672333259561076,-0.013766660375928552,False
2015-04-29,4722.903,4797.927,4695.793,4774.326,39505699200.0,0.006846468084998669,0.0068231374501426245,False
2015-04-30,4788.412,4818.725,4749.485,4749.886,39972745600.0,-0.005119047170218272,-0.005132194378830945,False
2015-05-04,4757.637,4795.915,4699.398,4787.741,37784384000.0,0.007969664956169353,0.007938074906819637,False
2015-05-05,4785.192,4785.192,4572.983,4596.837,46041961600.0,-0.03987350192919781,-0.0406902343772515,False
2015-05-06,4626.231,4700.909,4511.761,4553.327,37607369600.0,-0.0094652040087565,-0.0095102837369474,False
2015-05-07,4520.818,4546.338,4467.459,4470.089,29775920000.0,-0.018280698926301686,-0.018449855609357968,False
2015-05-08,4515.554,4559.058,4445.592,4558.404,30240796800.0,0.019756877323919175,0.019564243320191466,False
2015-05-11,4582.091,4690.954,4535.149,4690.532,37383843200.0,0.028985583550733995,0.02857344659899219,False
2015-05-12,4692.122,4748.004,4660.016,4747.421,37705388800.0,0.012128474978957637,0.012055514367840914,False
2015-05-13,4746.713,4758.002,4678.845,4718.436,37073043200.0,-0.006105420184980503,-0.006124134474079668,False
2015-05-14,4717.955,4735.284,4670.168,4700.778,33772515200.0,-0.0037423417420516802,-0.003749361822741548,False
2015-05-15,4690.755,4690.755,4592.05,4617.47,32843116800.0,-0.017722172797779434,-0.01788109088405676,False
2015-05-18,4582.058,4623.383,4565.061,4575.14,26918048000.0,-0.00916735788213019,-0.009209636695777235,False
2015-05-19,4577.637,4740.005,4577.637,4731.222,31478595200.0,0.034115240189371177,0.03354622073617897,False
2015-05-20,4751.572,4843.1,4745.21,4754.919,36318073600.0,0.005008642587475354,0.0049961410635894765,False
2015-05-21,4768.689,4841.615,4746.029,4840.976,30505452800.0,0.018098520710867927,0.0179366921399442,False
2015-05-22,4895.925,4951.991,4870.598,4951.335,45584672000.0,0.02279684923040315,0.022540883896715158,False
2015-05-25,4949.11,5099.839,4949.11,5099.495,46573657600.0,0.029923242923373117,0.02948427803106668,False
2015-05-26,5140.798,5199.295,5063.146,5198.918,48794934400.0,0.019496636431646674,0.019309011793627207,False
2015-05-27,5216.17,5226.844,5126.861,5181.434,47079872000.0,-0.0033630074565513812,-0.0033686750765280493,False
2015-05-28,5174.101,5213.183,4831.329,4834.007,57182905600.0,-0.06705228706956423,-0.0694061215804016,True
2015-05-29,4839.53,4924.303,4665.521,4840.829,42787884800.0,0.0014112515765907219,0.0014102566969924624,False
2015-06-01,4862.756,5079.319,4835.774,5076.179,41750374400.0,0.04861770576899138,0.04747282616441062,False
2015-06-02,5091.272,5162.556,5047.081,5161.87,41297318400.0,0.01688100439326501,0.01674010372433088,False
2015-06-03,5176.597,5186.967,5059.495,5143.59,41425827200.0,-0.00354135226187402,-0.0035476376934671094,False
2015-06-04,5156.012,5194.233,4863.465,5181.416,48276726400.0,0.007354007609471136,0.00732709874033155,False
2015-06-05,5254.905,5288.34,5104.178,5230.552,54596121600.0,0.009483121988274945,0.009438439451468383,False
2015-06-08,5259.408,5370.609,5202.595,5353.751,63731321600.0,0.02355372817247603,0.023280619291954352,False
2015-06-09,5379.47,5380.426,5251.208,5317.461,57042726400.0,-0.006778425070572025,-0.006801502940655624,False
2015-06-10,5254.304,5374.83,5209.68,5309.112,44216566400.0,-0.0015701102462246652,-0.0015713441610749612,False
2015-06-11,5305.141,5329.295,5248.163,5306.59,39233875200.0,-0.00047503235946044775,-0.00047514522307601226,False
2015-06-12,5329.278,5351.648,5283.086,5335.115,43013139200.0,0.005375391729905532,0.005360995877634167,False
2015-06-15,5354.014,5362.452,5207.308,5221.167,47574569600.0,-0.02135811505468943,-0.02158950015881267,False
2015-06-16,5165.025,5204.303,5015.265,5064.821,41167564800.0,-0.029944646474629244,-0.030402143622808353,False
2015-06-17,5072.306,5158.367,4949.293,5138.831,39712419200.0,0.014612559851572282,0.01450682519030444,False
2015-06-18,5107.695,5121.218,4926.429,4930.549,36439580800.0,-0.0405310079276785,-0.04137528081288977,False
2015-06-19,4847.057,4910.45,4634.691,4637.052,35810473600.0,-0.059526231257411744,-0.061371521387489025,True
2015-06-23,4641.425,4786.955,4455.33,4786.091,36508793600.0,0.032140894689125954,0.03163518360211981,False
2015-06-24,4811.595,4883.732,4744.306,4880.126,43463872000.0,0.019647557892233936,0.019457036108223136,False
2015-06-25,4906.242,4919.263,4667.224,4706.516,44613596800.0,-0.03557490113984774,-0.03622310765069692,False
2015-06-26,4573.872,4650.186,4278.675,4336.195,44663977600.0,-0.07868261788550168,-0.08195069610232508,True
2015-06-29,4446.842,4451.166,4000.926,4191.549,52566249600.0,-0.033357817164587744,-0.033926880097741474,False
2015-06-30,4161.067,4475.767,4016.013,4472.998,52704528000.0,0.06714677557151294,0.06498852197030125,True
2015-07-01,4408.984,4526.127,4235.696,4253.021,43172140800.0,-0.04917887287228828,-0.05042932337305572,False
2015-07-02,4287.734,4312.19,4000.061,4107.996,45706220800.0,-0.03409929083350394,-0.034694235594344036,False
2015-07-03,4017.202,4164.629,3785.902,3885.917,42930086400.0,-0.05406017922120665,-0.055576326352479555,True
2015-07-06,4218.266,4218.266,3832.468,3998.537,64809452800.0,0.02898157629203091,0.028569552213522087,False
2015-07-07,3877.854,3960.636,3743.624,3928.003,67938502400.0,-0.01763995181237532,-0.017797389977664224,False
2015-07-08,3651.06,3762.622,3612.254,3663.038,58146707200.0,-0.06745539654628574,-0.06983829648613948,True
2015-07-09,3621.68,3930.264,3537.826,3897.626,50387062400.0,0.06404192367100747,0.06207479208965161,True
2015-07-10,3916.272,4179.111,3887.551,4106.556,50070179200.0,0.05360442484732997,0.05221707117931729,True
2015-07-13,4132.231,4278.161,4072.43,4211.812,50209219200.0,0.025631210191703335,0.025308237875407258,False
2015-07-14,4178.63,4258.513,4062.5,4112.149,45442201600.0,-0.023662737083231522,-0.023947195992681358,False
2015-07-15,4068.88,4114.243,3899.508,3966.759,42195635200.0,-0.03535620912569082,-0.03599637441555181,False
2015-07-16,3949.639,4067.022,3856.321,3997.356,33053136000.0,0.007713349865721586,0.007683754073688931,False
2015-07-17,4023.757,4190.186,4000.231,4151.496,33110713600.0,0.03856048848288718,0.03783560864924418,False
2015-07-20,4157.06,4221.693,4106.389,4160.612,35267347200.0,0.0021958349472093186,0.002193427625062583,False
2015-07-21,4109.761,4201.482,4081.704,4166.006,31837494400.0,0.0012964438885434415,0.0012956042307994409,False
2015-07-22,4148.56,4187.431,4094.712,4157.16,31894598400.0,-0.00212337668260687,-0.0021256342432085518,False
2015-07-23,4158.932,4262.062,4148.824,4250.805,35447174400.0,0.02252619576826498,0.02227622793991557,False
2015-07-24,4255.198,4299.65,4154.617,4176.279,39204537600.0,-0.017532208605193556,-0.017687718071433878,False
2015-07-27,4097.796,4156.313,3817.169,3818.731,36505449600.0,-0.08561401189910922,-0.08950249021814471,True
2015-07-28,3690.974,3883.446,3627.421,3811.093,38352723200.0,-0.0020001408844980695,-0.002002143837515291,False
2015-07-29,3839.959,3934.003,3769.189,3930.379,27697283200.0,0.031299682269627205,0.030819834252596934,False
2015-07-30,3915.78,3968.534,3802.882,3815.412,27154867200.0,-0.02925086868212967,-0.029687205227448388,False
2015-07-31,3777.155,3863.624,3757.989,3816.699,22237676800.0,0.0003373161273279024,0.0003372592490329396,False
2015-08-03,3766.072,3829.235,3742.578,3829.235,24580502400.0,0.003284513659578714,0.003279131426713988,False
2015-08-04,3827.373,3948.449,3801.028,3948.155,22023656000.0,0.0310558114088062,0.030583336846882858,False
2015-08-05,3937.623,3962.277,3858.66,3866.9,20048427200.0,-0.02058049899256742,-0.0207952287344515,False
2015-08-06,3802.928,3888.693,3793.237,3831.852,14727868800.0,-0.009063590990198933,-0.00910491521779555,False
2015-08-07,3866.43,3926.649,3857.908,3906.945,18334915200.0,0.01959705124310651,0.01940750144336434,False
2015-08-10,3947.472,4101.731,3932.842,4084.365,30678054400.0,0.04541144039652445,0.04441053079575141,False
2015-08-11,4083.589,4110.133,4042.004,4066.669,32203417600.0,-0.004332619636100099,-0.004342032631011961,False
2015-08-12,4025.674,4078.03,4015.355,4016.126,25514619200.0,-0.012428599426213327,-0.012506480442178614,False
2015-08-13,4010.013,4075.7,3967.821,4075.463,24283697600.0,0.014774685853979674,0.014666603471257034,False
2015-08-14,4097.918,4113.159,4056.727,4073.54,25339299200.0,-0.00047184822926871206,-0.00047195958467582955,False
2015-08-17,4058.113,4081.772,4009.99,4077.872,25693963200.0,0.001063448499339703,0.0010628834385588704,False
2015-08-18,4084.311,4103.054,3816.554,3825.412,31988105600.0,-0.061909741159114406,-0.06390910982815612,True
2015-08-19,3748.266,3898.74,3668.192,3886.136,26904982400.0,0.015873845745242754,0.01574917387327801,False
2015-08-20,3848.403,3880.824,3761.454,3761.454,21216796800.0,-0.032083797376108225,-0.03260976299004703,False
2015-08-21,3714.289,3757.779,3578.175,3589.536,21798640000.0,-0.04570519804309714,-0.04678263854337139,False
2015-08-24,3454.598,3468.149,3266.55,3275.534,25543665600.0,-0.08747704438679538,-0.09154203700552976,True
2015-08-25,3070.007,3200.108,3019.556,3042.927,27608131200.0,-0.07101345917948032,-0.07366102808754427,True
2015-08-26,3062.566,3192.932,2952.008,3025.692,30827062400.0,-0.005663954475411348,-0.005680055491291469,False
2015-08-27,3092.812,3206.724,3028.398,3205.638,26729492800.0,0.059472676002712666,0.05777130887286219,True
2015-08-28,3246.236,3353.244,3223.622,3342.286,29949843200.0,0.042627395856924544,0.04174386948557007,False
2015-08-31,3307.396,3368.279,3205.537,3366.536,28025040000.0,0.007255513142801151,0.007229318534555773,False
2015-09-01,3296.529,3370.504,3190.578,3362.083,35245852800.0,-0.0013227246047569086,-0.001323600177126849,False
2015-09-02,3220.851,3387.02,3213.637,3365.832,34778940800.0,0.0011150825247323581,0.001114461281995105,False
2015-09-07,3347.293,3422.225,3240.243,3250.485,20422443200.0,-0.03426998138944537,-0.034870967672510744,False
2015-09-08,3221.789,3340.219,3170.807,3334.023,15459963200.0,0.02570016474464576,0.025375466948009517,False
2015-09-09,3344.824,3426.651,3330.29,3399.305,22046742400.0,0.019580548784456475,0.01939131603739419,False
2015-09-10,3349.281,3398.316,3337.311,3357.561,14488297600.0,-0.01228015726744136,-0.012356181432293667,False
2015-09-11,3349.877,3383.134,3315.478,3347.188,10854750400.0,-0.003089444987001033,-0.00309422717423935,False
2015-09-14,3367.642,3373.921,3187.566,3281.132,20545724800.0,-0.019734774383751374,-0.019932105549553825,False
2015-09-15,3208.744,3240.079,3131.98,3152.232,14355564800.0,-0.039285222295232236,-0.040077711458490484,False
2015-09-16,3149.158,3345.918,3131.37,3309.248,15971000000.0,0.049811054516291975,0.04861019989711224,False
2015-09-17,3287.657,3354.905,3236.999,3236.999,16940188800.0,-0.021832452569284677,-0.022074307228972856,False
2015-09-18,3254.443,3280.877,3227.834,3251.273,10690348000.0,0.004409639916478358,0.00439994594189308,False
2015-09-21,3222.603,3312.55,3211.934,3308.247,12278867200.0,0.017523597680047187,0.01737182988882857,False
2015-09-22,3312.366,3371.414,3303.184,3339.03,14622198400.0,0.00930492795731408,0.009261903800359406,False
2015-09-23,3290.071,3315.935,3253.333,3263.028,12317144000.0,-0.022761700254265604,-0.02302474701238033,False
2015-09-24,3278.896,3300.857,3255.902,3284.999,10201124000.0,0.0067333164165308546,0.0067107488877837795,False
2015-09-25,3272.665,3290.858,3201.914,3231.951,12141928000.0,-0.01614855894933298,-0.016280367869692114,False
2015-09-28,3226.607,3246.554,3186.507,3242.752,7421947200.0,0.0033419442312090375,0.003336372346089078,False
2015-09-29,3197.221,3208.417,3159.042,3178.854,8715063200.0,-0.01970486796400095,-0.019901597516851055,False
2015-09-30,3195.901,3223.908,3186.767,3202.948,7855935200.0,0.007579461025891687,0.0075508812332714115,False
2015-10-08,3324.981,3337.331,3294.605,3296.482,13208176800.0,0.02920247222246508,0.02878420350424804,False
2015-10-09,3302.36,3352.379,3293.965,3340.116,12435249600.0,0.01323653519115231,0.013149697704850638,False
2015-10-12,3351.139,3486.631,3347.251,3447.693,22140046400.0,0.032207564048673865,0.03169977478999719,False
2015-10-13,3422.477,3452.045,3413.967,3445.043,14543379200.0,-0.0007686299215156067,-0.000768925468948467,False
2015-10-14,3431.135,3458.702,3403.231,3406.112,15217393600.0,-0.011300584637114808,-0.01136492139824341,False
2015-10-15,3403.389,3486.815,3402.316,3486.815,17115830400.0,0.023693583769412108,0.02341724723752492,False
2015-10-16,3508.518,3537.539,3487.104,3534.065,20896470400.0,0.013551048736454296,0.013460054399674348,False
2015-10-19,3548.953,3572.995,3502.505,3534.182,20760675200.0,3.310635203357393e-05,3.310580402882124e-05,False
2015-10-20,3527.875,3577.798,3510.437,3577.703,17902510400.0,0.01231430639395481,0.012239102086130771,False
2015-10-21,3580.838,3601.243,3417.412,3473.254,28207606400.0,-0.029194430057497778,-0.02962906766932427,False
2015-10-22,3453.201,3530.766,3442.307,3524.534,18430558400.0,0.014764252772760056,0.014656322238389308,False
2015-10-23,3536.843,3581.836,3515.822,3571.241,19829448000.0,0.013251964656888049,0.013164925489995483,False
2015-10-26,3614.702,3620.756,3561.192,3589.261,20424886400.0,0.005045865008830308,0.0050331772944165465,False
2015-10-27,3569.449,3601.053,3486.102,3592.879,19205614400.0,0.0010080069407045755,0.0010074992428545926,False
2015-10-28,3575.805,3598.172,3517.21,3524.92,17097710400.0,-0.01891491475220841,-0.01909608999970125,False
2015-10-29,3539.978,3561.814,3507.966,3533.307,12701044800.0,0.002379344779456005,0.0023765186207160838,False
2015-10-30,3530.223,3574.473,3497.568,3534.079,13914192000.0,0.0002184921944230478,0.0002184683284802702,False
2015-11-02,3489.225,3543.45,3474.712,3475.962,13000256800.0,-0.01644473708708838,-0.016581452682910225,False
2015-11-03,3484.722,3501.704,3452.62,3465.493,10140187200.0,-0.0030118280924820162,-0.0030163727742049673,False
2015-11-04,3477.159,3628.538,3477.159,3628.538,20542387200.0,0.047048140048183695,0.04597490986500041,False
2015-11-05,3630.782,3781.409,3627.301,3705.97,39804656000.0,0.02133972415336416,0.021115220520975697,False
2015-11-06,3698.342,3801.705,3694.657,3793.374,29875308800.0,0.023584648553550025,0.0233108276857088,False
2015-11-09,3796.379,3891.773,3796.379,3840.355,35680483200.0,0.012385016610542587,0.012308949708256023,False
2015-11-10,3806.669,3876.49,3798.821,3833.238,28651961600.0,-0.0018532140908849026,-0.0018549334166326759,False
2015-11-11,3828.448,3843.112,3781.41,3833.646,23223430400.0,0.0001064374296613213,0.00010643176559987921,False
2015-11-12,3841.738,3843.9,3771.274,3795.324,21753764800.0,-0.009996228133740126,-0.010046525894839675,False
2015-11-13,3756.204,3793.713,3727.585,3746.242,20348988800.0,-0.012932229237872628,-0.01301657851973026,False
2015-11-16,3682.735,3764.409,3680.073,3764.126,16169089600.0,0.004773850701583093,0.004762492011771258,False
2015-11-17,3790.426,3852.774,3750.157,3758.387,24853307200.0,-0.001524656719780415,-0.0015258201915848701,False
2015-11-18,3760.456,3771.847,3706.31,3715.58,18568948800.0,-0.011389726497031849,-0.011455086191832109,False
2015-11-19,3725.622,3775.232,3714.675,3774.969,15463198400.0,0.015983776422523466,0.015857380940731858,False
2015-11-20,3778.884,3793.545,3757.026,3774.383,18695169600.0,-0.00015523306284115357,-0.00015524511274023212,False
2015-11-23,3774.436,3802.851,3743.405,3753.335,17562681600.0,-0.005576540589547929,-0.005592147540930625,False
2015-11-24,3745.761,3754.169,3702.737,3753.889,14338328000.0,0.00014760206589614633,0.00014759117378382314,False
2015-11-25,3747.759,3781.857,3735.716,3781.607,15194494400.0,0.007383809164309252,0.0073566822966544265,False
2015-11-26,3795.245,3805.844,3756.823,3759.429,17352547200.0,-0.005864702492881957,-0.005881967395987786,False
2015-11-27,3739.096,3742.742,3534.39,3556.992,20893936000.0,-0.053847805078909516,-0.055351840290040144,True
2015-11-30,3554.89,3587.97,3455.068,3566.412,17320116800.0,0.0026483050847456724,0.0026448045038769408,False
2015-12-01,3562.319,3617.305,3536.116,3591.696,13653656000.0,0.007089478164609142,0.0070644659603598114,False
2015-12-02,3587.758,3725.854,3573.403,3721.955,21353886400.0,0.036266710768394717,0.03562455353120875,False
2015-12-03,3709.547,3758.446,3693.137,3749.299,19776212800.0,0.007346676679325759,0.007319821301848606,False
2015-12-04,3719.734,3726.124,3667.291,3677.592,15119952000.0,-0.019125441849263014,-0.0193106989989964,False
2015-12-07,3681.582,3699.337,3658.578,3687.607,11388315200.0,0.002723249343592249,0.0027195480183301868,False
2015-12-08,3668.839,3668.839,3619.445,3623.02,12578108000.0,-0.01751461042350766,-0.017669806009349642,False
2015-12-09,3613.42,3655.159,3611.49,3635.938,11332542200.0,0.0035655337260076525,0.0035591922799227405,False
2015-12-10,3634.366,3678.318,3615.991,3623.084,12021562400.0,-0.0035352638026281413,-0.003541527614881801,False
2015-12-11,3605.372,3630.744,3578.146,3608.059,11032248000.0,-0.004147019500513771,-0.004155642233234502,False
2015-12-14,3573.884,3712.503,3570.998,3711.322,15176912000.0,0.02862009739862903,0.02821819276262083,False
2015-12-15,3707.73,3717.357,3679.23,3694.389,12648171200.0,-0.004562525159498398,-0.0045729652449519875,False
2015-12-16,3703.95,3713.09,3677.45,3685.44,11134272000.0,-0.0024223220673297297,-0.0024252606358281525,False
2015-12-17,3712.783,3768.844,3709.851,3755.888,17792408000.0,0.019115220977685032,0.018934820446681044,False
2015-12-18,3754.96,3810.218,3750.925,3767.913,17346598400.0,0.0032016396655065726,0.0031965253304964136,False
2015-12-21,3762.097,3877.82,3759.989,3865.965,21743528000.0,0.026022893840701666,0.025690060184526686,False
2015-12-22,3872.098,3880.468,3841.593,3876.733,18030366100.0,0.0027853330281055744,0.0027814611759993113,False
2015-12-23,3877.872,3926.686,3862.965,3866.381,20701715200.0,-0.002670289648526336,-0.0026738612314538557,False
2015-12-24,3858.135,3867.679,3787.084,3829.402,14718139200.0,-0.0095642410822937,-0.009610272172793088,False
2015-12-25,3832.085,3848.025,3813.204,3838.201,11962401300.0,0.0022977477945642644,0.0022951120089089727,False
2015-12-28,3847.532,3853.389,3727.632,3727.632,15398844000.0,-0.028807506433352503,-0.029230587736170932,False
2015-12-29,3723.05,3762.052,3710.48,3761.875,10188555500.0,0.009186260875537089,0.00914432381529906,False
2015-12-30,3762.914,3765.657,3726.278,3765.175,10562995500.0,0.0008772221299220284,0.0008768375954542051,False
2015-12-31,3760.904,3772.617,3727.325,3731.005,10187355600.0,-0.009075275385606263,-0.009116706553937703,False
2016-01-04,3725.856,3726.245,3468.949,3469.066,11537067400.0,-0.07020601687749017,-0.07279224089897873,True
2016-01-05,3382.177,3518.217,3377.28,3478.78,16211698400.0,0.0028001773387995588,0.002796264145622729,False
2016-01-06,3482.406,3543.739,3468.467,3539.808,14596614400.0,0.017542931717441146,0.01739083077859327,False
2016-01-07,3481.15,3481.15,3284.737,3294.384,4410264100.0,-0.06933257397011361,-0.07185328783362444,True
2016-01-08,3371.871,3418.851,3237.931,3361.563,18595945100.0,0.020391976163070202,0.020186843831503154,False
2016-01-11,3303.125,3342.481,3192.45,3192.45,17463838700.0,-0.05030784786719755,-0.051617397289746236,False
2016-01-12,3214.823,3242.253,3174.55,3215.71,12822579600.0,0.007285940265313595,0.007259526026651031,False
2016-01-13,3240.484,3257.295,3155.879,3155.879,12066649400.0,-0.01860584443248925,-0.018781110543260482,False
2016-01-14,3076.645,3226.658,3072.039,3221.571,13453767100.0,0.020815753709188423,0.020602066198149416,False
2016-01-15,3200.888,3216.798,3101.052,3118.73,12460177900.0,-0.03192262408619895,-0.032443261104846854,False
2016-01-18,3068.235,3165.616,3066.727,3130.729,10112838600.0,0.0038473994222005814,0.0038400171101216074,False
2016-01-19,3132.705,3227.908,3119.216,3223.125,12765389300.0,0.029512615112965657,0.02908550104148766,False
2016-01-20,3204.218,3225.95,3154.426,3174.378,13065050400.0,-0.015124141942990055,-0.015239678182235039,False
2016-01-21,3136.384,3202.538,3081.345,3081.345,11118973300.0,-0.029307473779115245,-0.02974551766427247,False
2016-01-22,3114.895,3132.171,3053.958,3113.463,8995108700.0,0.010423370313937808,0.0103694215510437,False
2016-01-25,3129.028,3149.332,3105.1,3128.886,8154006100.0,0.004953648076113204,0.004941419130117808,False
2016-01-26,3099.596,3106.53,2934.647,2940.509,12693392100.0,-0.060205772917261924,-0.062094335040589144,True
2016-01-27,2953.183,2963.544,2839.29,2930.352,13222936600.0,-0.0034541638879528325,-0.0034601432852188196,False
2016-01-28,2909.334,2941.887,2841.844,2853.756,9922275600.0,-0.02613883929302696,-0.02648653097556064,False
2016-01-29,2855.598,2965.309,2854.371,2946.09,11330425900.0,0.03235525391799454,0.031842846115594625,False
2016-02-01,2939.04,2944.517,2869.561,2901.048,8679534200.0,-0.01528873863323943,-0.01540681645096953,False
2016-02-02,2901.528,2972.426,2901.512,2961.334,8860196300.0,0.02078076612313895,0.020567791466866048,False
2016-02-03,2931.288,2954.71,2909.898,2948.639,7738900000.0,-0.004286919341080608,-0.004296134525731077,False
2016-02-04,2960.334,2999.206,2960.207,2984.76,9177972400.0,0.012250058416781506,0.01217563363996721,False
2016-02-05,2982.056,2988.36,2962.847,2963.789,7685080800.0,-0.007026025543092285,-0.00705082428656123,False
2016-02-15,2888.428,2961.493,2886.018,2946.707,7291943400.0,-0.0057635681892335144,-0.00578024164496771,False
2016-02-16,2962.187,3042.089,2962.187,3037.035,11257964300.0,0.030653879058895273,0.030193434857419987,False
2016-02-17,3034.09,3065.785,3027.046,3063.32,12829160700.0,0.008654822878235047,0.008617584604895256,False
2016-02-18,3079.527,3093.513,3049.841,3053.699,12440146400.0,-0.0031407100792604226,-0.0031456524602653246,False
2016-02-19,3047.942,3065.968,3032.634,3051.585,8733801200.0,-0.0006922751718489994,-0.0006925149049532564,False
2016-02-22,3083.933,3128.207,3071.329,3118.868,14094696800.0,0.022048541987196746,0.021808987705615124,False
2016-02-23,3117.203,3119.221,3061.429,3089.363,11256739100.0,-0.009460163110461939,-0.009505194682541074,False
2016-02-24,3077.606,3109.545,3055.251,3109.545,11178265000.0,0.006532738302362118,0.006511492446378497,False
2016-02-25,3104.41,3104.436,2905.457,2918.75,15782975200.0,-0.06135785138983363,-0.06332097080204946,True
2016-02-26,2942.095,2964.385,2902.948,2948.031,10694972900.0,0.010032034261241884,0.00998204744053055,False
2016-02-29,2939.58,2939.875,2821.215,2877.467,12934102000.0,-0.023935976249910507,-0.02422709661590705,False
2016-03-01,2881.335,2950.436,2863.323,2930.694,11604591800.0,0.018497866352594095,0.018328861790624096,False
2016-03-02,2933.921,3054.724,2933.116,3051.333,17597234700.0,0.04116397003576622,0.04033928927115582,False
2016-03-03,3050.389,3078.444,3040.246,3058.422,17310574400.0,0.0023232469219189866,0.0023205523564087116,False
2016-03-04,3047.537,3101.656,3032.424,3093.89,21917253400.0,0.011596829999261038,0.011530102158367583,False
2016-03-07,3108.999,3130.903,3083.584,3104.84,13246203700.0,0.0035392337801281037,0.003532985430826585,False
2016-03-08,3100.149,3109.25,3001.829,3107.673,13623574200.0,0.0009124463740481925,0.0009120303479033254,False
2016-03-09,3045.924,3072.916,3020.134,3071.907,11146624500.0,-0.011508932889657153,-0.011575673225303618,False
2016-03-10,3056.21,3074.16,3012.691,3013.146,7607219700.0,-0.019128508773214814,-0.019313825727813594,False
2016-03-11,2990.214,3026.437,2982.172,3018.284,7333356400.0,0.001705194504348695,0.0017037423108146044,False
2016-03-14,3039.569,3106.8,3034.0,3065.69,11710865500.0,0.015706275486335963,0.015584208428366608,False
2016-03-15,3061.343,3077.085,3028.578,3074.78,9831194100.0,0.0029650747466312133,0.002960687582545418,False
2016-03-16,3068.866,3100.352,3064.521,3090.033,12473644800.0,0.00496068011369899,0.004948416480688778,False
2016-03-17,3096.808,3147.841,3077.572,3124.204,12166177700.0,0.01105845795174365,0.010997760277437152,False
2016-03-18,3136.223,3197.668,3130.102,3171.963,19730256400.0,0.015286773847034363,0.015171108397911581,False
2016-03-21,3203.293,3267.775,3198.361,3249.437,23326946400.0,0.024424622859724243,0.0241311114266054,False
2016-03-22,3231.615,3249.677,3218.728,3225.79,16102089700.0,-0.007277260645459527,-0.007303869076292102,False
2016-03-23,3217.729,3242.247,3202.976,3236.092,12567928600.0,0.0031936362875450985,0.0031885474628676747,False
2016-03-24,3211.496,3221.906,3181.813,3181.851,13313112200.0,-0.016761266366963623,-0.01690332602924194,False
2016-03-25,3176.81,3204.442,3174.318,3197.817,9739533000.0,0.005017833958912643,0.005005286586342805,False
2016-03-28,3206.953,3229.624,3161.878,3169.728,10344193300.0,-0.008783804701769982,-0.00882260971853377,False
2016-03-29,3171.314,3178.075,3122.761,3135.41,9729474700.0,-0.010826796494841306,-0.01088583275844357,False
2016-03-30,3161.289,3216.676,3161.289,3216.275,11780251200.0,0.025790885402547037,0.025463910578269022,False
2016-03-31,3229.2,3241.927,3208.665,3218.088,12155207400.0,0.0005636955795136345,0.0005635367628418209,False
2016-04-01,3213.674,3222.612,3165.856,3221.895,11812213900.0,0.0011830005891697581,0.0011823013953495831,False
2016-04-05,3211.305,3271.93,3205.207,3264.486,14604777200.0,0.013219238988235071,0.01313262730722542,False
2016-04-06,3250.522,3267.64,3236.196,3257.528,12019630500.0,-0.0021314228334874397,-0.0021336975479631093,False
2016-04-07,3266.288,3270.82,3208.644,3209.29,11240946700.0,-0.01480816128057838,-0.014918896652098113,False
2016-04-08,3189.846,3197.774,3163.305,3185.726,10100562500.0,-0.007342433996304409,-0.00736952234251298,False
2016-04-11,3213.507,3251.572,3213.507,3230.096,12521270900.0,0.01392775147642955,0.013831651621080354,False
2016-04-12,3227.367,3232.264,3198.903,3218.45,9286943700.0,-0.003605465596069002,-0.0036119809524617352,False
2016-04-13,3237.858,3296.523,3237.858,3261.383,19561386600.0,0.013339651074274927,0.013251461343356752,False
2016-04-14,3277.098,3286.072,3252.05,3275.832,11315732700.0,0.004430329096582586,0.004420544078552524,False
2016-04-15,3279.857,3282.985,3261.73,3272.205,9980752900.0,-0.0011071996366114334,-0.0011078130349400084,False
2016-04-18,3252.671,3252.671,3221.662,3228.453,9709006900.0,-0.01337080042356753,-0.01346099445541249,False
2016-04-19,3243.971,3250.725,3221.577,3238.303,8087144000.0,0.003050996870637368,0.0030463520248922293,False
2016-04-20,3244.142,3248.422,3107.369,3181.026,16220785800.0,-0.01768735044250025,-0.017845640895171044,False
2016-04-21,3160.796,3198.557,3150.94,3160.603,10475265100.0,-0.0064202556030663605,-0.006440954084661499,False
2016-04-22,3142.561,3175.38,3137.993,3174.901,7707849200.0,0.004523820296316705,0.004513618576874379,False
2016-04-25,3164.738,3172.269,3137.113,3162.033,6751935100.0,-0.004053039764074562,-0.0040612755906934694,False
2016-04-26,3159.771,3181.095,3150.404,3179.161,5902073400.0,0.0054167682626968805,0.00540215033767133,False
2016-04-27,3181.931,3188.826,3162.691,3165.916,6000414700.0,-0.004166193533451046,-0.0041748962977408155,False
2016-04-28,3169.333,3174.766,3135.643,3160.581,6987066000.0,-0.0016851363081016313,-0.0016865577473925697,False
2016-04-29,3153.537,3171.289,3149.397,3156.745,5802977600.0,-0.0012137008986640163,-0.0012144380300984636,False
2016-05-03,3159.823,3218.485,3151.405,3213.54,9816483500.0,0.017991633787334704,0.017831699810999524,False
2016-05-04,3203.465,3222.882,3198.292,3209.461,9086240800.0,-0.001269316703697565,-0.001270122968486831,False
2016-05-05,3204.169,3217.282,3196.566,3213.92,7473368100.0,0.0013893298594376269,0.0013883656336890482,False
2016-05-06,3213.136,3216.893,3130.147,3130.354,10868024000.0,-0.026001269477771816,-0.02634527870571901,False
2016-05-09,3115.43,3115.43,3055.006,3065.615,9923047700.0,-0.02068104757481104,-0.020897895409685674,False
2016-05-10,3055.212,3084.725,3055.183,3069.112,6884993500.0,0.0011407172785886655,0.0011400671549921526,False
2016-05-11,3080.636,3102.877,3063.088,3082.809,8179425800.0,0.004462854402185412,0.0044529253976524075,False
2016-05-12,3059.383,3095.349,3035.023,3090.137,7876572600.0,0.002377052876126884,0.002374232155055722,False
2016-05-13,3081.68,3103.096,3064.691,3074.935,6262975500.0,-0.00491952298555054,-0.004931663672712361,False
2016-05-16,3064.526,3095.555,3053.662,3095.309,5946185600.0,0.006625831115129266,0.006603976778460918,False
2016-05-17,3095.523,3105.201,3073.459,3086.025,6527812500.0,-0.0029993774450305377,-0.0030038845922391033,False
2016-05-18,3071.529,3072.612,3039.462,3068.036,8271536900.0,-0.005829181552320595,-0.005846237545055644,False
2016-05-19,3060.343,3086.977,3058.145,3062.5,6044416600.0,-0.0018044116822618639,-0.0018060415940048813,False
2016-05-20,3047.778,3078.532,3041.517,3078.218,5608084200.0,0.005132408163265323,0.005119282249031798,False
2016-05-23,3078.515,3098.478,3076.504,3087.223,5969721600.0,0.0029253938479991692,0.0029211232102532847,False
2016-05-24,3083.244,3083.257,3052.591,3063.556,5873438500.0,-0.007666112878791043,-0.007695648568240898,False
2016-05-25,3079.749,3089.102,3054.87,3059.226,5665280300.0,-0.0014133901910067248,-0.0014143899690850503,False
2016-05-26,3056.6,3072.524,3027.444,3064.211,6039298100.0,0.0016294971342423192,0.0016281709442740322,False
2016-05-27,3059.732,3073.756,3052.179,3062.499,6046875000.0,-0.0005587082612783512,-0.0005588643968987839,False
2016-05-30,3056.314,3075.261,3037.665,3066.71,6309857900.0,0.0013750208571496891,0.0013740763816549872,False
2016-05-31,3068.596,3170.926,3068.596,3169.56,13886311100.0,0.03353756957782106,0.03298745127173852,False
2016-06-01,3172.962,3181.793,3159.818,3160.547,11314848200.0,-0.002843612362599224,-0.0028476631092253513,False
2016-06-02,3158.026,3168.824,3151.065,3167.1,8600342700.0,0.0020733752733308464,0.0020712287972735055,False
2016-06-03,3172.946,3201.749,3162.088,3189.326,10149178300.0,0.0070177765147927396,0.006993266524798258,False
2016-06-06,3192.779,3197.22,3168.554,3178.788,7669375100.0,-0.003304146393313223,-0.0033096171390951667,False
2016-06-07,3182.437,3186.617,3168.179,3177.054,6892831400.0,-0.0005454909229555271,-0.0005456397572558558,False
2016-06-08,3171.813,3174.972,3148.352,3163.986,7629177500.0,-0.004113244534087346,-0.00412172719321191,False
2016-06-13,3134.045,3145.606,3065.767,3066.341,9297594700.0,-0.03086138813509287,-0.031347631021303,False
2016-06-14,3058.443,3078.749,3055.655,3075.983,6627945700.0,0.0031444643632265734,0.0031395308745754136,False
2016-06-15,3043.958,3128.673,3042.233,3116.368,8739325700.0,0.013129136279361742,0.013043696193472343,False
2016-06-16,3104.362,3112.476,3089.478,3094.675,8297470300.0,-0.006960987919270023,-0.006985328618320352,False
2016-06-17,3096.09,3131.049,3096.09,3110.357,8540298500.0,0.0050674141872733,0.005054618054664672,False
2016-06-20,3114.906,3118.725,3089.713,3112.674,6358714100.0,0.0007449305658482341,0.0007446532427888286,False
2016-06-21,3124.898,3155.493,3097.94,3106.318,8796534500.0,-0.0020419741996752228,-0.0020440618714552272,False
2016-06-22,3100.45,3134.061,3096.992,3133.961,6648711300.0,0.008898960119343657,0.008859597724303114,False
2016-06-23,3129.721,3129.721,3102.481,3117.317,6775173800.0,-0.005310851028458852,-0.005325003728609445,False
2016-06-24,3110.647,3130.539,3033.965,3077.155,10479220800.0,-0.012883514894378667,-0.012967227155126437,False
2016-06-27,3065.128,3120.641,3064.966,3120.544,8326725900.0,0.014100362185200277,0.014001876785144418,False
2016-06-28,3107.398,3139.43,3099.701,3136.401,9202463700.0,0.005081485792220786,0.005068618614471276,False
2016-06-29,3142.484,3158.076,3139.133,3151.39,10372366800.0,0.004779044516310282,0.0047676611364444454,False
2016-06-30,3152.833,3163.721,3148.199,3153.921,7969261700.0,0.0008031376630630582,0.0008028153205899002,False
2016-07-01,3156.932,3170.258,3148.295,3154.2,7174628300.0,8.846131529605117e-05,8.845740282303893e-05,False
2016-07-04,3136.385,3210.602,3134.023,3204.696,13331052900.0,0.01600913068289911,0.0158823360085254,False
2016-07-05,3199.157,3216.703,3197.996,3207.383,13022689500.0,0.0008384570642581135,0.0008381057554931459,False
2016-07-06,3197.625,3217.516,3183.451,3216.804,12489745800.0,0.0029372856313076845,0.002932980236590055,False
2016-07-07,3206.551,3220.54,3190.124,3209.954,11859520200.0,-0.002129442763687206,-0.0021317132507512326,False
2016-07-08,3199.754,3204.928,3183.959,3192.28,8973485500.0,-0.005505997905265958,-0.005521211782481217,False
2016-07-11,3199.038,3235.962,3197.626,3203.33,13852951100.0,0.003461475810392578,0.003455498692128245,False
2016-07-12,3201.906,3273.474,3200.303,3273.182,17253421700.0,0.021806058070819923,0.021571706719473838,False
2016-07-13,3274.02,3300.991,3271.775,3282.868,17519609000.0,0.0029591999467184493,0.00295483013320208,False
2016-07-14,3277.482,3281.95,3259.065,3276.764,10752579800.0,-0.0018593498124200858,-0.0018610805489771565,False
2016-07-15,3278.836,3285.026,3265.291,3276.278,10266502600.0,-0.00014831705914752913,-0.00014832805921116687,False
2016-07-18,3269.708,3281.638,3251.766,3262.022,11031251800.0,-0.004351279103909977,-0.00436077347059971,False
2016-07-19,3260.435,3264.73,3226.199,3248.234,8888686100.0,-0.0042268261832691945,-0.004235784465373982,False
2016-07-20,3246.863,3254.508,3232.257,3237.605,7270125500.0,-0.003272239623130613,-0.0032776051071685686,False
2016-07-21,3238.337,3271.374,3238.303,3252.523,8600482500.0,0.004607727008081541,0.004597143930824998,False
2016-07-22,3251.242,3253.769,3220.894,3225.162,8602912800.0,-0.00841223874512198,-0.008447821318732451,False
2016-07-25,3220.166,3243.79,3218.142,3230.885,7020318500.0,0.0017744845065148507,0.0017729119689047224,False
2016-07-26,3228.234,3269.746,3228.008,3269.588,8105108900.0,0.011979070749964738,0.011907889574308328,False
2016-07-27,3270.084,3276.511,3157.409,3218.243,16018866500.0,-0.015703813446831916,-0.015828424627393645,False
2016-07-28,3204.465,3235.782,3195.27,3221.137,11277996400.0,0.0008992484408418822,0.0008988443591899653,False
2016-07-29,3217.192,3225.418,3198.684,3203.93,8804483700.0,-0.005341902564218848,-0.005356221542209383,False
2016-08-01,3196.425,3199.975,3156.749,3176.809,8700349700.0,-0.008464916524393407,-0.008500947406632875,False
2016-08-02,3173.758,3189.053,3165.542,3189.053,6216763900.0,0.0038541819794641885,0.0038467736493643656,False
2016-08-03,3179.684,3197.157,3173.536,3193.507,7286410200.0,0.001396652862150738,0.0013956784497146657,False
2016-08-04,3190.546,3201.554,3170.419,3201.289,7350437300.0,0.0024368194589834413,0.002433855228998638,False
2016-08-05,3201.354,3224.873,3192.861,3205.11,7719636600.0,0.0011935817103672086,0.0011928699580163737,False
2016-08-08,3199.572,3234.48,3187.252,3234.183,8667605100.0,0.009070827522300373,0.00902993466832136,False
2016-08-09,3232.603,3257.334,3229.174,3256.981,9106525900.0,0.007049075454295561,0.007024346863044428,False
2016-08-10,3255.182,3261.861,3242.751,3243.341,9043037200.0,-0.00418792740884899,-0.004196721337651255,False
2016-08-11,3239.558,3274.026,3232.613,3233.36,10104121300.0,-0.003077382242570148,-0.0030821271203400613,False
2016-08-12,3231.807,3294.234,3231.137,3294.234,11625404400.0,0.018826855036247148,0.018651823253820865,False
2016-08-15,3303.469,3417.915,3302.378,3393.424,22054342100.0,0.030110186465199584,0.0296657736705761,False
2016-08-16,3403.384,3418.688,3372.021,3378.245,19638974000.0,-0.004473063195168048,-0.004483097275572945,False
2016-08-17,3377.771,3394.389,3356.924,3373.048,13884768800.0,-0.0015383727349556064,-0.0015395572452607809,False
2016-08-18,3369.947,3394.791,3349.688,3364.485,14238016900.0,-0.0025386534671311134,-0.0025418813119202355,False
2016-08-19,3358.555,3374.045,3341.192,3365.02,11996150800.0,0.0001590139352678488,0.00015900129389301298,False
2016-08-22,3364.681,3372.833,3335.47,3336.795,10795100800.0,-0.00838776589737944,-0.008423141157578584,False
2016-08-23,3332.621,3359.648,3324.96,3341.83,9292451600.0,0.0015089329731072798,0.0015077956776732293,False
2016-08-24,3341.93,3348.129,3323.725,3329.863,8119142900.0,-0.0035809721021117236,-0.0035873991306374364,False
2016-08-25,3314.085,3315.081,3279.806,3308.972,10058915300.0,-0.006273831686168352,-0.006293594872143871,False
2016-08-26,3312.499,3328.945,3301.736,3307.09,8153069100.0,-0.0005687567014770467,-0.000568918504924909,False
2016-08-29,3306.575,3315.079,3297.07,3307.781,7703633300.0,0.00020894502417534433,0.0002089231982047579,False
2016-08-30,3310.319,3325.122,3304.597,3311.987,7572598700.0,0.0012715473001387867,0.0012707395685112033,False
2016-08-31,3310.565,3333.973,3304.655,3327.794,7957080500.0,0.004772663660817411,0.004761310610138736,False
2016-09-01,3326.739,3329.346,3301.213,3301.577,8494721900.0,-0.007878191979431293,-0.007909388892066715,False
2016-09-02,3298.722,3320.425,3295.755,3314.114,8279180300.0,0.0037972762713089914,0.0037900848173109125,False
2016-09-05,3321.005,3338.42,3314.629,3319.68,7829247700.0,0.001679483566346729,0.0016780748109237464,False
2016-09-06,3322.018,3347.951,3300.126,3342.626,9828399800.0,0.006912112010796223,0.0068883328777058495,False
2016-09-07,3344.066,3357.357,3337.751,3340.817,10294010600.0,-0.0005411912669859298,-0.0005413377638365802,False
2016-09-08,3338.008,3343.395,3328.226,3339.564,7191615800.0,-0.00037505795737990955,-0.00037512830920682916,False
2016-09-09,3339.373,3344.951,3318.044,3318.044,8265703600.0,-0.006443954959389875,-0.006464806864578065,False
2016-09-12,3271.87,3276.716,3234.573,3262.604,12291768200.0,-0.016708639186219343,-0.016849803145554176,False
2016-09-13,3265.337,3269.222,3246.386,3260.333,6718028800.0,-0.0006960697651322567,-0.0006963121341687639,False
2016-09-14,3245.737,3254.995,3231.336,3238.73,7043269700.0,-0.006626010287906214,-0.0066480597480111925,False
2016-09-19,3242.743,3264.9,3242.743,3263.124,5883108200.0,0.007531964689862836,0.007503741074735615,False
2016-09-20,3264.665,3265.035,3252.389,3257.403,5278420600.0,-0.0017532278883670704,-0.0017547665911088473,False
2016-09-21,3257.71,3270.902,3254.321,3266.636,5914297900.0,0.0028344665980843953,0.0028304570724273503,False
2016-09-22,3281.472,3303.199,3277.979,3291.121,7575354200.0,0.007495478528982247,0.0074675270162067875,False
2016-09-23,3292.279,3293.916,3275.025,3275.667,5799398600.0,-0.004695664486355944,-0.004706723752825326,False
2016-09-26,3267.691,3267.691,3220.284,3220.284,7045218600.0,-0.016907396264638552,-0.01705195804783166,False
2016-09-27,3214.87,3240.776,3214.441,3240.755,5846055000.0,0.006356892746105514,0.006336772924761647,False
2016-09-28,3243.647,3243.647,3227.996,3230.89,4472749800.0,-0.003044043749064751,-0.0030486862739973475,False
2016-09-29,3234.857,3257.767,3234.803,3244.387,5545255600.0,0.004177486698711652,0.004168785226257299,False
2016-09-30,3240.178,3260.941,3239.036,3253.285,4497802200.0,0.002742582805318694,0.0027388287873346684,False
2016-10-10,3265.364,3294.641,3258.958,3293.869,8051926000.0,0.012474775496152501,0.012397606598000266,False
2016-10-11,3296.867,3308.004,3292.878,3306.557,8771316300.0,0.0038520050433090702,0.00384460506895401,False
2016-10-12,3299.139,3302.561,3289.753,3300.01,6866978100.0,-0.0019800051836394994,-0.0019819679852357552,False
2016-10-13,3299.156,3307.409,3292.397,3302.646,8122419800.0,0.0007987854582258702,0.0007984665989102524,False
2016-10-14,3298.734,3306.686,3285.729,3305.848,8231627100.0,0.000969525647011471,0.0009690559605797233,False
2016-10-17,3305.964,3309.01,3271.541,3277.879,8611350900.0,-0.00846046158202074,-0.008496454441695889,False
2016-10-18,3272.682,3321.332,3272.682,3321.332,10286071400.0,0.013256438080844424,0.013169340397872986,False
2016-10-19,3323.304,3332.52,3309.831,3316.241,10116772500.0,-0.0015328187606659105,-0.0015339947291934664,False
2016-10-20,3317.179,3324.903,3312.174,3318.604,7923887100.0,0.0007125537619250277,0.0007123000160245141,False
2016-10-21,3315.716,3341.56,3309.179,3327.74,10978517600.0,0.0027529648008619567,0.0027491823336731613,False
2016-10-24,3332.513,3382.826,3330.967,3367.578,15301434500.0,0.011971488157127785,0.011900396710608163,False
2016-10-25,3367.475,3373.914,3356.585,3367.455,11119169300.0,-3.652476646420766e-05,-3.652543350973758e-05,False
2016-10-26,3365.198,3367.831,3349.574,3354.8,9802478600.0,-0.0037580309165229364,-0.0037651100560243123,False
2016-10-27,3351.46,3352.355,3335.133,3345.695,7762985100.0,-0.0027140217002503686,-0.002717711334488726,False
2016-10-28,3347.144,3370.749,3337.289,3340.126,9313330900.0,-0.0016645271012449836,-0.001665913965675614,False
2016-10-31,3332.406,3340.47,3317.328,3336.278,7135286300.0,-0.0011520523477259736,-0.0011527164701501391,False
2016-11-01,3338.71,3359.394,3334.457,3359.052,7493819900.0,0.00682616976163275,0.0068029769503823445,False
2016-11-02,3350.71,3356.397,3331.384,3333.352,9119710400.0,-0.007650968189834573,-0.007680386997931166,False
2016-11-03,3326.905,3379.989,3324.838,3365.085,12622350400.0,0.009519846688858635,0.009474818497123394,False
2016-11-04,3362.206,3377.639,3348.426,3354.175,10406965500.0,-0.003242117212492346,-0.0032473842618436777,False
2016-11-07,3353.444,3362.742,3342.312,3356.592,9987798800.0,0.0007205944829951072,0.0007203349794480118,False
2016-11-08,3367.697,3383.917,3361.129,3371.118,10314828200.0,0.004327603712336758,0.004318266564016682,False
2016-11-09,3370.6,3373.096,3322.08,3353.055,13911005900.0,-0.0053581630782428835,-0.005372569518444337,False
2016-11-10,3374.906,3403.016,3374.906,3390.612,13470553500.0,0.011200830287603436,0.011138565501498832,False
2016-11-11,3387.948,3422.672,3382.893,3417.221,19878149600.0,0.007847845757638972,0.007817211586573336,False
2016-11-14,3409.224,3452.616,3408.139,3430.248,21324710500.0,0.0038121619877673485,0.0038049141124663066,False
2016-11-15,3428.866,3434.922,3415.995,3429.87,13456632000.0,-0.00011019611410023611,-0.00011020218613744248,False
2016-11-16,3432.434,3435.637,3419.244,3429.592,12980851100.0,-8.105263464786017e-05,-8.10559195905114e-05,False
2016-11-17,3423.465,3437.669,3412.877,3436.535,12156173100.0,0.0020244390586401373,0.0020223926433189376,False
2016-11-18,3437.49,3443.119,3413.27,3417.455,11595120500.0,-0.005552104081582132,-0.005567574299526257,False
2016-11-21,3412.652,3463.142,3412.08,3441.111,14643452900.0,0.006922110166776241,0.006898262350420126,False
2016-11-22,3443.22,3469.219,3443.22,3468.364,16852344600.0,0.007919825893439647,0.007888628681751442,False
2016-11-23,3473.895,3492.956,3465.764,3474.729,16238850400.0,0.0018351591701446512,0.0018334773228776413,False
2016-11-24,3468.807,3508.165,3467.011,3488.74,14574630100.0,0.004032256904063614,0.004024149143933897,False
2016-11-25,3490.04,3521.303,3463.948,3521.298,15362150600.0,0.009332309085801738,0.009289032130292085,False
2016-11-28,3538.675,3553.36,3528.32,3535.081,20737548300.0,0.0039141816455183776,0.003906541167530975,False
2016-11-29,3525.901,3583.719,3521.379,3564.04,23691835600.0,0.008191891501213133,0.008158520084172949,False
2016-11-30,3557.636,3567.069,3527.023,3538.001,17856017800.0,-0.007306034724638311,-0.00733285450702148,False
2016-12-01,3543.956,3575.97,3543.245,3565.036,18017076100.0,0.0076413206214469565,0.007612273608874176,False
2016-12-02,3559.771,3562.55,3516.788,3528.955,19635548000.0,-0.010120795414127692,-0.010172358867832187,False
2016-12-05,3473.688,3496.884,3457.343,3469.407,18085235500.0,-0.016874117125324606,-0.01701810714108376,False
2016-12-06,3466.242,3477.59,3456.807,3459.153,11552909000.0,-0.0029555483112820857,-0.0029599245691471765,False
2016-12-07,3458.369,3475.747,3445.756,3475.747,11434510300.0,0.00479712808308852,0.004785658530149561,False
2016-12-08,3481.807,3484.34,3466.512,3470.143,11738392200.0,-0.0016123152807151486,-0.001613616459794187,False
2016-12-09,3464.873,3507.928,3461.761,3493.7,15030330800.0,0.006788481051068995,0.006765543064457091,False
2016-12-12,3489.268,3495.802,3400.793,3409.179,18746775100.0,-0.024192403469101453,-0.024489846704591756,False
2016-12-13,3394.207,3416.215,3370.596,3405.036,12110509700.0,-0.0012152485979762817,-0.0012159876113386758,False
2016-12-14,3399.411,3412.28,3378.266,3378.945,12400774400.0,-0.007662474053137691,-0.0076919816381586514,False
2016-12-15,3363.86,3378.037,3327.143,3340.434,11496066000.0,-0.011397344437390933,-0.011462791927767668,False
2016-12-16,3335.363,3356.292,3330.493,3346.031,9077542200.0,0.0016755307843232536,0.0016741286486148255,False
2016-12-19,3342.345,3344.858,3324.999,3328.983,8164067800.0,-0.005094991648314062,-0.005108015374279518,False
2016-12-20,3328.299,3329.102,3289.268,3309.064,8756959200.0,-0.005983509077697402,-0.00600148199808892,False
2016-12-21,3313.745,3342.476,3313.745,3338.536,10825499500.0,0.008906446052418415,0.008867017600424631,False
2016-12-22,3335.122,3340.363,3322.72,3335.672,9227724900.0,-0.0008578610504724749,-0.0008582292238390465,False
2016-12-23,3333.401,3334.894,3300.884,3307.599,9744471300.0,-0.008415995337671012,-0.008451609787904601,False
2016-12-26,3293.224,3322.421,3267.048,3322.401,8979398200.0,0.004475149496659059,0.004465165789788728,False
2016-12-27,3319.206,3330.232,3315.832,3316.385,7548635900.0,-0.0018107386796475389,-0.0018123800486229413,False
2016-12-28,3315.753,3320.547,3293.174,3301.889,6900043700.0,-0.004371024473937779,-0.004380605330378984,False
2016-12-29,3297.036,3312.113,3288.096,3297.765,7008792300.0,-0.001248982022109213,-0.0012497626502163683,False
2016-12-30,3302.599,3313.55,3295.751,3310.081,7174411600.0,0.0037346505891111548,0.0037276940962662763,False
2017-01-03,3313.953,3345.263,3313.953,3342.227,8656789600.0,0.009711544823223228,0.009664690877027482,False
2017-01-04,3340.558,3369.566,3338.153,3368.312,9005082700.0,0.007804676343049044,0.007774377403475086,False
2017-01-05,3368.34,3373.412,3361.462,3367.789,8833635700.0,-0.00015527065188725153,-0.00015528270762210639,False
2017-01-06,3366.852,3368.871,3346.891,3347.667,8745911400.0,-0.005974839872688098,-0.005992760646599038,False
2017-01-09,3345.748,3366.222,3344.347,3363.901,8370794200.0,0.004849347321582487,0.004837627111832887,False
2017-01-10,3361.639,3370.505,3354.088,3358.272,8381916000.0,-0.001673354834164198,-0.0016747564561914174,False
2017-01-11,3355.801,3366.632,3334.298,3334.495,9107143800.0,-0.007080129304594784,-0.00710531235665357,False
2017-01-12,3332.686,3343.128,3315.963,3317.624,8123913500.0,-0.005059536751442106,-0.005072379544882821,False
2017-01-13,3317.963,3338.174,3309.374,3319.912,8418058900.0,0.0006896501833841828,0.0006894124839753601,False
2017-01-16,3314.151,3322.782,3264.207,3319.446,15777913500.0,-0.00014036516630555607,-0.00014037501841634992,False
2017-01-17,3305.6,3327.377,3292.204,3326.356,6945332800.0,0.0020816726646555317,0.002079508986307488,False
2017-01-18,3323.339,3350.962,3320.406,3339.365,7062322700.0,0.003910886267134206,0.003903258632176332,False
2017-01-19,3330.952,3346.496,3324.684,3329.289,6615980800.0,-0.0030173401230472185,-0.0030219014714933934,False
2017-01-20,3326.977,3358.412,3326.374,3354.889,6530046200.0,0.007689329463437922,0.007659917246904513,False
2017-01-23,3359.054,3378.739,3355.848,3364.081,7555749800.0,0.0027398820050379413,0.002736135370334125,False
2017-01-24,3363.137,3371.32,3355.899,3364.451,6619422600.0,0.00010998546111107288,0.00010997941315338267,False
2017-01-25,3361.656,3376.442,3357.218,3375.904,5837693100.0,0.0034041215045188533,0.003398340598467442,False
2017-01-26,3378.261,3395.885,3378.261,3387.961,6531664700.0,0.0035714878148194185,0.0035651251970545417,False
2017-02-03,3390.932,3392.477,3362.565,3364.492,5518886100.0,-0.006927175371853389,-0.006951279631959295,False
2017-02-06,3368.108,3381.335,3358.752,3373.205,6852136000.0,0.0025896925895498857,0.002586345113739341,False
2017-02-07,3371.77,3376.71,3354.625,3365.685,6375446200.0,-0.0022293338234705695,-0.002231822487514634,False
2017-02-08,3361.781,3383.686,3347.43,3383.288,7540287900.0,0.005230138887031943,0.005216509213378018,False
2017-02-09,3381.899,3406.589,3379.787,3396.292,9755851500.0,0.003843598298459927,0.003836230547602071,False
2017-02-10,3398.317,3422.326,3398.03,3413.487,12376872000.0,0.005062874452491206,0.005050101198410317,False
2017-02-13,3416.917,3439.543,3416.875,3436.275,12014453800.0,0.006675871330402039,0.006653686382563251,False
2017-02-14,3438.511,3440.675,3424.403,3435.804,9480946500.0,-0.00013706702752258604,-0.00013707642206561843,False
2017-02-15,3435.388,3448.032,3417.081,3421.713,12764333800.0,-0.004101223469091919,-0.004109656551264607,False
2017-02-16,3421.83,3440.933,3418.351,3440.933,10827696200.0,0.0056170695788921865,0.00560135267140538,False
2017-02-17,3443.617,3457.556,3419.614,3421.442,11460003600.0,-0.005664452054137681,-0.005680555904458373,False
2017-02-20,3421.643,3472.604,3421.643,3471.393,13262886200.0,0.014599399902146537,0.01449385468777642,False
2017-02-21,3475.058,3490.086,3472.017,3482.823,11484200900.0,0.0032926263318500126,0.003287217507342177,False
2017-02-22,3483.201,3489.946,3473.524,3489.757,10281599400.0,0.0019909136927143134,0.0019889344506136553,False
2017-02-23,3487.575,3492.962,3460.118,3473.324,9953633000.0,-0.004708923859168435,-0.0047200457696803255,False
2017-02-24,3468.959,3473.852,3455.251,3473.852,9553513300.0,0.00015201576357393165,0.00015200421034933242,False
2017-02-27,3471.132,3472.836,3441.394,3446.223,9867216000.0,-0.007953418856071037,-0.007985216001385353,False
2017-02-28,3445.027,3460.909,3441.359,3452.81,7521526000.0,0.0019113678946487411,0.001909543555321136,False
2017-03-01,3452.206,3472.696,3449.109,3458.438,10326035400.0,0.0016299767435798973,0.0016286497732451721,False
2017-03-02,3463.483,3468.471,3434.001,3435.096,8989807700.0,-0.006749289708244066,-0.006772169168876019,False
2017-03-03,3424.663,3428.882,3412.831,3427.863,8099465200.0,-0.0021056180089290555,-0.0021078379392935886,False
2017-03-06,3427.253,3449.034,3425.904,3446.484,8307088200.0,0.00543224743812698,0.005417545999216955,False
2017-03-07,3446.163,3454.039,3440.057,3453.957,8033472000.0,0.0021682967337146586,0.0021659493709247357,False
2017-03-08,3452.201,3457.035,3441.258,3448.731,7958769000.0,-0.0015130472093310976,-0.0015141930211832744,False
2017-03-09,3442.895,3443.046,3414.678,3426.944,8457038100.0,-0.006317396166879985,-0.006337435355622034,False
2017-03-10,3423.978,3436.239,3423.937,3427.892,7001619900.0,0.0002766313076607574,0.00027659305227523134,False
2017-03-13,3425.672,3458.098,3412.688,3458.098,9168412400.0,0.008811829544221439,0.008773231952140748,False
2017-03-14,3456.658,3465.392,3448.903,3456.693,7707796300.0,-0.0004062927077254086,-0.00040637526697118176,False
2017-03-15,3452.214,3463.919,3445.268,3463.644,7910495400.0,0.0020108814985881907,0.002008862382737675,False
2017-03-16,3472.269,3492.127,3472.269,3481.507,10633391300.0,0.005157285217533891,0.005144031969781082,False
2017-03-17,3485.311,3488.497,3441.469,3445.805,10375556000.0,-0.010254754622064599,-0.010307696869080729,False
2017-03-20,3449.052,3454.063,3429.825,3449.613,8873432200.0,0.0011051118679088479,0.001104501681295389,False
2017-03-21,3449.77,3466.703,3445.642,3466.347,8770785500.0,0.0048509789358981426,0.004839250850750432,False
2017-03-22,3450.754,3464.333,3433.499,3450.05,10493589400.0,-0.004701491224046506,-0.004712577997137757,False
2017-03-23,3452.406,3470.816,3435.691,3461.978,9431806200.0,0.0034573411979537116,0.0034513783336915793,False
2017-03-24,3464.197,3499.318,3461.111,3489.6,12564583300.0,0.007978675774369393,0.007947014439663391,False
2017-03-27,3488.765,3505.979,3474.521,3478.039,10701537700.0,-0.0033129871618522433,-0.0033184872550044986,False
2017-03-28,3480.249,3482.292,3461.468,3469.809,8419482000.0,-0.0023662759388264343,-0.0023690799940556673,False
2017-03-29,3472.967,3483.057,3455.553,3465.193,10485170600.0,-0.0013303325917939368,-0.0013312182697813313,False
2017-03-30,3461.616,3467.305,3422.366,3436.758,11637692200.0,-0.008205892139341309,-0.00823974579909681,False
2017-03-31,3434.822,3456.305,3430.82,3456.046,9157749100.0,0.005612265978576225,0.00559657589112561,False
2017-04-05,3476.423,3504.538,3475.149,3503.893,14339901700.0,0.013844433783578136,0.013749475039800174,False
2017-04-06,3507.988,3517.778,3495.725,3514.047,13676700400.0,0.0028979195426344084,0.002893728668388107,False
2017-04-07,3514.452,3526.815,3506.389,3517.463,14029320400.0,0.0009720985518977265,0.0009716263700809691,False
2017-04-10,3519.46,3522.796,3502.083,3505.139,14188738000.0,-0.0035036615879114885,-0.0035098137845199773,False
2017-04-11,3503.829,3520.132,3466.139,3517.328,16594583200.0,0.0034774655156328826,0.003471433113363176,False
2017-04-12,3514.572,3523.098,3497.999,3509.439,18182453700.0,-0.002242895743587159,-0.0022454148016084474,False
2017-04-13,3500.284,3518.439,3496.57,3514.566,12998181300.0,0.0014609172577155771,0.0014598511562979866,False
2017-04-14,3516.81,3517.466,3476.947,3486.505,13547407800.0,-0.007984200609691072,-0.00801624501934839,False
2017-04-17,3475.738,3480.57,3453.676,3479.942,11716496100.0,-0.00188240085701874,-0.0018841748000433256,False
2017-04-18,3474.889,3489.085,3462.63,3462.743,11092782300.0,-0.0049423237513729346,-0.004954577424490125,False
2017-04-19,3452.99,3459.352,3418.514,3445.876,12134926400.0,-0.004870993891259001,-0.004882895847302393,False
2017-04-20,3444.523,3465.609,3440.715,3461.548,11418420800.0,0.004548045257577238,0.004537734151508488,False
2017-04-21,3461.389,3475.562,3449.542,3466.787,10441911000.0,0.0015134847183977396,0.0015123405547061708,False
2017-04-24,3458.228,3458.228,3403.979,3431.259,11466079100.0,-0.010248105810942487,-0.010300979192164661,False
2017-04-25,3427.732,3449.672,3422.652,3440.974,9407214800.0,0.0028313222639271274,0.002827321620674894,False
2017-04-26,3440.253,3466.565,3439.151,3445.183,11194002900.0,0.0012232001752991994,0.0012224526754636145,False
2017-04-27,3435.102,3449.272,3399.539,3446.72,12329842500.0,0.0004461301475131574,0.0004460306610472031,False
2017-04-28,3439.574,3439.904,3417.238,3439.753,10163235100.0,-0.002021342029523643,-0.0020233876984541155,False
2017-05-02,3427.917,3436.306,3418.665,3426.577,9279746200.0,-0.003830507597493149,-0.003837862780450507,False
2017-05-03,3421.759,3432.225,3403.078,3413.128,9166962400.0,-0.003924908151779483,-0.0039326308175713365,False
2017-05-04,3404.938,3421.395,3391.277,3404.386,10348207500.0,-0.002561286889914527,-0.0025645725968050925,False
2017-05-05,3393.483,3395.453,3366.557,3382.55,10989533300.0,-0.0064140787795508025,-0.006434737367431609,False
2017-05-08,3369.108,3374.157,3339.574,3358.813,12374928700.0,-0.007017486807290418,-0.0070422251698598615,False
2017-05-09,3342.598,3358.046,3327.59,3352.532,7677166800.0,-0.001870005862189994,-0.0018717565059684915,False
2017-05-10,3350.65,3369.435,3336.003,3337.701,9208262800.0,-0.004423820563084879,-0.004433634611693549,False
2017-05-11,3322.946,3359.6,3312.892,3356.646,10925289000.0,0.00567606265510312,0.005660014509684785,False
2017-05-12,3350.937,3387.268,3349.167,3385.379,9338646600.0,0.008560032842307441,0.008523603504439592,False
2017-05-15,3391.588,3406.581,3391.588,3399.194,8297761100.0,0.004080783864967463,0.0040724800495439695,False
2017-05-16,3390.925,3428.853,3373.552,3428.649,10524241600.0,0.008665289477446603,0.008627961340987866,False
2017-05-17,3423.19,3433.97,3408.154,3409.966,9973683700.0,-0.005449085047784075,-0.005463985465459231,False
2017-05-18,3387.666,3409.932,3383.935,3398.113,8575958900.0,-0.0034759877371211,-0.0034820430186233153,False
2017-05-19,3395.232,3405.945,3392.378,3403.849,7147352500.0,0.001687995661121322,0.001686572597636271,False
2017-05-22,3400.588,3424.178,3391.175,3411.239,9253955900.0,0.002171071630968413,0.002168718260563196,False
2017-05-23,3405.025,3434.766,3401.534,3424.194,11691103300.0,0.0037977403518194564,0.0037905471421399994,False
2017-05-24,3409.717,3424.167,3383.892,3424.167,8355316100.0,-7.885067259683076e-06,-7.885098346704922e-06,False
2017-05-25,3414.399,3490.418,3413.225,3485.658,13072163100.0,0.01795794422409891,0.017798605117885558,False
2017-05-26,3479.621,3498.315,3473.04,3480.435,10324115300.0,-0.0014984258352368496,-0.0014995495979519546,False
2017-05-31,3495.073,3515.081,3474.922,3492.885,10482974400.0,0.0035771390645136236,0.0035707563193518865,False
2017-06-01,3485.222,3499.814,3476.428,3497.738,10312772400.0,0.0013893958718937949,0.0013884315545595882,False
2017-06-02,3491.589,3498.119,3470.202,3486.507,8266801000.0,-0.0032109323225466557,-0.003216098427376579,False
2017-06-05,3480.169,3484.124,3462.314,3468.754,7973815200.0,-0.005091915777022726,-0.005104923755972379,False
2017-06-06,3464.377,3492.882,3460.453,3492.882,6408938800.0,0.006955811798703637,0.006931731739566516,False
2017-06-07,3493.885,3537.095,3491.133,3533.872,10441996800.0,0.01173529480812685,0.011666970255685527,False
2017-06-08,3531.242,3562.272,3528.179,3560.979,9022490500.0,0.0076706230446377255,0.007641353398021522,False
2017-06-09,3561.241,3590.887,3560.634,3576.17,10118826500.0,0.004265961691995557,0.004256888272836434,False
2017-06-12,3570.219,3603.69,3565.901,3574.389,9038116700.0,-0.0004980188302010635,-0.0004981428827672829,False
2017-06-13,3569.159,3584.409,3559.213,3582.267,7517713800.0,0.0022040130495029064,0.002201587775644498,False
2017-06-14,3571.248,3571.248,3530.274,3535.299,8381078300.0,-0.013111250501428251,-0.01319796170847809,False
2017-06-15,3530.747,3542.28,3508.946,3528.793,8263253500.0,-0.0018402969593236396,-0.0018419923861507925,False
2017-06-16,3522.975,3536.14,3514.389,3518.761,7645270700.0,-0.0028428984074725383,-0.0028469471183534267,False
2017-06-19,3520.06,3554.91,3520.06,3553.665,7979714100.0,0.009919400607202311,0.009870526289860848,False
2017-06-20,3560.787,3563.696,3539.515,3546.494,8050955900.0,-0.0020179167141528564,-0.0020199554512139173,False
2017-06-21,3567.126,3587.986,3545.567,3587.955,8785982400.0,0.011690700731482817,0.011622892462131773,False
2017-06-22,3583.558,3635.527,3581.338,3590.343,13552698700.0,0.0006655601867915362,0.0006653387998358795,False
2017-06-23,3583.436,3623.235,3569.323,3622.883,10512913400.0,0.009063200925371273,0.009022376600499982,False
2017-06-26,3627.021,3671.944,3627.021,3668.092,13463799500.0,0.012478735857603063,0.012401518155900959,False
2017-06-27,3665.578,3676.533,3648.764,3674.715,9755870200.0,0.0018055708526394376,0.0018039427690386134,False
2017-06-28,3664.163,3672.189,3644.027,3646.167,9792085800.0,-0.007768765741016703,-0.007799099809231436,False
2017-06-29,3649.253,3669.135,3644.733,3668.828,8558949800.0,0.006215019772819019,0.006195786187699781,False
2017-06-30,3654.735,3669.758,3646.227,3666.798,8151002800.0,-0.0005533102124166689,-0.0005534633450015036,False
2017-07-03,3667.232,3667.596,3633.783,3650.846,8882086000.0,-0.004350389631498586,-0.004359880111328707,False
2017-07-04,3646.828,3646.846,3611.691,3619.984,9507141300.0,-0.008453383133662729,-0.008489315620884952,False
2017-07-05,3611.898,3660.729,3610.459,3659.68,8823242500.0,0.010965794323952727,0.010906105958502721,False
2017-07-06,3654.558,3666.775,3629.56,3660.097,10237924500.0,0.00011394438858047806,0.00011393789741198646,False
2017-07-07,3647.642,3657.113,3631.87,3655.929,10373549700.0,-0.0011387676337539787,-0.001139416522283554,False
2017-07-10,3647.938,3667.846,3641.528,3653.687,12059191000.0,-0.0006132504214387824,-0.0006134385363907313,False
2017-07-11,3646.878,3701.209,3645.995,3670.809,11876082600.0,0.004686225174734604,0.0046752790056938665,False
2017-07-12,3672.633,3691.581,3640.589,3658.824,12228779200.0,-0.003264947862991585,-0.0032702894350702394,False
2017-07-13,3656.35,3690.483,3652.566,3686.921,12566954900.0,0.007679243385306345,0.007649908082061785,False
2017-07-14,3682.615,3703.094,3672.743,3703.094,10551400500.0,0.004386587073604398,0.004376994044068994,False
2017-07-17,3700.618,3716.47,3621.365,3663.558,17882160000.0,-0.010676477561736175,-0.010733880085060932,False
2017-07-18,3648.494,3667.541,3622.041,3667.181,12462205600.0,0.000988929341366962,0.0009884406728914996,False
2017-07-19,3660.867,3731.047,3658.204,3729.747,18247778700.0,0.01706106134384955,0.016917155916807758,False
2017-07-20,3725.144,3750.194,3723.069,3747.884,14241003900.0,0.0048627963237184435,0.004851011120262427,False
2017-07-21,3738.185,3751.695,3722.066,3728.598,11794122600.0,-0.005145836957600625,-0.005159122372582203,False
2017-07-24,3724.378,3755.19,3719.849,3743.469,13486872200.0,0.003988362381785349,0.003980429949157482,False
2017-07-25,3742.641,3752.156,3713.277,3719.559,12167205900.0,-0.00638712381483586,-0.006407608763336015,False
2017-07-26,3722.876,3738.532,3684.182,3705.388,13632521000.0,-0.0038098602549389016,-0.0038171362587711144,False
2017-07-27,3700.856,3716.689,3672.497,3712.195,14500290400.0,0.0018370545810588723,0.0018353692599930582,False
2017-07-28,3703.49,3725.538,3696.778,3721.891,11141139200.0,0.0026119317546626775,0.0026085265890021248,False
2017-07-31,3722.428,3746.521,3713.655,3737.873,14842903900.0,0.00429405374848435,0.004284860607519647,False
2017-08-01,3738.736,3770.404,3737.095,3770.383,15254653900.0,0.008697459758530979,0.008659854743500617,False
2017-08-02,3768.194,3784.351,3759.276,3760.853,17229338300.0,-0.0025275946767211455,-0.002530794437081596,False
2017-08-03,3755.108,3766.345,3718.435,3727.826,14615394400.0,-0.008781784345200383,-0.008820571460359972,False
2017-08-04,3724.723,3738.731,3707.003,3707.58,15747006000.0,-0.005431047479147355,-0.0054458492345244025,False
2017-08-07,3701.216,3730.777,3689.955,3726.795,12423153000.0,0.005182625863771051,0.005169242279837505,False
2017-08-08,3724.329,3737.334,3718.812,3732.213,13724192800.0,0.0014537960902061275,0.0014527403517661241,False
2017-08-09,3728.032,3738.999,3713.567,3731.044,12467998900.0,-0.00031321899366421047,-0.0003132680569795099,False
2017-08-10,3724.962,3746.861,3688.177,3715.921,13008512800.0,-0.00405328910621261,-0.004061525947568256,False
2017-08-11,3687.931,3700.494,3645.095,3647.35,15038742100.0,-0.01845329865731804,-0.01862568479526594,False
2017-08-14,3651.375,3698.366,3651.375,3694.683,11530845100.0,0.01297736712955988,0.012893882597957429,False
2017-08-15,3695.78,3719.293,3692.28,3706.057,10644485700.0,0.0030784779100128112,0.0030737490994319216,False
2017-08-16,3701.134,3707.144,3679.734,3701.421,10413414100.0,-0.0012509251746533057,-0.0012517082346494846,False
2017-08-17,3707.067,3722.624,3704.413,3721.277,10865625100.0,0.005364426256834864,0.005350088973644418,False
2017-08-18,3707.189,3733.491,3700.411,3724.675,9656170500.0,0.0009131274022331493,0.0009127107550224167,False
2017-08-21,3731.84,3744.263,3728.616,3740.994,10031307300.0,0.004381321860296605,0.004371751812465519,False
2017-08-22,3745.754,3758.292,3734.556,3752.298,10029285600.0,0.0030216568109970865,0.003017100781587345,False
2017-08-23,3747.611,3772.457,3741.72,3756.088,10496157300.0,0.0010100477094303617,0.0010095379544647898,False
2017-08-24,3755.89,3765.708,3729.088,3734.646,8994737200.0,-0.005708598946563503,-0.0057249552750455734,False
2017-08-25,3736.292,3795.969,3736.292,3795.754,12994090000.0,0.016362461127507055,0.01623003861329586,False
2017-08-28,3805.657,3866.942,3805.657,3842.712,18557632500.0,0.012371191599877207,0.012295293732679013,False
2017-08-29,3839.178,3847.93,3825.76,3834.538,12822707000.0,-0.0021271435382094195,-0.002129409121410575,False
2017-08-30,3834.268,3854.706,3827.861,3834.301,14135285700.0,-6.180666354071995e-05,-6.180857365123416e-05,False
2017-08-31,3835.839,3840.199,3800.886,3822.093,13294493500.0,-0.0031838919271074406,-0.003188971295314147,False
2017-09-01,3825.339,3843.618,3818.159,3830.538,15864551100.0,0.0022095223742593095,0.002207084969372275,False
2017-09-04,3828.545,3847.091,3813.554,3845.616,14956632000.0,0.00393626169483241,0.003928534886622259,False
2017-09-05,3845.545,3865.294,3841.951,3857.046,12496415500.0,0.0029722156346343453,0.0029678073345316136,False
2017-09-06,3846.747,3858.248,3831.384,3849.45,13139872300.0,-0.001969382786723317,-0.001971324570833488,False
2017-09-07,3851.688,3858.162,3828.835,3829.871,12388418100.0,-0.005086181142760604,-0.005099159788601426,False
2017-09-08,3830.071,3843.019,3813.983,3825.99,10603650400.0,-0.001013350058004625,-0.0010138638443013548,False
2017-09-11,3828.342,3850.741,3817.511,3825.645,12388399700.0,-9.017273960454375e-05,-9.01768054113461e-05,False
2017-09-12,3832.242,3849.389,3822.004,3837.934,14419024200.0,0.003212268780820038,0.0032071204676906717,False
2017-09-13,3835.549,3847.784,3822.944,3842.606,9541078500.0,0.0012173216110542562,0.0012165812758588856,False
2017-09-14,3843.572,3854.493,3820.088,3829.955,11535858300.0,-0.0032922969463953233,-0.003297728480745832,False
2017-09-15,3826.145,3843.297,3818.523,3831.297,12242700600.0,0.00035039576183004684,0.0003503343875710385,False
2017-09-18,3832.963,3862.359,3832.963,3843.143,11793440500.0,0.0030919033423928433,0.0030871332391910755,False
2017-09-19,3849.879,3857.303,3820.289,3832.116,11243298700.0,-0.0028692661189032576,-0.0028733903538427086,False
2017-09-20,3830.155,3850.943,3827.886,3842.435,10112954200.0,0.002692768172988469,0.002689149168077165,False
2017-09-21,3843.258,3860.798,3837.384,3837.818,11109819200.0,-0.001201581809451513,-0.0012023042876752044,False
2017-09-22,3826.459,3842.252,3816.823,3837.73,10061980200.0,-2.292969598871597e-05,-2.2929958879203127e-05,False
2017-09-25,3829.219,3835.389,3811.119,3817.792,10394897600.0,-0.0051952586555072955,-0.005208800935884383,False
2017-09-26,3810.333,3821.693,3808.383,3820.782,8186940700.0,0.000783175196553465,0.0007828686748876379,False
2017-09-27,3818.965,3832.566,3818.815,3821.2,8565581100.0,0.00010940168792661353,0.00010939570399948195,False
2017-09-28,3821.59,3827.331,3813.753,3822.539,9354406900.0,0.0003504134826757266,0.0003503521022096834,False
2017-09-29,3825.202,3852.224,3825.202,3836.501,9330602800.0,0.0036525461218315236,0.003645891773864207,False
2017-10-09,3910.115,3918.839,3876.032,3882.208,13553585100.0,0.011913720340487322,0.011843310650180072,False
2017-10-10,3883.004,3900.742,3855.467,3889.864,11253258600.0,0.001972073624082027,0.001970131639630779,False
2017-10-11,3886.818,3913.07,3885.497,3902.687,10441815100.0,0.003296516279232442,0.003291094681099338,False
2017-10-12,3902.016,3917.444,3897.547,3912.954,9434092100.0,0.0026307515821792915,0.0026272972123013716,False
2017-10-13,3912.975,3927.174,3908.889,3921.002,9014206800.0,0.0020567581423138748,0.002054645911023556,False
2017-10-16,3926.275,3947.424,3913.322,3913.446,12135503300.0,-0.0019270584406740898,-0.0019289176066568103,False
2017-10-17,3910.789,3924.614,3900.476,3913.069,8224122700.0,-9.633453483193222e-05,-9.633917530038616e-05,False
2017-10-18,3914.815,3944.411,3914.815,3944.163,10096984100.0,0.007946192617610315,0.00791478788472233,False
2017-10-19,3940.583,3944.035,3923.646,3931.25,10652725200.0,-0.003273951913244977,-0.003279323020176861,False
2017-10-20,3918.527,3928.961,3910.197,3926.852,7298018000.0,-0.0011187281399046567,-0.0011193543833378783,False
2017-10-23,3930.891,3936.273,3920.656,3930.798,8148498000.0,0.0010048761705305775,0.001004371620449973,False
2017-10-24,3926.23,3959.495,3922.029,3959.395,9305815400.0,0.00727511309408424,0.007248777113170846,False
2017-10-25,3958.167,3978.089,3954.001,3976.949,8820545800.0,0.004433505623965273,0.004423706589946619,False
2017-10-26,3980.048,4013.599,3973.554,3993.575,12989546500.0,0.00418059170484697,0.004171877310453098,False
2017-10-27,3992.554,4024.465,3991.354,4021.968,12667284600.0,0.007109669907288563,0.007084515360835653,False
2017-10-30,4022.164,4033.339,3960.27,4009.722,15738760300.0,-0.0030447780787912215,-0.003049422846151728,False
2017-10-31,3995.394,4009.283,3983.257,4006.718,10917877900.0,-0.000749179120148602,-0.0007494598950685827,False
2017-11-01,4007.912,4032.458,3991.324,3996.622,13041738000.0,-0.0025197680495607777,-0.002522948008033765,False
2017-11-02,3994.095,3999.226,3971.376,3997.134,12610057900.0,0.0001281081873643064,0.00012809998221108287,False
2017-11-03,3992.35,3999.337,3963.026,3992.698,12940443900.0,-0.0011097951682380591,-0.0011104114469002724,False
2017-11-06,3989.182,4021.638,3975.407,4020.89,12208115900.0,0.007060889654063596,0.007036078297744552,False
2017-11-07,4022.402,4064.218,4021.364,4054.247,15211666300.0,0.008295924534120536,0.008261702490903744,False
2017-11-08,4051.494,4089.146,4040.577,4048.006,15082771900.0,-0.0015393734027552286,-0.0015405594553321578,False
2017-11-09,4043.066,4076.61,4038.4,4075.9,12105633500.0,0.006890800063043434,0.006867167005291108,False
2017-11-10,4070.276,4116.714,4067.657,4111.911,14181716500.0,0.00883510390343245,0.00879630274696197,False
2017-11-13,4115.551,4137.646,4115.551,4128.073,15144630900.0,0.00393053254314113,0.003922828181668336,False
2017-11-14,4129.274,4133.546,4086.89,4099.351,14323693600.0,-0.006957725796031378,-0.00698204363370003,False
2017-11-15,4084.213,4102.807,4055.717,4073.67,12063569600.0,-0.006264650184870657,-0.00628435544666317,False
2017-11-16,4063.494,4107.617,4062.273,4105.012,12138441400.0,0.007693799448654337,0.007664353113366218,False
2017-11-17,4094.079,4122.376,4081.372,4120.851,19178411900.0,0.003858454006955281,0.003851029265847572,False
2017-11-20,4093.734,4144.514,4060.964,4143.833,13744725800.0,0.005577003390804469,0.005561509487069571,False
2017-11-21,4131.848,4220.264,4129.978,4217.702,18035082100.0,0.017826249272111294,0.01766922504647006,False
2017-11-22,4228.372,4260.64,4191.145,4227.567,18647700300.0,0.002338951400549405,0.0023362203114825064,False
2017-11-23,4213.378,4214.19,4086.902,4102.397,17814722800.0,-0.029608046424811296,-0.030055213250658852,False
2017-11-24,4089.472,4116.594,4057.489,4104.203,13085804000.0,0.0004402304311359462,0.00044013355814875865,False
2017-11-27,4088.932,4088.932,4037.146,4049.948,14345526800.0,-0.013219375357408136,-0.013307529052941192,False
2017-11-28,4034.206,4056.475,4010.296,4055.824,10205809500.0,0.001450882826149913,0.0014498313126214413,False
2017-11-29,4061.355,4069.242,4004.687,4053.753,12455364200.0,-0.0005106237351522047,-0.0005107541478484023,False
2017-11-30,4034.009,4052.797,3988.002,4006.099,10798334500.0,-0.011755526298716235,-0.011825168825749799,False
2017-12-01,4003.56,4027.106,3984.378,3998.137,9738691300.0,-0.001987469605718717,-0.0019894472442008038,False
2017-12-04,3989.047,4032.986,3982.318,4018.857,10264721900.0,0.00518241370918493,0.005169031219079301,False
2017-12-05,4007.936,4045.933,4006.543,4040.17,15408707600.0,0.005303249157658563,0.00528923645192414,False
2017-12-06,4027.123,4031.753,3964.809,4015.821,10928620500.0,-0.006026726598138188,-0.0060449606127424005,False
2017-12-07,4003.583,4017.947,3955.994,3971.057,9025404500.0,-0.011146911179557129,-0.011209503569849844,False
2017-12-08,3962.829,4014.139,3955.44,4003.379,8928286100.0,0.008139394624655294,0.00810644840633934,False
2017-12-11,4006.878,4069.5,4005.269,4069.5,9714894600.0,0.016516297857384954,0.01638138726553784,False
2017-12-12,4068.505,4070.15,4015.455,4016.016,8433871800.0,-0.013142646516771106,-0.013229775339722138,False
2017-12-13,4013.832,4052.688,4004.744,4050.093,7754613100.0,0.008485274959063815,0.008449477372529657,False
2017-12-14,4050.903,4057.625,4013.855,4026.152,8076886200.0,-0.005911222285512885,-0.005928762717722691,False
2017-12-15,4018.731,4020.267,3974.928,3980.856,8904438900.0,-0.011250444593249309,-0.011314209552205412,False
2017-12-18,3983.297,4008.069,3967.934,3985.291,7785337500.0,0.0011140819964350346,0.0011134618676269525,False
2017-12-19,3985.823,4035.63,3985.823,4035.329,7752898500.0,0.012555670338753266,0.012477501537665248,False
2017-12-20,4036.019,4044.849,4015.629,4030.49,9060450300.0,-0.001199158730304406,-0.0011998782964415255,False
2017-12-21,4023.076,4080.781,4014.653,4067.849,9683608900.0,0.009269096313351488,0.009226401863314138,False
2017-12-22,4064.913,4076.803,4048.491,4054.598,7347368400.0,-0.00325749554617194,-0.0032628127350751157,False
2017-12-25,4057.417,4086.934,4026.45,4041.54,9192696200.0,-0.003220541222582307,-0.003225738326790406,False
2017-12-26,4040.617,4056.855,4015.3,4053.622,9111879000.0,0.00298945451486321,0.002984994981218847,False
2017-12-27,4045.279,4047.737,3986.739,3991.208,10515357700.0,-0.015397094252991517,-0.01551686046697398,False
2017-12-28,3992.997,4036.698,3980.236,4018.897,11854288600.0,0.006937498621971017,0.0069135449005344185,False
2017-12-29,4022.883,4043.14,4012.875,4030.855,9048668300.0,0.0029754432621686977,0.002971025392110249,False
2018-01-02,4045.209,4087.779,4045.209,4087.401,14693543500.0,0.014028289283539053,0.013930803481544629,False
2018-01-03,4091.461,4140.054,4088.73,4111.393,15185221800.0,0.005869744612774674,0.005852584778352821,False
2018-01-04,4114.121,4137.642,4105.886,4128.812,13454379400.0,0.004236763549483102,0.004227813736717323,False
2018-01-05,4133.344,4151.282,4123.282,4138.751,14900987200.0,0.0024072299731738855,0.002404337236493248,False
2018-01-08,4140.855,4166.318,4127.308,4160.16,17387766600.0,0.00517281662994451,0.005159483573871526,False
2018-01-09,4157.539,4191.284,4153.502,4189.298,13903429400.0,0.0070040575362486646,0.006979643059240814,False
2018-01-10,4187.204,4211.055,4175.136,4207.813,15112166600.0,0.0044195948820064945,0.004409857153214958,False
2018-01-11,4197.114,4211.799,4181.957,4205.586,12157853900.0,-0.0005292535576081336,-0.0005293936617096762,False
2018-01-12,4205.144,4227.392,4199.025,4225.001,11135479400.0,0.00461647913037555,0.004605855872746645,False
2018-01-15,4229.836,4262.931,4216.359,4225.239,17090789700.0,5.633134761362513e-05,5.632976106362264e-05,False
2018-01-16,4215.625,4260.212,4213.128,4258.473,16149496300.0,0.007865590561859426,0.007834818061681403,False
2018-01-17,4261.783,4283.345,4230.537,4248.116,21431103200.0,-0.002432092442525735,-0.002435054783450852,False
2018-01-18,4259.375,4292.637,4246.684,4271.417,17203284600.0,0.00548501971226778,0.005470031772764727,False
2018-01-19,4281.937,4316.571,4269.617,4285.395,20949057000.0,0.0032724503367382862,0.003267107524020929,False
2018-01-22,4276.481,4338.483,4275.898,4336.597,17464319500.0,0.011948023461080926,0.011877209329970384,False
2018-01-23,4346.889,4383.572,4346.793,4382.613,20186758500.0,0.010611085143489296,0.010555182688943177,False
2018-01-24,4389.455,4397.82,4349.087,4389.885,21981888900.0,0.0016592840846316737,0.0016579089936961111,False
2018-01-25,4381.977,4392.196,4336.239,4365.079,19537495000.0,-0.005650717501711422,-0.005666743205518188,False
2018-01-26,4352.221,4403.338,4351.487,4381.3,17722723700.0,0.0037160839471634954,0.0037091963651612048,False
2018-01-29,4387.058,4395.905,4287.112,4302.018,19110035400.0,-0.018095542418916755,-0.018261269066629282,False
2018-01-30,4286.683,4308.512,4251.571,4256.102,13903473000.0,-0.010673130609867298,-0.010730497019629581,False
2018-01-31,4234.11,4287.858,4232.773,4275.899,14521016400.0,0.004651439274716784,0.004640654760464713,False
2018-02-01,4276.343,4287.389,4214.291,4245.898,19000293400.0,-0.00701630230274386,-0.007041032295035166,False
2018-02-02,4213.939,4271.765,4181.779,4271.233,14606682700.0,0.005966935616446678,0.005949203956939542,False
2018-02-05,4204.458,4274.146,4200.141,4274.146,16134779900.0,0.0006820044703716999,0.0006817720110081638,False
2018-02-06,4182.326,4211.523,4131.556,4148.886,21491045000.0,-0.029306439227859582,-0.029744451878066513,False
2018-02-07,4205.737,4212.568,4048.423,4050.497,20312749300.0,-0.02371455855861082,-0.024000274834051538,False
2018-02-08,4022.88,4071.665,3974.678,4012.047,15926998500.0,-0.009492662258483331,-0.009538004752327467,False
2018-02-09,3896.169,3911.292,3759.146,3840.653,20634982800.0,-0.04271983852631844,-0.04365918066075203,False
2018-02-12,3846.267,3907.843,3828.07,3890.105,11618263700.0,0.012875935420356921,0.012793745328234962,False
2018-02-13,3925.596,3986.981,3925.596,3935.632,11256588500.0,0.011703283073336124,0.01163532933004241,False
2018-02-14,3945.094,3971.404,3923.127,3966.961,7108133800.0,0.00796034791870781,0.007928831493208222,False
2018-02-22,4020.973,4058.788,4009.92,4052.733,10581157100.0,0.021621588919074508,0.021391157970885644,False
2018-02-23,4061.755,4085.201,4035.232,4071.089,9945874600.0,0.00452928924752749,0.004519062884130065,False
2018-02-26,4093.399,4128.744,4048.983,4118.419,13788100100.0,0.011625881920046544,0.011558820618887466,False
2018-02-27,4120.871,4120.871,4051.805,4058.981,12593447000.0,-0.014432237225012745,-0.014537394961237737,False
2018-02-28,4016.791,4051.712,3991.706,4023.642,10934359300.0,-0.008706372362915826,-0.00874449425297641,False
2018-03-01,3994.869,4061.033,3986.895,4049.086,11019985200.0,0.006323624219053192,0.006303713999834315,False
2018-03-02,4014.951,4044.418,4006.944,4016.461,9616500000.0,-0.008057373935747458,-0.008090009998644732,False
2018-03-05,4021.658,4042.835,3995.872,4018.097,8795254800.0,0.00040732376089303024,0.00040724082709076015,False
2018-03-06,4034.985,4067.553,3998.932,4066.565,13876244400.0,0.012062426566606055,0.01199025529338904,False
2018-03-07,4063.503,4089.696,4027.936,4036.654,10695242600.0,-0.007355347818121749,-0.007382531769188461,False
2018-03-08,4038.953,4078.226,4029.714,4077.6,9115581000.0,0.010143549583392586,0.0100924490542873,False
2018-03-09,4088.07,4110.674,4076.454,4108.865,11370180800.0,0.00766750049048448,0.0076382546086737335,False
2018-03-12,4130.708,4139.526,4112.766,4127.666,14090673900.0,0.004575716164926469,0.004565279400718936,False
2018-03-13,4124.331,4130.283,4087.563,4091.253,11176643000.0,-0.008821692452829266,-0.008860833947876401,False
2018-03-14,4076.063,4089.094,4066.49,4073.345,9901340900.0,-0.00437714313927795,-0.004386750876854251,False
2018-03-15,4058.706,4098.989,4058.706,4096.163,8816115600.0,0.005601784282941891,0.005586152638926478,False
2018-03-16,4096.886,4110.045,4055.822,4056.423,8489618800.0,-0.009701762356624899,-0.00974913107539166,False
2018-03-19,4054.617,4074.518,4033.522,4074.248,8150288200.0,0.00439426558817968,0.0043846389940540575,False
2018-03-20,4045.743,4080.193,4040.308,4077.704,8060528000.0,0.0008482546963268778,0.0008478951316330807,False
2018-03-21,4097.024,4110.116,4046.241,4061.05,9760948800.0,-0.0040841610867291545,-0.0040925240508489225,False
2018-03-22,4062.067,4072.377,4003.721,4020.349,8909525900.0,-0.010022284877063803,-0.010072846083687637,False
2018-03-23,3896.736,3928.511,3834.937,3904.936,18008044900.0,-0.028707209249744237,-0.029127320870257378,False
2018-03-26,3862.695,3883.901,3829.916,3879.893,11513912800.0,-0.006413165286191624,-0.00643381797745235,False
2018-03-27,3927.492,3936.778,3881.873,3913.269,11370071100.0,0.008602299084021103,0.008565510138378585,False
2018-03-28,3865.045,3907.281,3835.883,3842.716,10149490800.0,-0.018029172029829788,-0.01819367782028003,False
2018-03-29,3854.591,3913.958,3794.262,3894.05,11662906600.0,0.01335878061246265,0.013270338881218535,False
2018-03-30,3893.747,3915.347,3879.213,3898.498,9751227000.0,0.0011422554923536943,0.0011416036149078934,False
2018-04-02,3897.005,3937.018,3882.886,3886.919,11124266600.0,-0.002970118235279373,-0.002974537789681264,False
2018-04-03,3850.155,3878.15,3839.933,3862.48,9513736900.0,-0.006287499173509903,-0.006307348742947028,False
2018-04-04,3873.627,3898.613,3852.496,3854.863,8873060900.0,-0.0019720490462087348,-0.001973996095133046,False
2018-04-09,3851.955,3870.674,3827.413,3852.929,8410546200.0,-0.0005017039516059807,-0.0005018298471437532,False
2018-04-10,3860.723,3927.425,3851.796,3927.173,10617372200.0,0.019269496011995013,0.01908619033610215,False
2018-04-11,3934.17,3958.707,3924.96,3938.343,11193302100.0,0.0028442851893715204,0.00284024786397552,False
2018-04-12,3935.673,3937.784,3896.179,3898.635,8269949000.0,-0.010082412831995513,-0.01013358460342495,False
2018-04-13,3920.738,3929.952,3866.186,3871.144,7154420300.0,-0.007051442363801841,-0.007076421277684375,False
2018-04-16,3862.474,3869.156,3789.612,3808.863,9921777000.0,-0.01608852576912667,-0.016219351189523223,False
2018-04-17,3812.875,3822.626,3745.444,3748.641,9061079000.0,-0.015811017618643564,-0.015937345104529044,False
2018-04-18,3785.306,3789.659,3708.107,3766.282,10667670600.0,0.004705972110959689,0.00469493364180984,False
2018-04-19,3774.784,3824.032,3767.797,3811.843,9905406000.0,0.012097076108480431,0.012024491273145088,False
2018-04-20,3801.208,3815.444,3750.103,3760.854,9928292500.0,-0.013376469072834296,-0.013466739942728623,False
2018-04-23,3754.69,3787.395,3735.184,3766.326,9035629100.0,0.0014549886807624368,0.0014539312103458712,False
2018-04-24,3769.879,3854.429,3769.879,3843.489,11421952500.0,0.020487605162166078,0.020280557346049832,False
2018-04-25,3824.593,3838.692,3817.032,3828.702,7817261200.0,-0.003847285630321773,-0.003854705470626385,False
2018-04-26,3823.392,3828.713,3744.885,3755.494,8715064100.0,-0.01912084043103901,-0.01930600787168224,False
2018-04-27,3771.037,3776.975,3714.644,3756.877,8953172600.0,0.00036826047385507543,0.00036819268260934734,False
2018-05-02,3769.925,3787.303,3744.548,3763.646,8330103500.0,0.0018017624745234606,0.0018001412476014167,False
2018-05-03,3756.166,3797.527,3732.372,3793.0,9396111800.0,0.00779935201132087,0.007769094290669187,False
2018-05-04,3784.316,3801.524,3770.939,3774.598,7155428800.0,-0.0048515686791458235,-0.004863375742470311,False
2018-05-07,3782.54,3834.587,3776.03,3834.188,8728619500.0,0.015787111634139706,0.01566379140743024,False
2018-05-08,3834.614,3892.073,3833.729,3878.677,9421515700.0,0.011603239069132743,0.01153643773532842,False
2018-05-09,3876.13,3878.938,3855.739,3871.615,6671296600.0,-0.001820723922100309,-0.0018223834545736395,False
2018-05-10,3882.836,3894.49,3867.308,3893.057,7066780900.0,0.005538257290562232,0.005522977533178874,False
2018-05-11,3902.148,3903.338,3871.952,3872.838,7335660400.0,-0.005193604922815065,-0.0052071385681369264,False
2018-05-14,3886.874,3919.3,3886.874,3909.293,8197599900.0,0.0094129937787224,0.00936896761581174,False
2018-05-15,3920.14,3924.343,3892.92,3924.098,7604955500.0,0.003787129795592259,0.0037799766737283136,False
2018-05-16,3909.818,3923.343,3889.188,3892.844,7191364600.0,-0.007964632891431345,-0.007996520005608687,False
2018-05-17,3895.49,3899.514,3858.853,3864.051,5903012300.0,-0.007396391943782055,-0.007423880880518041,False
2018-05-18,3860.164,3903.064,3841.896,3903.064,7261395600.0,0.010096398831174858,0.010045770685943367,False
2018-05-21,3925.539,3937.461,3913.605,3921.242,9264173700.0,0.004657366622735415,0.004646554648029877,False
2018-05-22,3918.815,3918.815,3881.169,3906.208,7536877800.0,-0.0038339893329715213,-0.003841357910134846,False
2018-05-23,3898.268,3898.268,3854.583,3854.583,8372231900.0,-0.013216142099959804,-0.013304252486630475,False
2018-05-24,3853.292,3859.103,3823.924,3827.217,6834502200.0,-0.007099600657191729,-0.007124922744253581,False
2018-05-25,3823.745,3841.124,3804.135,3816.498,7083638600.0,-0.0028007296163243822,-0.0028046589979879855,False
2018-05-28,3816.265,3846.553,3799.321,3833.26,7152113200.0,0.004391984484205302,0.004382367867423298,False
2018-05-29,3824.191,3841.779,3800.675,3804.009,8155266200.0,-0.007630841633492147,-0.0076601054723770545,False
2018-05-30,3755.176,3767.887,3722.072,3723.372,8791328500.0,-0.02119789937405514,-0.0214258012921551,False
2018-05-31,3749.295,3804.792,3742.529,3802.376,9266689400.0,0.021218400954833516,0.020996425175880518,False
2018-06-01,3789.672,3802.537,3753.84,3770.589,7782181300.0,-0.0083597729419711,-0.008394911816170136,False
2018-06-04,3785.187,3813.407,3776.619,3807.578,7662434100.0,0.009809873205485875,0.009762068781972388,False
2018-06-05,3811.285,3845.565,3800.926,3845.316,7868736000.0,0.009911287437841088,0.009862492775557286,False
2018-06-06,3839.683,3848.33,3830.896,3837.351,7311723700.0,-0.002071351223150386,-0.0020734994380795513,False
2018-06-07,3846.937,3859.848,3827.687,3831.013,8025614700.0,-0.0016516602208138664,-0.0016530257153188899,False
2018-06-08,3819.448,3819.461,3759.272,3779.616,8333733500.0,-0.01341603382708434,-0.013506841913061507,False
2018-06-11,3770.208,3792.548,3756.515,3779.982,6870983400.0,9.683523405557004e-05,9.683054582687589e-05,False
2018-06-12,3783.186,3830.471,3765.264,3825.953,7320624400.0,0.01216169812448853,0.01208833885711158,False
2018-06-13,3814.617,3817.453,3782.073,3788.339,6637797000.0,-0.009831276024561686,-0.00987992211672939,False
2018-06-14,3774.64,3808.162,3759.248,3773.366,6847132200.0,-0.00395239180020579,-0.003960223142509989,False
2018-06-15,3763.041,3780.337,3737.428,3753.434,8548889300.0,-0.0052822864254354895,-0.00529628702559215,False
2018-06-19,3702.668,3712.816,3583.021,3621.117,16070654200.0,-0.03525225167140278,-0.035888612510023066,False
2018-06-20,3602.551,3649.336,3578.174,3635.444,8671809800.0,0.0039565139706891905,0.003948707553313113,False
2018-06-21,3633.556,3673.563,3589.49,3592.965,9390855200.0,-0.011684680055585983,-0.011753482410403748,False
2018-06-22,3567.894,3609.075,3542.456,3608.905,7511786400.0,0.004436447335278926,0.004426635312443139,False
2018-06-25,3625.798,3631.025,3559.034,3560.478,7987707800.0,-0.013418751671213314,-0.013509596719510242,False
2018-06-26,3521.588,3541.782,3478.213,3531.111,8498526900.0,-0.008248049840498983,-0.008282253207477552,False
2018-06-27,3525.132,3537.657,3441.785,3459.262,8149181700.0,-0.02034742040111448,-0.020557280784643694,False
2018-06-28,3434.944,3477.057,3416.948,3423.526,7591805100.0,-0.010330527147119906,-0.010384257404268737,False
2018-06-29,3431.962,3512.383,3425.216,3510.985,7725703100.0,0.025546468757649432,0.025225610772965368,False
2018-07-02,3504.457,3506.9,3383.501,3407.964,8435144900.0,-0.0293424779655852,-0.02978157935907788,False
2018-07-03,3410.477,3422.04,3319.289,3409.28,9527869300.0,0.0003861543138368173,0.00038607977544913297,False
2018-07-04,3398.779,3418.331,3359.086,3363.747,7515799700.0,-0.013355605875727483,-0.013445594109624537,False
2018-07-05,3365.555,3398.485,3330.711,3342.438,8158798100.0,-0.00633489974127055,-0.006355050365169035,False
2018-07-06,3347.062,3396.246,3295.73,3365.123,8609757900.0,0.0067869620917426765,0.0067640343458919006,False
2018-07-09,3378.906,3459.315,3378.906,3459.184,7660154500.0,0.027951727173122665,0.027568207927613386,False
2018-07-10,3464.906,3474.14,3437.271,3467.516,6954882300.0,0.002408660539595431,0.0024057643664630035,False
2018-07-11,3398.927,3427.571,3375.144,3407.53,7204095000.0,-0.01729941548935887,-0.017450798813239743,False
2018-07-12,3403.33,3499.097,3403.33,3481.056,9635356400.0,0.0215775062875454,0.021348007372751,False
2018-07-13,3488.497,3499.764,3474.912,3492.69,7295589700.0,0.003342089297040829,0.0033365169287229435,False
2018-07-16,3488.967,3506.236,3459.731,3472.086,6828199900.0,-0.005899177997474858,-0.005916646883255439,False
2018-07-17,3466.424,3467.185,3420.971,3449.377,6198307600.0,-0.0065404485948792335,-0.006561931049951397,False
2018-07-18,3456.607,3479.264,3430.156,3431.323,6653033000.0,-0.005233988630410691,-0.0052477339317142935,False
2018-07-19,3444.803,3466.506,3417.963,3428.343,6847771600.0,-0.0008684696835593586,-0.0008688470218416455,False
2018-07-20,3426.456,3505.928,3398.953,3492.894,10198472700.0,0.018828629457437573,0.018653564884044016,False
2018-07-23,3471.856,3527.534,3464.648,3525.75,11903662700.0,0.00940652650781848,0.009362560633078942,False
2018-07-24,3530.664,3596.513,3530.664,3581.706,15691243500.0,0.01587066581578389,0.01574604362787646,False
2018-07-25,3589.506,3589.984,3566.314,3577.752,9675850100.0,-0.001103943204718738,-0.00110455299884471,False
2018-07-26,3583.317,3593.923,3528.644,3536.246,9034964100.0,-0.01160113948647079,-0.011668957727989593,False
2018-07-27,3533.771,3545.406,3512.703,3521.227,7017810400.0,-0.004247159275683976,-0.004256204075529624,False
2018-07-30,3520.854,3550.902,3489.549,3515.079,8211699500.0,-0.0017459822953759252,-0.0017475082989726332,False
2018-07-31,3510.474,3528.154,3493.155,3517.657,6798081700.0,0.000733411681501428,0.0007331428665811046,False
2018-08-01,3530.03,3543.606,3446.777,3447.388,9034861700.0,-0.01997608066960488,-0.0201783001353828,False
2018-08-02,3434.352,3434.352,3322.096,3370.958,10130872700.0,-0.02217040843676421,-0.022419865884559798,False
2018-08-03,3366.664,3381.342,3315.201,3315.284,7079691000.0,-0.016515779787229623,-0.01665368580357729,False
2018-08-06,3312.815,3344.246,3257.686,3273.273,7797508300.0,-0.012671915890162033,-0.012752889403309098,False
2018-08-07,3284.979,3368.962,3263.499,3368.87,9178391600.0,0.029205324456591297,0.028786974805569798,False
2018-08-08,3362.149,3368.16,3311.769,3314.508,7928486500.0,-0.016136568048039868,-0.016268180228628637,False
2018-08-09,3303.477,3408.391,3299.616,3397.53,9195757200.0,0.025048061431742097,0.024739500692806615,False
2018-08-10,3398.414,3424.041,3380.573,3405.019,6896729900.0,0.0022042483804409763,0.002201822589023905,False
2018-08-13,3369.981,3396.188,3336.696,3390.344,7619153200.0,-0.004309814423942959,-0.00431912844489446,False
2018-08-14,3386.483,3391.729,3356.614,3372.914,6065144600.0,-0.005141071230529981,-0.005154332006483742,False
2018-08-15,3371.959,3372.137,3288.709,3291.976,6817405500.0,-0.0239964612201794,-0.024289066776621127,False
2018-08-16,3251.856,3315.203,3231.556,3276.728,7654736600.0,-0.004631868519090032,-0.004642628861931897,False
2018-08-17,3305.895,3311.573,3224.1,3229.62,6739541300.0,-0.014376536593821654,-0.014480880270561158,False
2018-08-20,3238.215,3267.25,3209.012,3267.25,7090422800.0,0.011651525566475307,0.01158416924022454,False
2018-08-21,3271.84,3331.708,3270.03,3326.649,7520558300.0,0.018180120896778673,0.018016838524911094,False
2018-08-22,3328.969,3328.969,3299.394,3307.955,5078705700.0,-0.0056194687206254645,-0.005635317336732726,False
2018-08-23,3308.459,3336.112,3285.814,3320.026,6111233400.0,0.003649082287999761,0.0036424405398474136,False
2018-08-24,3308.478,3353.045,3291.865,3325.335,6376589700.0,0.0015990838625963288,0.0015978066893538312,False
2018-08-27,3339.389,3406.574,3339.265,3406.574,9427008200.0,0.024430320554169827,0.024136673259533836,False
2018-08-28,3408.15,3416.593,3388.814,3400.171,7544536300.0,-0.0018796010302433164,-0.001881369696866031,False
2018-08-29,3393.053,3398.714,3377.123,3386.574,6702040400.0,-0.003998916525080554,-0.004006933571906401,False
2018-08-30,3385.805,3402.563,3349.469,3351.094,6838529000.0,-0.010476664617398046,-0.010531931213444423,False
2018-08-31,3333.38,3356.576,3310.873,3334.504,7620563000.0,-0.004950622095351576,-0.004962917020053581,False
2018-09-03,3320.69,3325.607,3291.784,3321.825,6642985500.0,-0.0038023646095491914,-0.0038096119751109825,False
2018-09-04,3324.186,3370.963,3307.959,3363.898,6708880700.0,0.01266562808094962,0.012586089910096021,False
2018-09-05,3349.698,3354.199,3298.141,3298.141,6430188800.0,-0.019547857872028285,-0.019741444197372005,False
2018-09-06,3286.665,3311.497,3253.755,3262.881,6230028800.0,-0.010690871008850245,-0.010748428967698231,False
2018-09-07,3273.891,3316.615,3253.725,3277.644,6394740800.0,0.004524529089476426,0.004514324177771201,False
2018-09-10,3271.382,3277.884,3227.848,3230.068,6381705100.0,-0.014515304285639186,-0.014621681972796452,False
2018-09-11,3229.705,3245.617,3209.112,3224.212,5849130500.0,-0.0018129649282926374,-0.0018146103382221668,False
2018-09-12,3216.991,3225.601,3194.979,3202.025,5462789900.0,-0.006881371324218066,-0.0069051571420377655,False
2018-09-13,3239.685,3249.593,3191.398,3236.566,6729032700.0,0.010787236202090877,0.010729469030421157,False
2018-09-14,3242.831,3254.104,3227.944,3242.09,6013064000.0,0.0017067472129412842,0.0017052923750426885,False
2018-09-17,3224.927,3230.788,3200.51,3204.922,5225954700.0,-0.011464209815273518,-0.011530430466738295,False
2018-09-18,3193.642,3270.107,3193.642,3269.432,7042503500.0,0.020128414981706255,0.019928516412699437,False
2018-09-19,3261.997,3335.991,3258.31,3312.482,8917066600.0,0.013167424800393457,0.013081487819606608,False
2018-09-20,3314.876,3332.309,3303.073,3310.126,6456105700.0,-0.0007112491479198679,-0.0007115022055934617,False
2018-09-21,3320.696,3410.486,3307.767,3410.486,10841600500.0,0.030319087551349932,0.02986854800454708,False
2018-09-25,3375.972,3394.377,3367.025,3379.804,6905469300.0,-0.008996371778098422,-0.009037083486397535,False
2018-09-26,3388.558,3448.26,3383.235,3417.241,9317334300.0,0.011076677819187086,0.01101578070260345,False
2018-09-27,3415.953,3423.71,3394.732,3403.59,6976524100.0,-0.003994743127569866,-0.004002743427101052,False
2018-09-28,3409.96,3444.988,3404.697,3438.865,8437775600.0,0.01036405677534602,0.010310718158679677,False
2018-10-08,3361.559,3364.464,3285.253,3290.899,9788898900.0,-0.04302756868908775,-0.043980695351740096,False
2018-10-09,3290.171,3309.798,3276.132,3288.691,6672327400.0,-0.0006709412838254991,-0.0006711664656560146,False
2018-10-10,3295.429,3315.731,3256.582,3281.598,6449282800.0,-0.0021567851768378166,-0.002159114387660921,False
2018-10-11,3179.541,3209.52,3099.04,3124.114,12094134200.0,-0.04799003412361902,-0.0491797758880228,False
2018-10-12,3123.372,3184.122,3094.966,3170.726,9861115100.0,0.014920070138285668,0.01480986076068369,False
2018-10-15,3173.847,3183.13,3120.231,3126.452,6960502300.0,-0.013963363595592915,-0.01406176847302909,False
2018-10-16,3128.576,3166.092,3089.367,3100.974,6888772100.0,-0.008149173567993384,-0.008182559585593552,False
2018-10-17,3140.684,3149.134,3062.554,3118.246,7683713800.0,0.005569862888240795,0.005554408561042834,False
2018-10-18,3097.79,3097.79,3043.382,3044.392,7377196800.0,-0.02368446876866037,-0.02396945462001554,False
2018-10-19,3017.749,3137.748,3009.498,3134.946,9883968800.0,0.029744526986012376,0.029310739424092347,False
2018-10-22,3159.561,3297.38,3159.561,3270.273,14586204500.0,0.04316725072776384,0.04226151860676097,False
2018-10-23,3273.127,3276.021,3163.57,3183.426,12101324100.0,-0.026556498494162528,-0.026915492314424583,False
2018-10-24,3169.457,3245.397,3164.293,3188.202,11090974400.0,0.0015002704633311215,0.0014991461819420238,False
2018-10-25,3107.84,3197.321,3099.889,3194.308,10695181700.0,0.001915186051573814,0.0019133544210045983,False
2018-10-26,3204.285,3218.102,3151.924,3173.635,10129935400.0,-0.006471824257397785,-0.0064928573092633,False
2018-10-29,3157.488,3158.811,3062.58,3076.889,9183978900.0,-0.030484286945411165,-0.030958597051100156,False
2018-10-30,3061.93,3146.628,3050.771,3110.261,11607010100.0,0.010846020119672728,0.01078762390832999,False
2018-10-31,3116.658,3168.919,3106.028,3153.823,11120745500.0,0.014005898540347506,0.013908722253006545,False
2018-11-01,3185.202,3217.803,3173.099,3177.034,13265337900.0,0.007359639396377071,0.007332689397756553,False
2018-11-02,3258.609,3290.246,3222.435,3290.246,15346610400.0,0.0356344943113609,0.03501427686830105,False
2018-11-05,3269.47,3279.878,3230.363,3262.835,10970668300.0,-0.00833098801730936,-0.00836588464875021,False
2018-11-06,3254.978,3254.978,3213.895,3243.15,8386913800.0,-0.006033096984677466,-0.006051369645183158,False
2018-11-07,3243.878,3270.5,3218.422,3221.91,9161552800.0,-0.006549188289163399,-0.006570728320776098,False
2018-11-08,3251.728,3253.574,3207.708,3212.774,7641454000.0,-0.0028355851032462187,-0.0028396129907655165,False
2018-11-09,3193.304,3193.304,3166.311,3167.444,8428276200.0,-0.01410930242836872,-0.014209784914129386,False
2018-11-12,3160.247,3206.513,3152.44,3205.141,8806239100.0,0.011901394310365188,0.011831129665825557,False
2018-11-13,3164.922,3254.768,3161.098,3237.382,12649346400.0,0.010059151843865743,0.010008895320282818,False
2018-11-14,3233.641,3239.245,3200.229,3204.943,11380865900.0,-0.01002013355235798,-0.010070672981873585,False
2018-11-15,3201.281,3242.384,3198.781,3242.372,9855881000.0,0.011678522831763294,0.01161085521299654,False
2018-11-16,3242.879,3282.39,3223.722,3257.674,12687683500.0,0.004719384450643016,0.004708283069932762,False
2018-11-19,3258.792,3294.603,3251.067,3294.603,11595659500.0,0.011336002313307114,0.011272231325255788,False
2018-11-20,3268.077,3278.785,3213.683,3218.408,10936115400.0,-0.023127217452300064,-0.02339884775374479,False
2018-11-21,3187.103,3230.258,3185.239,3226.492,8411972600.0,0.0025118008655211632,0.0025086515662327002,False
2018-11-22,3232.973,3235.452,3199.698,3214.427,6509829100.0,-0.003739355312209036,-0.0037463641791681823,False
2018-11-23,3208.593,3212.195,3139.386,3143.475,8463825500.0,-0.022072985325222838,-0.0223202388539665,False
2018-11-26,3148.672,3169.442,3131.636,3141.243,5937914000.0,-0.000710042230334218,-0.0007102944297088243,False
2018-11-27,3152.774,3162.012,3126.289,3137.241,5540783200.0,-0.0012740179604061597,-0.001274830211242417,False
2018-11-28,3137.748,3179.411,3126.618,3178.933,7488195500.0,0.013289383888582362,0.013201854646881728,False
2018-11-29,3198.826,3204.857,3137.654,3137.654,8049846600.0,-0.012985174585309012,-0.013070218977887293,False
2018-11-30,3136.196,3175.154,3132.423,3172.69,7092104400.0,0.011166304506488034,0.011104421571324963,False
2018-12-03,3260.686,3273.64,3228.361,3260.95,12148715700.0,0.027818664918413116,0.027438755479607835,False
2018-12-04,3256.228,3267.94,3243.695,3267.71,7941503900.0,0.002073015532283673,0.0020708698004980874,False
2018-12-05,3224.256,3266.904,3219.979,3252.004,7615305200.0,-0.004806424070679549,-0.004818012073000588,False
2018-12-06,3218.113,3223.522,3179.895,3181.673,7632877100.0,-0.02162697216854592,-0.02186426261850727,False
2018-12-07,3187.492,3193.819,3176.706,3181.565,5336192400.0,-3.394440597748183e-05,-3.394498210163022e-05,False
2018-12-10,3153.523,3170.152,3134.385,3144.763,6343727300.0,-0.011567263280806817,-0.011634684494280734,False
2018-12-11,3148.226,3161.956,3143.607,3159.816,5322387700.0,0.004786688217840229,0.004775268453194315,False
2018-12-12,3181.566,3182.211,3160.278,3170.609,5330991400.0,0.0034157052182786085,0.003409884946998787,False
2018-12-13,3178.891,3234.082,3169.423,3219.692,9044275500.0,0.015480622177001413,0.015362019805031935,False
2018-12-14,3207.348,3210.722,3165.911,3165.911,8430125000.0,-0.01670377166511583,-0.016844852925050446,False
2018-12-17,3158.284,3167.513,3134.365,3161.197,6649700700.0,-0.0014889868982419507,-0.0014900965408646272,False
2018-12-18,3139.949,3165.002,3114.468,3128.427,6382031900.0,-0.010366326426350492,-0.0104204310235545,False
2018-12-19,3133.742,3137.01,3086.758,3091.126,5552229900.0,-0.011923244493158958,-0.011994896491847484,False
2018-12-20,3083.544,3097.72,3044.293,3067.417,6974946300.0,-0.007670020568556701,-0.007699586453977503,False
2018-12-21,3055.326,3057.401,3007.61,3029.395,7675810100.0,-0.012395445418735052,-0.012472909754569272,False
2018-12-24,3015.497,3040.352,3007.329,3038.198,5729961500.0,0.0029058607411711623,0.0029016468891196467,False
2018-12-25,3006.879,3030.142,2964.875,3017.282,7868942500.0,-0.006884343943350579,-0.006908150363084786,False
2018-12-26,3012.869,3029.061,2996.483,3002.033,5564703200.0,-0.005053886245965811,-0.005066700321210149,False
2018-12-27,3042.949,3047.235,2990.506,2990.506,8054178500.0,-0.003839731275439018,-0.00384712196848902,False
2018-12-28,2994.795,3024.353,2984.818,3010.654,7105377900.0,0.00673732137638261,0.006714727053420688,False
2019-01-02,3017.067,3018.776,2958.488,2969.535,6866302100.0,-0.013657829827007695,-0.013751956006974098,False
2019-01-03,2963.019,3000.441,2953.255,2964.842,7086710300.0,-0.0015803821136978202,-0.0015816322347967926,False
2019-01-04,2940.192,3036.815,2935.83,3035.874,10331897200.0,0.023958106367893972,0.023675614030303826,False
2019-01-07,3055.154,3061.749,3035.912,3054.303,10116435900.0,0.006070410036780105,0.006052059324558101,False
2019-01-08,3049.875,3055.51,3038.534,3047.704,8617058500.0,-0.002160558399084689,-0.0021628957726775866,False
2019-01-09,3065.231,3117.961,3062.847,3078.476,10736435000.0,0.01009678105222811,0.010046149086441858,False
2019-01-10,3077.482,3092.541,3062.572,3072.686,8527175600.0,-0.0018808007598565268,-0.0018825716864601105,False
2019-01-11,3082.262,3102.833,3071.026,3094.778,7178642400.0,0.007189800715074579,0.007164077321702322,False
2019-01-14,3092.498,3097.406,3064.383,3067.785,6612170200.0,-0.00872211189300165,-0.008760372146873863,False
2019-01-15,3071.519,3129.371,3064.671,3127.99,8877296200.0,0.019624908525206264,0.01943482292444898,False
2019-01-16,3126.135,3135.012,3117.293,3128.652,8021434100.0,0.00021163750523500724,0.0002116151131783539,False
2019-01-17,3132.629,3141.71,3110.061,3111.417,8017487100.0,-0.005508762240095777,-0.005523991425864239,False
2019-01-18,3124.503,3171.686,3120.346,3168.174,10396383400.0,0.018241527895489495,0.018077147252000714,False
2019-01-21,3170.877,3199.213,3170.877,3185.636,9391502200.0,0.005511692223975073,0.00549655843146013,False
2019-01-22,3181.949,3181.949,3135.338,3143.317,7299052800.0,-0.013284317480088736,-0.013373343336423815,False
2019-01-23,3136.096,3157.627,3131.867,3141.053,5987047800.0,-0.0007202582494861831,-0.0007205177600759782,False
2019-01-24,3146.605,3165.63,3125.301,3158.782,7293463600.0,0.005644285530998827,0.005628416237302147,False
2019-01-25,3165.181,3203.175,3164.408,3184.47,8396772900.0,0.008132248442595857,0.008099359895140879,False
2019-01-28,3203.119,3228.868,3174.724,3183.778,8262243100.0,-0.00021730460641800065,-0.00021732822048470268,False
2019-01-29,3177.261,3200.99,3148.235,3193.97,7765833400.0,0.003201228226339836,0.003196115204323391,False
2019-01-30,3181.655,3202.896,3167.893,3168.483,6374651700.0,-0.007979724292964452,-0.0080117326853415,False
2019-01-31,3182.699,3216.067,3178.011,3201.633,8624783900.0,0.010462420028764408,0.01040806768831537,False
2019-02-01,3225.734,3247.496,3207.717,3247.397,8201964100.0,0.014293955615774845,0.014192760213935784,False
2019-02-11,3239.808,3307.064,3239.808,3306.473,9881843400.0,0.018191801002464425,0.018028310010606674,False
2019-02-12,3306.352,3335.361,3298.634,3330.335,12223246200.0,0.007216753319927438,0.007190837167971864,False
2019-02-13,3337.779,3405.577,3329.144,3397.028,16382833200.0,0.02002591330902148,0.01982803217839546,False
2019-02-14,3392.855,3415.399,3381.982,3402.14,15112729000.0,0.0015048448231806955,0.0015037136788649264,False
2019-02-15,3391.242,3395.029,3335.871,3338.705,14366860300.0,-0.018645617170369277,-0.018821638137200836,False
2019-02-18,3366.423,3445.745,3366.423,3445.745,18288608900.0,0.032060334770517285,0.03155712927534182,False
2019-02-19,3454.722,3480.794,3419.073,3439.608,17908378500.0,-0.0017810371922472035,-0.001782625124711501,False
2019-02-20,3449.932,3463.774,3421.505,3451.927,14739031100.0,0.0035815127770373323,0.0035751144327687,False
2019-02-21,3450.141,3500.252,3431.631,3442.706,18014328700.0,-0.0026712615880927215,-0.0026748357738046735,False
2019-02-22,3439.378,3520.118,3417.978,3520.118,18723797400.0,0.02248580041397652,0.02223672171269797,False
2019-02-25,3575.853,3729.483,3574.689,3729.483,34255712200.0,0.05947669936064659,0.05777510637551053,True
2019-02-26,3734.706,3762.113,3679.271,3684.694,35803869800.0,-0.01200943937805865,-0.01208213530628477,False
2019-02-27,3682.812,3737.632,3638.333,3678.392,28623600700.0,-0.0017103184145006445,-0.0017117826788499713,False
2019-02-28,3675.264,3695.465,3650.054,3669.37,18481022000.0,-0.0024527021589868525,-0.0024557149602717487,False
2019-03-01,3699.216,3749.714,3668.765,3749.714,20471100400.0,0.021895856781954492,0.021659585201694753,False
2019-03-04,3783.037,3886.58,3764.776,3794.104,32349012600.0,0.0118382361961471,0.011768712432614237,False
2019-03-05,3785.376,3816.162,3770.786,3816.013,23085316600.0,0.005774485886522962,0.00575787744901568,False
2019-03-06,3822.859,3855.156,3787.523,3848.09,31807737100.0,0.008405893795435215,0.008370761014502293,False
2019-03-07,3841.146,3845.182,3778.8,3808.85,32984654800.0,-0.01019726669594534,-0.010249614997103862,False
2019-03-08,3721.402,3774.543,3656.192,3657.579,31799007700.0,-0.03971566220775291,-0.04052585317417545,False
2019-03-11,3663.977,3731.909,3650.813,3729.955,23091286500.0,0.01978795263205524,0.019594716107729226,False
2019-03-12,3758.315,3804.72,3723.679,3755.352,27492638200.0,0.0068089293302466825,0.006785853260598884,False
2019-03-13,3758.713,3763.093,3708.815,3724.194,23368224800.0,-0.008296958580713554,-0.008331569920416726,False
2019-03-14,3710.293,3747.819,3673.851,3698.486,19081723700.0,-0.00690297014602359,-0.0069269058597196675,False
2019-03-15,3713.936,3782.236,3713.936,3745.005,17517454400.0,0.012577849422709786,0.012499405361527494,False
2019-03-18,3753.644,3851.748,3733.678,3851.748,21692806000.0,0.028502765683890985,0.02810411915333688,False
2019-03-19,3856.589,3868.335,3815.219,3833.963,18172711000.0,-0.0046173841071637245,-0.00462807715379121,False
2019-03-20,3825.336,3855.147,3790.512,3835.44,17563209000.0,0.00038524106779336265,0.0003851668815055831,False
2019-03-21,3840.278,3864.07,3823.466,3836.891,19631031000.0,0.00037831383100761506,0.00037824228837202156,False
2019-03-22,3838.126,3845.581,3786.592,3833.801,17135699300.0,-0.0008053395314071565,-0.0008056639914997277,False
2019-03-25,3776.443,3807.179,3741.606,3742.825,19858632900.0,-0.023729974508327367,-0.024016065371096573,False
2019-03-26,3766.529,3770.843,3687.547,3700.439,17304657900.0,-0.011324601070047402,-0.01138921262796977,False
2019-03-27,3724.406,3750.264,3703.451,3743.388,13875845400.0,0.011606460746954594,0.011539622454957765,False
2019-03-28,3731.061,3755.716,3710.081,3728.395,13327212900.0,-0.004005195293675157,-0.004013237569450823,False
2019-03-29,3739.774,3876.379,3739.774,3872.341,21563910300.0,0.03860803375178867,0.03788138757223436,False
2019-04-01,3901.17,3982.909,3901.17,3973.928,27138270400.0,0.026234001602648105,0.02589579248164675,False
2019-04-02,3986.344,3988.098,3956.506,3971.285,22600034100.0,-0.0006650850241877171,-0.0006653062913457575,False
2019-04-03,3947.87,4026.497,3939.784,4022.157,23191736800.0,0.012809959496737244,0.0127286059857461,False
2019-04-04,4039.742,4072.114,4021.706,4062.231,26041093900.0,0.00996331073103307,0.009914004184484071,False
2019-04-08,4097.103,4122.603,4017.489,4057.229,26750557600.0,-0.0012313430723167595,-0.0012321017980969629,False
2019-04-09,4063.814,4084.243,4038.283,4075.43,18295680800.0,0.004486066721893112,0.004476034317411504,False
2019-04-10,4062.443,4115.378,4035.474,4085.847,19468761300.0,0.002556049300319385,0.0025527881622107174,False
2019-04-11,4083.462,4097.125,3990.239,3997.578,16904964100.0,-0.021603598960019843,-0.02184037302969699,False
2019-04-12,3986.782,4006.934,3961.464,3988.617,13586211800.0,-0.002241607293215986,-0.0022441234557124545,False
2019-04-15,4056.492,4085.388,3974.226,3975.524,18264557100.0,-0.0032825914345749885,-0.0032879909573608757,False
2019-04-16,3958.096,4085.789,3943.488,4085.789,20204196600.0,0.027735966378268806,0.027358291998920592,False
2019-04-17,4080.717,4106.616,4057.503,4087.24,18036711700.0,0.000355133365917748,0.000355070320988915,False
2019-04-18,4085.115,4094.053,4056.236,4072.075,14656212300.0,-0.0037103277517346323,-0.0037172280913821965,False
2019-04-19,4076.295,4120.636,4046.204,4120.608,15079491000.0,0.011918493642676165,0.011848027742985323,False
2019-04-22,4125.972,4126.091,4015.475,4025.611,18935374500.0,-0.023054122110135244,-0.02332402469705208,False
2019-04-23,4021.628,4061.086,4005.283,4019.005,15561165000.0,-0.0016409931312290071,-0.0016423410352608414,False
2019-04-24,4033.629,4044.338,3967.806,4030.089,14549869500.0,0.002757896544045124,0.0027541005251219275,False
2019-04-25,4013.603,4022.563,3938.325,3941.816,15972207100.0,-0.021903486498685343,-0.02214692925464945,False
2019-04-26,3921.891,3943.833,3887.253,3889.275,14200806800.0,-0.013329135606532594,-0.013418765888353335,False
2019-04-29,3896.582,3953.229,3875.452,3900.334,15387092700.0,0.002843460542131915,0.0028394255552797176,False
2019-04-30,3887.18,3923.108,3885.147,3913.211,11623337600.0,0.003301512126910211,0.0032960741015983785,False
2019-05-06,3775.077,3791.612,3647.141,3684.617,19747288200.0,-0.05841596581426345,-0.06019167922725899,True
2019-05-07,3702.266,3738.177,3671.834,3720.668,13284765400.0,0.009784191952650678,0.009736636688186806,False
2019-05-08,3648.549,3722.933,3642.498,3667.457,11286735500.0,-0.014301464145685783,-0.014404715698562498,False
2019-05-09,3637.346,3656.897,3584.823,3599.7,10103739400.0,-0.01847519957289212,-0.018647997701906505,False
2019-05-10,3643.056,3732.924,3589.291,3730.451,14800384700.0,0.036322749117982056,0.0356786292183493,False
2019-05-13,3675.76,3702.901,3658.0,3668.726,10339186000.0,-0.016546256739466636,-0.01668467503944271,False
2019-05-14,3630.439,3683.262,3630.439,3645.15,10231346000.0,-0.006426208989169568,-0.006446945957957695,False
2019-05-15,3674.993,3741.041,3674.993,3727.092,11016176900.0,0.02247973334430675,0.02223078804822265,False
2019-05-16,3720.039,3745.141,3707.903,3743.964,11625827400.0,0.004526853643537665,0.004516638259014272,False
2019-05-17,3744.875,3745.356,3637.583,3648.761,12845324500.0,-0.025428396213211468,-0.02575728527178711,False
2019-05-20,3635.736,3644.5,3583.832,3617.792,10896347700.0,-0.008487538646680393,-0.008523762918390076,False
2019-05-21,3619.437,3690.088,3610.682,3666.776,11102292000.0,0.013539750212284263,0.013448906873200883,False
2019-05-22,3663.153,3679.273,3634.748,3649.38,9834612800.0,-0.004744222172284207,-0.00475551171517985,False
2019-05-23,3629.528,3631.474,3578.113,3583.965,9989778100.0,-0.017924962596386207,-0.018087560712345407,False
2019-05-24,3584.902,3623.39,3580.785,3593.914,8093404800.0,0.0027759757698526677,0.002772129864897721,False
2019-05-27,3592.603,3648.027,3556.257,3637.197,10883087100.0,0.012043415618737674,0.011971470754088998,False
2019-05-28,3633.018,3683.231,3627.788,3672.261,11788624000.0,0.009640390663469667,0.009594218604677351,False
2019-05-29,3642.542,3693.227,3637.348,3663.909,9335544100.0,-0.0022743481468228133,-0.002276938404746076,False
2019-05-30,3648.85,3650.972,3612.625,3641.183,9420256100.0,-0.006202664967934535,-0.006221981411329125,False
2019-05-31,3640.996,3668.18,3627.545,3629.789,8922226700.0,-0.003129202789313168,-0.0031341089820156043,False
2019-06-03,3640.613,3672.814,3613.127,3632.013,10072318000.0,0.0006127077910036416,0.0006125201622211307,False
2019-06-04,3632.56,3636.128,3584.461,3598.467,8709709400.0,-0.009236200421088747,-0.009279118591825508,False
2019-06-05,3627.795,3634.454,3593.952,3597.105,8864202000.0,-0.00037849450891169756,-0.00037856615603715227,False
2019-06-06,3601.036,3601.036,3557.017,3564.678,8553440300.0,-0.009014749360944485,-0.009055628073648236,False
2019-06-10,3578.008,3623.73,3568.279,3610.744,9237506100.0,0.012922906360686826,0.012840118086842267,False
2019-06-11,3617.524,3723.142,3617.524,3719.276,14348280600.0,0.03005807113437009,0.029615180394372942,False
2019-06-12,3706.864,3711.879,3683.939,3691.096,11917885300.0,-0.007576743430710686,-0.007605592766275038,False
2019-06-13,3689.583,3697.592,3654.274,3685.393,9633171800.0,-0.0015450695403208536,-0.0015462643911732243,False
2019-06-14,3690.476,3709.652,3650.91,3654.88,10181700400.0,-0.008279442653741365,-0.008313907604629023,False
2019-06-17,3654.443,3683.774,3645.498,3654.825,7297667800.0,-1.50483736812701e-05,-1.5048486908142422e-05,False
2019-06-18,3661.13,3675.645,3638.78,3667.619,7069226600.0,0.003500578003050814,0.0034944652411859067,False
2019-06-19,3761.338,3771.347,3715.133,3715.938,12559571500.0,0.013174487317248573,0.013088458525599478,False
2019-06-20,3718.942,3845.791,3717.186,3828.518,16887207300.0,0.03029652270839822,0.029846646934943877,False
2019-06-21,3832.732,3856.086,3817.307,3833.938,15363515500.0,0.0014156913980813979,0.0014146902517779836,False
2019-06-24,3836.305,3853.545,3819.769,3841.266,10008462100.0,0.0019113506791188506,0.0019095263726320866,False
2019-06-25,3837.426,3838.058,3755.01,3801.31,12407591200.0,-0.010401778996820377,-0.010456255598299435,False
2019-06-26,3779.513,3809.758,3771.716,3794.331,8182028300.0,-0.0018359460291320628,-0.0018376334436940311,False
2019-06-27,3807.538,3854.08,3805.833,3834.817,10531635800.0,0.010670128673539558,0.010613604574690072,False
2019-06-28,3832.06,3835.233,3803.055,3825.587,8476613900.0,-0.0024068945141320075,-0.0024097957409665582,False
2019-07-01,3899.331,3936.668,3886.909,3935.812,15837034000.0,0.028812571770031603,0.028405294265235526,False
2019-07-02,3931.049,3942.426,3918.938,3937.169,13186349600.0,0.0003447827284432936,0.00034472330453638733,False
2019-07-03,3927.437,3927.437,3878.841,3893.534,11199260300.0,-0.01108283642383645,-0.011144708626488864,False
2019-07-04,3895.198,3906.889,3854.693,3873.102,9934225600.0,-0.0052476747345727714,-0.005261492140332891,False
2019-07-05,3875.374,3900.31,3857.928,3893.203,7400652700.0,0.00518989688368654,0.0051764757849070975,False
2019-07-08,3875.755,3875.755,3775.026,3802.79,10953908600.0,-0.02322329454693217,-0.023497204286275775,False
2019-07-09,3798.095,3811.099,3774.764,3793.13,7484273200.0,-0.002540240192069443,-0.0025434720765211694,False
2019-07-10,3807.95,3810.396,3774.23,3786.739,7283394800.0,-0.0016848882057826087,-0.0016863092263150747,False
2019-07-11,3806.186,3830.739,3774.414,3785.221,7531196500.0,-0.00040087262417609626,-0.0004009529950863566,False
2019-07-12,3783.073,3820.235,3774.522,3808.731,7546596700.0,0.006210997984001487,0.0061917892320053625,False
2019-07-15,3792.641,3844.868,3745.855,3824.188,10120522200.0,0.00405830708443311,0.004050094368555079,False
2019-07-16,3819.247,3828.326,3799.867,3806.845,8073095200.0,-0.0045350803883073,-0.0045453950624363415,False
2019-07-17,3800.106,3820.271,3787.897,3804.638,9518388500.0,-0.0005797451695563893,-0.0005799132867672085,False
2019-07-18,3793.189,3793.392,3767.996,3768.402,8749644500.0,-0.009524164979690553,-0.009569809889942604,False
2019-07-19,3787.508,3828.151,3787.508,3807.955,8808614900.0,0.010495960887400013,0.010441260710948086,False
2019-07-22,3813.502,3816.539,3765.443,3781.683,9210137700.0,-0.006899241193764061,-0.006923150994738947,False
2019-07-23,3783.541,3792.965,3768.761,3789.914,7131334600.0,0.002176544147143078,0.0021741789063423056,False
2019-07-24,3803.587,3840.058,3803.574,3819.833,9094068400.0,0.007894374384220804,0.007863376841362069,False
2019-07-25,3821.39,3851.067,3812.953,3851.067,9374041700.0,0.008176797257890556,0.008143548374478726,False
2019-07-26,3835.228,3863.588,3832.522,3858.569,8325930000.0,0.0019480315455431274,0.0019461365926449758,False
2019-07-29,3857.939,3862.747,3842.426,3854.27,8481437000.0,-0.0011141436112713787,-0.0011147647306515296,False
2019-07-30,3861.57,3890.73,3861.57,3870.318,9412395500.0,0.004163693773399535,0.00415504958666979,False
2019-07-31,3856.745,3856.745,3830.091,3835.359,8215115500.0,-0.009032591120419653,-0.009073632297299739,False
2019-08-01,3819.324,3831.264,3791.546,3803.469,8411418000.0,-0.008314736638734388,-0.008349496877007923,False
2019-08-02,3729.131,3754.533,3720.058,3747.438,10833589700.0,-0.01473155164403861,-0.014841138539356535,False
2019-08-05,3724.41,3739.503,3675.688,3675.688,10132598100.0,-0.019146414163489833,-0.019332080467464152,False
2019-08-06,3609.112,3649.895,3575.863,3636.329,12983387100.0,-0.010707927332243683,-0.010765669757180518,False
2019-08-07,3654.632,3659.078,3621.431,3621.431,8423871600.0,-0.0040969890238204965,-0.004105404677108737,False
2019-08-08,3651.357,3675.46,3646.939,3669.294,8845770700.0,0.013216598631866638,0.013130021395586056,False
2019-08-09,3686.749,3689.177,3628.116,3633.53,8529558000.0,-0.009746834132124516,-0.009794645446215,False
2019-08-12,3647.866,3699.105,3643.316,3699.105,8208305600.0,0.018047188271460568,0.017886270955258965,False
2019-08-13,3675.587,3686.43,3658.013,3665.752,7650030200.0,-0.009016505343860226,-0.00905740003187816,False
2019-08-14,3712.066,3717.558,3680.609,3682.402,9120259000.0,0.004542042123962586,0.0045317581789507955,False
2019-08-15,3618.009,3694.299,3612.111,3694.001,8859883200.0,0.003149846214508978,0.0031448958414728168,False
2019-08-16,3697.941,3738.096,3687.075,3710.539,8831916900.0,0.004476988501086021,0.004466996599386874,False
2019-08-19,3736.034,3791.095,3720.689,3791.095,13932701300.0,0.02171005344506538,0.021477746485656368,False
2019-08-20,3786.026,3799.898,3778.731,3787.732,10860208800.0,-0.0008870787991331897,-0.0008874724863705552,False
2019-08-21,3778.309,3792.596,3775.447,3781.758,8229988000.0,-0.0015771971195428502,-0.0015784422042539603,False
2019-08-22,3793.855,3797.329,3771.205,3793.506,8580779200.0,0.003106491742729256,0.003101676566879874,False
2019-08-23,3796.882,3829.361,3788.035,3820.864,8795458300.0,0.007211798267882097,0.007185917606996384,False
2019-08-26,3756.362,3778.867,3753.165,3765.911,9385926900.0,-0.0143823491231303,-0.014486777600183132,False
2019-08-27,3791.459,3848.236,3790.873,3816.946,12473147800.0,0.013551833805950153,0.013460828972588601,False
2019-08-28,3818.813,3822.588,3790.138,3802.584,8875081200.0,-0.003762694049116777,-0.003769790789872829,False
2019-08-29,3805.494,3808.595,3774.397,3790.187,8408338700.0,-0.0032601515180203933,-0.0032654773905651524,False
2019-08-30,3816.678,3828.97,3778.919,3799.586,9669515000.0,0.002479824874076053,0.0024767551821920364,False
2019-09-02,3803.689,3855.777,3799.817,3848.32,11028934900.0,0.012826134215675244,0.012744576000288887,False
2019-09-03,3852.579,3856.681,3833.757,3853.611,9771463100.0,0.00137488566439381,0.0013739413745259554,False
2019-09-04,3848.648,3886.001,3846.422,3886.001,12662861500.0,0.008405103680677817,0.008369977485696012,False
2019-09-05,3909.209,3970.004,3909.209,3925.323,18165623100.0,0.010118885713101822,0.010068032552885242,False
2019-09-06,3946.685,3948.54,3922.336,3948.508,12188237600.0,0.0059065203041890335,0.0058891451971820885,False
2019-09-09,3980.958,3985.239,3954.876,3972.948,14680975400.0,0.006189679747388155,0.006170602361168065,False
2019-09-10,3976.87,3976.923,3938.744,3959.265,13088938600.0,-0.0034440420564275653,-0.003449986421623308,False
2019-09-11,3969.676,3971.224,3922.953,3930.1,13159487500.0,-0.007366266213552297,-0.007393531128782271,False
2019-09-12,3944.692,3975.931,3933.437,3972.38,11024127300.0,0.010757995979746138,0.010700540444624096,False
2019-09-16,3981.362,3982.204,3943.373,3957.715,11025980500.0,-0.003691741474884047,-0.003698572770543862,False
2019-09-17,3947.158,3947.158,3879.485,3891.221,11369431700.0,-0.016801108720562286,-0.01694384839628782,False
2019-09-18,3902.995,3923.146,3902.511,3910.084,8205615200.0,0.004847578690596155,0.004835867014611139,False
2019-09-19,3923.963,3924.382,3897.067,3924.382,8598423800.0,0.00365669893536813,0.0036500294657013654,False
2019-09-20,3933.459,3942.224,3921.412,3935.651,10345595500.0,0.00287153493212422,0.0028674199513485377,False
2019-09-23,3925.186,3925.186,3868.214,3890.662,9403622500.0,-0.011431145698640455,-0.01149698345954242,False
2019-09-24,3895.866,3927.012,3886.14,3901.076,8778323000.0,0.0026766653078575953,0.0026730894188240484,False
2019-09-25,3887.555,3889.839,3867.228,3870.984,8952083500.0,-0.007713769226746714,-0.007743674230720643,False
2019-09-26,3884.702,3890.745,3840.247,3841.139,10269830100.0,-0.007709925951644325,-0.007739801086518838,False
2019-09-27,3843.458,3859.5,3832.247,3852.653,7400394700.0,0.0029975483834352445,0.002993064693097125,False
2019-09-30,3842.074,3857.232,3813.549,3814.528,6593131300.0,-0.00989577831172439,-0.009945066961863702,False
2019-10-08,3818.589,3861.643,3818.589,3837.679,7665786000.0,0.0060691650447972645,0.006050821843819776,False
2019-10-09,3822.607,3845.34,3805.067,3843.239,7585451200.0,0.0014487923560047022,0.0014477438689315392,False
2019-10-10,3838.487,3877.142,3829.433,3874.639,7922269400.0,0.00817019186160417,0.008136996529660934,False
2019-10-11,3885.52,3922.369,3868.842,3911.725,9341257700.0,0.00957147233587441,0.009525956002931935,False
2019-10-14,3944.859,3983.812,3934.733,3953.241,12239361100.0,0.010613220510133026,0.010557295632704466,False
2019-10-15,3953.165,3953.165,3928.151,3936.25,8527394900.0,-0.0042979924573280925,-0.004307255377744568,False
2019-10-16,3939.276,3964.046,3919.017,3922.685,8322970700.0,-0.0034461733883772716,-0.0034521251216261817,False
2019-10-17,3929.386,3935.812,3913.917,3925.222,6486374500.0,0.0006467508861915938,0.0006465418329693051,False
2019-10-18,3935.42,3940.541,3864.965,3869.378,8232114000.0,-0.014226966016189668,-0.014329139534369872,False
2019-10-21,3865.344,3884.745,3856.037,3880.84,7418291800.0,0.002962233206474041,0.002957854438845331,False
2019-10-22,3896.315,3897.435,3870.549,3895.881,6891856600.0,0.003875707321095323,0.0038682161170466856,False
2019-10-23,3892.677,3901.424,3862.197,3871.085,7019862500.0,-0.006364670789482441,-0.006385011661180329,False
2019-10-24,3877.924,3890.196,3852.583,3870.668,7133457500.0,-0.00010772173692907838,-0.00010772753933174783,False
2019-10-25,3871.769,3899.722,3849.034,3896.792,7745362000.0,0.006749222614804484,0.006726548576100555,False
2019-10-28,3904.982,3927.796,3897.818,3926.585,9740602000.0,0.007645519699280845,0.0076164408348500245,False
2019-10-29,3929.708,3932.375,3910.226,3910.226,8225707500.0,-0.004166215681056129,-0.00417491853800378,False
2019-10-30,3904.717,3908.1,3883.447,3891.226,7787292300.0,-0.004859054182545952,-0.0048708977676437115,False
2019-10-31,3906.859,3907.151,3878.876,3886.752,8671453900.0,-0.001149766166241739,-0.0011504276544460623,False
2019-11-01,3883.808,3956.08,3876.416,3952.387,10068961200.0,0.016886850511687035,0.016745852776178793,False
2019-11-04,3964.005,3985.357,3964.005,3978.122,10419385500.0,0.006511255097236157,0.006490148446747668,False
2019-11-05,3982.116,4030.638,3970.866,4002.813,11291188000.0,0.0062066975321521944,0.006187515316247172,False
2019-11-06,4006.327,4007.501,3973.776,3984.882,9731295200.0,-0.004479599721495919,-0.0044896631931248265,False
2019-11-07,3984.553,4005.383,3975.548,3991.875,8725489800.0,0.0017548825787061517,0.001753344571360671,False
2019-11-08,4017.674,4022.036,3971.573,3973.011,9710694800.0,-0.004725598872710179,-0.0047367998164400404,False
2019-11-11,3948.619,3948.619,3897.55,3902.978,9415562100.0,-0.01762718502415417,-0.01778439402441201,False
2019-11-12,3905.958,3914.882,3877.74,3903.689,7654306900.0,0.0001821685902405612,0.00018215199955839978,False
2019-11-13,3905.283,3908.42,3882.431,3899.982,7674907800.0,-0.00094961458251408,-0.0009500657520895572,False
2019-11-14,3905.928,3916.946,3895.142,3905.857,8700844600.0,0.0015064172091050487,0.0015052837009168485,False
2019-11-15,3908.489,3915.105,3877.089,3877.089,8373091700.0,-0.00736534901303354,-0.007392607122209682,False
2019-11-18,3874.441,3913.103,3868.317,3907.929,7664599300.0,0.007954421474462015,0.00792295183565983,False
2019-11-19,3904.1,3947.039,3902.378,3947.039,8216102500.0,0.01000785838227869,0.009958111399411607,False
2019-11-20,3940.134,3943.227,3901.987,3907.864,7681533300.0,-0.009925161621154532,-0.009974744388541623,False
2019-11-21,3894.539,3901.826,3875.968,3889.598,6913053800.0,-0.004674164709928541,-0.0046851227776727455,False
2019-11-22,3894.174,3918.839,3833.503,3849.995,9104263900.0,-0.010181771998031719,-0.010233960790348107,False
2019-11-25,3850.966,3878.251,3839.42,3878.206,10606628900.0,0.007327541983820796,0.007300825977116787,False
2019-11-26,3893.435,3899.11,3869.595,3891.653,11151353700.0,0.0034673248404029078,0.003461327528716751,False
2019-11-27,3883.429,3889.978,3862.701,3875.619,7643730500.0,-0.004120100121978942,-0.004128611119973868,False
2019-11-28,3877.901,3887.69,3852.011,3862.303,6523011900.0,-0.003435838249322254,-0.003441754296501287,False
2019-11-29,3857.188,3861.658,3804.829,3828.671,7414433100.0,-0.008707758039698144,-0.008745892100913366,False
2019-12-02,3835.513,3854.751,3829.313,3836.059,7741217300.0,0.0019296513072031285,0.0019277919217124406,False
2019-12-03,3829.212,3851.121,3811.628,3851.087,7361124000.0,0.0039175622689848755,0.003909908604544654,False
2019-12-04,3841.663,3852.992,3831.075,3849.819,7968338500.0,-0.0003292576875049136,-0.000329311904717855,False
2019-12-05,3863.609,3883.403,3859.822,3879.364,8905119300.0,0.007674386769871644,0.0076450884659280405,False
2019-12-06,3885.058,3902.385,3878.7,3902.385,7864888700.0,0.005934220145364044,0.005916682010230545,False
2019-12-09,3909.53,3911.968,3885.251,3895.447,9535380600.0,-0.0017778871126247209,-0.0017794694296497937,False
2019-12-10,3886.444,3900.959,3882.088,3900.384,8626292800.0,0.0012673770173230459,0.0012665745730000566,False
2019-12-11,3907.159,3909.385,3890.341,3902.749,9976548000.0,0.0006063505542017733,0.0006061667979810892,False
2019-12-12,3908.454,3908.454,3886.119,3891.024,8470833000.0,-0.0030042926152822336,-0.0030088145614453055,False
2019-12-13,3928.004,3969.457,3925.276,3968.221,14857134900.0,0.019839764545271477,0.0196455213726221,False
2019-12-16,3970.709,3987.587,3953.513,3987.546,14848667000.0,0.004869940459465205,0.004858120658377985,False
2019-12-17,3987.743,4067.136,3984.519,4041.8,20116293700.0,0.013605861850872758,0.013514133207431556,False
2019-12-18,4039.724,4057.64,4025.343,4032.783,15135176400.0,-0.002230936711366316,-0.0022334289580570044,False
2019-12-19,4034.616,4038.544,4014.895,4027.15,11790055800.0,-0.001396802158707744,-0.0013977785962087097,False
2019-12-20,4032.152,4046.726,4014.93,4017.253,12126766200.0,-0.0024575692487243117,-0.002460594028784513,False
2019-12-23,4014.693,4032.172,3964.38,3967.096,12281624600.0,-0.012485397359837669,-0.012563994832484937,False
2019-12-24,3971.56,3994.509,3963.665,3992.958,9598904500.0,0.006519126333217162,0.006497968732077197,False
2019-12-25,3988.657,4000.556,3976.356,3990.867,9493889000.0,-0.0005236719244229304,-0.0005238090884525093,False
2019-12-26,3993.669,4025.988,3993.541,4025.988,10886064000.0,0.008800343384031573,0.008761846057126377,False
2019-12-27,4029.245,4066.796,4019.722,4022.028,15092641100.0,-0.0009836094891489955,-0.0009840935504072945,False
2019-12-30,4015.52,4083.69,4001.495,4081.633,15597148800.0,0.014819638252145495,0.01471090040058698,False
2019-12-31,4077.752,4098.144,4069.009,4096.582,12326425800.0,0.0036625046886873402,0.003655814049745132,False
2020-01-02,4121.349,4172.656,4121.349,4152.241,18211677200.0,0.013586692515858312,0.013495221007921998,False
2020-01-03,4161.219,4164.299,4131.864,4144.965,14282624400.0,-0.0017523067663942626,-0.0017538438517892274,False
2020-01-06,4120.521,4170.638,4102.38,4129.295,17530995300.0,-0.0037804903057082617,-0.0037876544207957608,False
2020-01-07,4137.402,4161.25,4135.097,4160.227,13948903100.0,0.007490867085059305,0.007462949869633917,False
2020-01-08,4139.632,4149.813,4101.98,4112.317,16758585000.0,-0.011516198515129084,-0.011583023470961962,False
2020-01-09,4145.535,4165.657,4143.592,4164.37,13688632400.0,0.012657827691785473,0.01257838705241987,False
2020-01-10,4177.578,4180.977,4148.482,4163.185,11303171900.0,-0.00028455684773431855,-0.00028459734171626394,False
2020-01-13,4166.925,4203.988,4148.601,4203.988,11969198200.0,0.009800909640095279,0.009753192254409626,False
2020-01-14,4215.158,4223.508,4188.081,4189.886,12932078300.0,-0.0033544339327323813,-0.0033600726595928165,False
2020-01-15,4186.881,4193.869,4150.88,4166.734,10463313600.0,-0.005525687333736484,-0.005541010417106307,False
2020-01-16,4174.817,4175.294,4142.18,4149.043,10026764200.0,-0.004245771388334485,-0.004254810269429754,False
2020-01-17,4162.194,4177.028,4141.645,4154.853,9872568200.0,0.001400322917839203,0.0013993433800418842,False
2020-01-20,4170.737,4185.963,4149.488,4185.83,12240914700.0,0.007455618766777139,0.007427963016597872,False
2020-01-21,4165.02,4165.02,4113.325,4114.309,13052750700.0,-0.01708645597169489,-0.017234113843992205,False
2020-01-22,4093.801,4141.177,4046.487,4131.931,12675876300.0,0.004283100758839309,0.004273954390029644,False
2020-01-23,4093.323,4103.524,3972.393,4003.901,16035760300.0,-0.030985512584793873,-0.03147571631024704,False
2020-02-03,3639.909,3732.157,3639.909,3688.358,15755964700.0,-0.07880889162843929,-0.08208776330585543,True
2020-02-04,3652.004,3786.863,3652.004,3785.638,21393332800.0,0.026374880095695552,0.02603306022371399,False
2020-02-05,3801.099,3866.011,3781.613,3828.527,17492552400.0,0.011329398109380717,0.011265701126120575,False
2020-02-06,3841.754,3914.915,3806.96,3899.775,17646223500.0,0.018609768195444465,0.018438725247088783,False
2020-02-07,3879.553,3899.884,3849.713,3899.869,15173175900.0,2.4103954715304354e-05,2.410366422012089e-05,False
2020-02-10,3872.374,3920.167,3861.007,3916.005,14840696900.0,0.004137574877515204,0.004129038652660455,False
2020-02-11,3926.42,3970.522,3915.708,3952.464,14344167400.0,0.00931025368966587,0.009267180420094334,False
2020-02-12,3945.666,3984.433,3940.667,3984.433,12671032100.0,0.008088372215407924,0.008055836654930815,False
2020-02-13,3985.876,3999.55,3950.142,3959.919,14500184300.0,-0.006152443773053795,-0.006171448043811978,False
2020-02-14,3954.234,4001.563,3954.023,3987.734,14323980300.0,0.0070241335744494204,0.0069995792630042075,False
2020-02-17,3999.651,4077.446,3999.651,4077.424,18277896900.0,0.02249147009304031,0.022242266692726886,False
2020-02-18,4069.832,4076.388,4027.786,4057.511,16323622000.0,-0.004883720702090311,-0.00489568503557436,False
2020-02-19,4049.586,4085.17,4042.845,4051.311,16904644100.0,-0.0015280303614703117,-0.0015291989904824277,False
2020-02-20,4062.897,4148.529,4055.811,4144.656,21223262400.0,0.023040689791526736,0.022779261145766228,False
2020-02-21,4134.875,4184.438,4130.168,4149.49,21721360400.0,0.0011663211615149383,0.0011656415373781925,False
2020-02-24,4131.836,4149.01,4097.175,4132.839,21286930300.0,-0.00401278229372759,-0.004020855108132437,False
2020-02-25,4066.302,4126.708,4020.908,4123.854,24416783100.0,-0.002174050331987254,-0.00217641701021698,False
2020-02-26,4070.099,4132.782,4061.125,4073.015,26109406100.0,-0.012328031011767271,-0.012404651557613278,False
2020-02-27,4084.078,4110.528,4067.441,4084.876,18129098100.0,0.0029120933755462097,0.0029078614454913776,False
2020-02-28,3988.727,4031.145,3928.066,3940.049,23027509300.0,-0.03545444219114613,-0.03609821311335182,False
2020-03-02,3968.844,4092.539,3968.844,4069.666,21931355900.0,0.03289730660710055,0.03236777242428346,False
2020-03-03,4125.136,4147.653,4067.909,4091.362,21936977700.0,0.00533115002557949,0.0053169897500211505,False
2020-03-04,4078.5,4115.262,4060.729,4115.052,18242473000.0,0.005790247844116303,0.005773548789171912,False
2020-03-05,4150.21,4215.851,4127.039,4206.725,23182311500.0,0.0222774827632799,0.022032964482576745,False
2020-03-06,4158.202,4181.31,4135.39,4138.507,17247571700.0,-0.016216415382512728,-0.016349340450808825,False
2020-03-09,4063.076,4063.076,3995.131,3997.133,20810203500.0,-0.034160628458523745,-0.034757740644172586,False
2020-03-10,3975.229,4093.002,3954.751,4082.732,19741640200.0,0.021415099272403593,0.02118901804010065,False
2020-03-11,4090.935,4091.27,4028.396,4028.429,16165611100.0,-0.013300652602228125,-0.013389898518068932,False
2020-03-12,3976.114,3987.434,3926.27,3950.911,15706045800.0,-0.019242737057051262,-0.019430288421094843,False
2020-03-13,3771.014,3937.181,3765.148,3895.313,18829672200.0,-0.01407219752608957,-0.014172149703503223,False
2020-03-16,3899.86,3899.86,3720.513,3727.84,18596826000.0,-0.042993464196587006,-0.04394505808185123,False
2020-03-17,3739.783,3786.891,3618.307,3709.682,16624612900.0,-0.0048709172067471496,-0.004882818787436349,False
2020-03-18,3729.685,3775.851,3636.257,3636.257,15503754700.0,-0.01979280164714925,-0.019991302774370112,False
2020-03-19,3623.789,3647.987,3503.187,3589.093,18080740700.0,-0.012970480359336567,-0.013055331545384519,False
2020-03-20,3629.513,3663.952,3588.777,3653.224,13960300000.0,0.017868302660310142,0.01771054105644332,False
2020-03-23,3542.684,3585.801,3523.788,3530.306,13710879000.0,-0.03364644489360635,-0.03422551265600049,False
2020-03-24,3598.655,3627.759,3545.452,3625.115,14310302100.0,0.02685574564924398,0.026501459200730437,False
2020-03-25,3711.475,3732.654,3685.994,3722.518,15349595800.0,0.026868940709467326,0.026514309083006893,False
2020-03-26,3692.608,3736.254,3681.267,3698.047,11231066500.0,-0.006573776137549947,-0.006595478567467339,False
2020-03-27,3746.391,3758.783,3709.921,3710.061,12406099500.0,0.0032487418358935205,0.003243476075784457,False
2020-03-30,3657.462,3690.639,3637.585,3674.111,12687667300.0,-0.009689867632904248,-0.009737119893474144,False
2020-03-31,3708.14,3716.071,3676.202,3686.155,11145302500.0,0.0032780718927654107,0.0032727107280923207,False
2020-04-01,3682.297,3731.78,3670.965,3675.076,11935262000.0,-0.0030055708455016816,-0.0030100966442354604,False
2020-04-02,3656.323,3734.531,3652.317,3734.531,11516820900.0,0.01617789672921055,0.016048429034828615,False
2020-04-03,3721.482,3738.832,3698.982,3713.218,9982508300.0,-0.005707008457019103,-0.005723355655185003,False
2020-04-07,3779.908,3803.629,3772.205,3798.021,14277803000.0,0.02283814201051504,0.02258125549799672,False
2020-04-08,3776.417,3793.002,3767.292,3780.345,11138951300.0,-0.00465400270298677,-0.004664866292788616,False
2020-04-09,3798.488,3801.725,3785.312,3792.811,10048503200.0,0.003297582628040585,0.0032921575256565916,False
2020-04-10,3794.843,3824.744,3758.96,3769.178,10244495600.0,-0.0062309985918096444,-0.006250492282495301,False
2020-04-13,3751.709,3769.876,3740.194,3753.257,7905334300.0,-0.00422399791148087,-0.0042329441922603905,False
2020-04-14,3777.834,3825.76,3764.984,3825.699,11063758500.0,0.019301103015327836,0.01911719932185818,False
2020-04-15,3820.851,3829.801,3793.44,3797.362,10846198400.0,-0.007407012417861458,-0.007434580550366832,False
2020-04-16,3777.799,3807.357,3774.559,3802.381,9594796500.0,0.0013217070166078315,0.0013208343307606896,False
2020-04-17,3831.923,3863.452,3821.42,3839.487,13200430100.0,0.009758622294820052,0.009711314464114551,False
2020-04-20,3845.46,3853.798,3831.553,3853.455,10001311500.0,0.0036379860121937835,0.0036313845469297945,False
2020-04-21,3838.231,3838.231,3779.997,3808.047,10292188800.0,-0.011783710981443929,-0.011853689182197868,False
2020-04-22,3789.13,3839.383,3782.215,3839.383,8589946400.0,0.008228890032081937,0.008195217316430359,False
2020-04-23,3851.913,3857.471,3826.557,3829.753,9550845000.0,-0.0025082155127528205,-0.0025113663550460075,False
2020-04-24,3826.312,3827.212,3787.071,3796.972,9484413500.0,-0.008559559846287756,-0.00859640327165856,False
2020-04-27,3808.017,3842.871,3793.766,3822.769,9546273500.0,0.006794098033906959,0.006771122158053089,False
2020-04-28,3835.348,3859.675,3768.2,3849.147,12209347600.0,0.006900233835735348,0.006876536172731207,False
2020-04-29,3837.514,3880.744,3833.716,3867.032,9585459000.0,0.004646484013211216,0.004635722429178202,False
2020-04-30,3880.409,3921.7,3880.409,3912.577,13291712500.0,0.011777766514474264,0.011708948444180578,False
2020-05-06,3867.259,3937.691,3865.988,3936.254,13985567500.0,0.006051510296155138,0.00603327344440352,False
2020-05-07,3937.592,3941.483,3915.905,3924.895,10551464600.0,-0.002885738572764862,-0.0028899103440149787,False
2020-05-08,3942.997,3979.663,3935.981,3963.622,11694334100.0,0.009867015550734548,0.009818654412656613,False
2020-05-11,3974.761,3998.097,3944.504,3960.18,12267380300.0,-0.000868397642358465,-0.0008687749180236182,False
2020-05-12,3961.343,3970.112,3930.211,3960.238,9825055400.0,1.4645798928292209e-05,1.4645691679859851e-05,False
2020-05-13,3946.643,3972.525,3932.571,3968.253,8819066900.0,0.0020238682624631466,0.0020218230001862736,False
2020-05-14,3952.199,3952.199,3924.045,3925.218,8853000400.0,-0.010844822646136842,-0.010904056377404103,False
2020-05-15,3941.125,3945.196,3907.402,3912.816,9261838200.0,-0.0031595697359994013,-0.003164571715304376,False
2020-05-18,3914.66,3946.431,3898.404,3922.912,11280176200.0,0.002580238886776165,0.0025769157854558244,False
2020-05-19,3963.775,3966.852,3944.072,3956.25,9401529100.0,0.008498278829604189,0.008462371746919217,False
2020-05-20,3955.715,3955.715,3923.921,3935.222,10079115000.0,-0.005315134281200562,-0.005329309859796183,False
2020-05-21,3950.598,3951.743,3907.579,3913.795,9486103300.0,-0.005444927884627582,-0.005459805534190565,False
2020-05-22,3907.576,3907.576,3818.149,3824.064,10337836000.0,-0.022926852326194957,-0.02319376006558649,False
2020-05-25,3828.321,3835.633,3800.18,3829.325,7903332600.0,0.0013757614935314688,0.0013748160007693855,False
2020-05-26,3850.001,3874.748,3844.478,3872.77,7744807600.0,0.011345341541916687,0.01128146582839662,False
2020-05-27,3873.698,3873.698,3838.425,3845.614,8371183100.0,-0.007012035313225362,-0.0070367351647195875,False
2020-05-28,3848.489,3885.421,3818.432,3856.632,9306405400.0,0.002865082142929687,0.0028609856178078985,False
2020-05-29,3838.377,3872.303,3830.419,3867.023,9381383200.0,0.0026943198106534894,0.0026906966375648267,False
2020-06-01,3901.726,3976.315,3901.726,3971.34,13645665200.0,0.026976048500358063,0.026618608863712367,False
2020-06-02,3969.952,3991.776,3958.977,3983.568,14430306000.0,0.003079061475471878,0.0030743308737424258,False
2020-06-03,4001.171,4018.676,3982.93,3983.648,13659748300.0,2.008249890539382e-05,2.0082297254475634e-05,False
2020-06-04,3998.164,3999.805,3968.572,3982.185,10427773700.0,-0.0003672513234102004,-0.00036731877669282653,False
2020-06-05,3988.224,4001.251,3967.926,4001.251,10244394200.0,0.004787823770116217,0.004776398595192077,False
2020-06-08,4023.606,4050.221,4016.102,4021.955,13792581300.0,0.00517438171211948,0.005161040600613731,False
2020-06-09,4027.561,4052.156,4016.339,4047.029,11530447900.0,0.006234281586939616,0.006214928845464485,False
2020-06-10,4046.232,4046.232,4024.419,4039.705,11226572800.0,-0.0018097226385084264,-0.0018113621648794265,False
2020-06-11,4031.74,4043.012,3979.752,3995.885,12730894100.0,-0.010847326723114614,-0.010906587911591714,False
2020-06-12,3931.624,4011.059,3927.249,4003.083,13416664900.0,0.0018013531420448814,0.0017997326512322331,False
2020-06-15,3982.967,4007.14,3954.988,3954.988,13129786000.0,-0.012014489831962072,-0.012087247163636405,False
2020-06-16,3995.579,4014.57,3987.864,4014.57,11105153900.0,0.015065026745972432,0.014952676201206216,False
2020-06-17,4018.609,4018.609,3992.134,4017.594,10560579900.0,0.0007532562640581997,0.0007529727089430338,False
2020-06-18,4009.783,4047.557,4000.901,4044.384,13814876100.0,0.0066681700540174305,0.00664603614869641,False
2020-06-19,4047.048,4109.36,4043.493,4098.71,15294699000.0,0.01343245349600819,0.0133430379163606,False
2020-06-22,4097.507,4126.942,4088.782,4102.046,15582946500.0,0.0008139146219177107,0.0008135835730289642,False
2020-06-23,4098.037,4124.725,4080.753,4121.794,12922951000.0,0.004814182971131897,0.004802631850264305,False
2020-06-24,4128.1,4144.678,4123.358,4138.99,12171246500.0,0.004171969778208107,0.004163291241647826,False
2020-06-29,4127.935,4137.37,4092.535,4109.716,13086585400.0,-0.007072739967963093,-0.007097870357199554,False
2020-06-30,4130.003,4174.424,4129.775,4163.964,12593352100.0,0.013199938876554906,0.013113578818252591,False
2020-07-01,4172.643,4247.784,4163.495,4247.784,16999045600.0,0.020129857030464215,0.019929930007027252,False
2020-07-02,4239.408,4340.104,4238.116,4335.845,25293936800.0,0.020731044704721535,0.020519081076690426,False
2020-07-03,4353.194,4419.596,4348.454,4419.596,29048553900.0,0.01931595801971686,0.01913177293126722,False
2020-07-06,4465.808,4678.112,4465.808,4670.095,40582102500.0,0.056679162529787996,0.05513112488912597,True
2020-07-07,4739.61,4796.316,4688.057,4698.126,40600855300.0,0.00600223335927863,0.0059842917141264,False
2020-07-08,4692.862,4803.364,4670.65,4774.004,34807484700.0,0.01615069497923205,0.016021659987648817,False
2020-07-09,4770.077,4854.12,4757.294,4840.771,35104689300.0,0.013985534993267601,0.013888639774604528,False
2020-07-10,4796.087,4821.375,4734.473,4753.133,31694965100.0,-0.01810414084863754,-0.018270025995372308,False
2020-07-13,4742.374,4878.077,4741.874,4852.961,32164544600.0,0.021002568200805705,0.020785054557235227,False
2020-07-14,4836.166,4860.44,4729.926,4806.69,29724198500.0,-0.009534591355669364,-0.009580336578718374,False
2020-07-15,4821.516,4837.476,4723.361,4744.469,27238900600.0,-0.012944666704114427,-0.013029179016848857,False
2020-07-16,4741.53,4772.564,4513.654,4516.253,28465713300.0,-0.048101484064918654,-0.049296850781580304,False
2020-07-17,4524.772,4601.373,4485.821,4544.701,20737556300.0,0.006299027091706488,0.006279271139339571,False
2020-07-20,4597.204,4681.943,4534.231,4680.305,24606891400.0,0.02983782651487976,0.029401339859440156,False
2020-07-21,4697.503,4714.293,4661.444,4691.043,20041565900.0,0.0022942949230870813,0.0022916670471371248,False
2020-07-22,4682.658,4790.449,4675.349,4714.445,22419921100.0,0.00498865604088472,0.004976253925827123,False
2020-07-23,4668.74,4731.4,4607.659,4712.436,23431456900.0,-0.0004261371168822192,-0.00042622793910673806,False
2020-07-24,4679.027,4691.698,4479.393,4505.591,24390520300.0,-0.043893434308709844,-0.044885901754719626,False
2020-07-27,4535.005,4558.119,4482.441,4528.45,17142055100.0,0.005073474267859535,0.005060647562965315,False
2020-07-28,4567.669,4590.25,4537.685,4568.258,16276849800.0,0.008790645805960118,0.008752233030380197,False
2020-07-29,4559.163,4680.558,4548.854,4679.008,18669530500.0,0.024243376797019822,0.02395417103098474,False
2020-07-30,4689.763,4704.631,4649.768,4656.151,16696756600.0,-0.0048850098140460485,-0.004896980474930146,False
2020-07-31,4652.182,4741.808,4621.964,4695.046,18483902600.0,0.008353466199872095,0.008318769094580958,False
2020-08-03,4735.899,4771.369,4720.025,4771.311,21477623900.0,0.016243717313951578,0.016113199635878317,False
2020-08-04,4778.487,4807.078,4747.775,4775.802,23997498500.0,0.000941250738004662,0.0009408080393011886,False
2020-08-05,4761.764,4786.703,4711.272,4777.109,19670054800.0,0.0002736713121693768,0.00027363387100720615,False
2020-08-06,4779.238,4791.857,4691.157,4762.764,22785440600.0,-0.0030028621913379405,-0.003007379828169121,False
2020-08-07,4742.294,4749.022,4637.843,4707.926,21351821600.0,-0.011513902431445233,-0.011580700639759911,False
2020-08-10,4681.755,4757.663,4646.289,4724.87,20378883200.0,0.0035990370281944184,0.003592575992128033,False
2020-08-11,4730.375,4791.534,4674.864,4681.784,20554651100.0,-0.009118981051330577,-0.009160813465904027,False
2020-08-12,4668.89,4681.621,4566.274,4647.645,20288723900.0,-0.007291878480510716,-0.0073185941773665775,False
2020-08-13,4666.49,4671.769,4626.103,4635.713,15255009200.0,-0.0025673217296072748,-0.002570622951449053,False
2020-08-14,4627.61,4708.071,4617.632,4704.629,14729292100.0,0.014866321534573013,0.014756900898555969,False
2020-08-17,4727.12,4838.086,4721.359,4815.226,26800155600.0,0.02350812359486798,0.023236063161347076,False
2020-08-18,4816.57,4825.386,4788.829,4812.756,18913985400.0,-0.0005129561935409699,-0.0005130878005772388,False
2020-08-19,4804.666,4809.05,4738.009,4740.678,19244294800.0,-0.014976450083902138,-0.01508972955159038,False
2020-08-20,4708.125,4721.436,4662.803,4679.154,15836863900.0,-0.012977890504269562,-0.013062839094654777,False
2020-08-21,4717.787,4739.484,4684.81,4718.843,14265786400.0,0.00848208885623336,0.008446318072198977,False
2020-08-24,4746.404,4769.467,4716.605,4755.849,15114351200.0,0.007842176567434134,0.00781158652503855,False
2020-08-25,4769.211,4802.412,4746.313,4761.951,14170135100.0,0.0012830516696387129,0.0012822292622303166,False
2020-08-26,4761.719,4786.425,4689.881,4706.13,15130518000.0,-0.01172229617650411,-0.011791543984507769,False
2020-08-27,4718.062,4731.935,4679.362,4731.345,11904285000.0,0.005357905540221086,0.005343603029254851,False
2020-08-28,4727.292,4850.488,4719.353,4844.265,15939976500.0,0.02386636358160321,0.023586013786045967,False
2020-08-31,4870.934,4901.212,4816.212,4816.215,20256702900.0,-0.0057903520967577116,-0.005807181181118892,False
2020-09-01,4803.392,4842.135,4791.783,4842.122,13839540200.0,0.005379120325816,0.005364704531164222,False
2020-09-02,4859.075,4863.551,4797.52,4843.887,15798952400.0,0.0003645096096296374,0.00036444319214190557,False
2020-09-03,4841.502,4877.012,4800.058,4817.095,14567120100.0,-0.0055310951721209145,-0.005546448318336061,False
2020-09-04,4737.237,4778.203,4726.556,4770.219,12003279600.0,-0.009731176154923249,-0.009778833476156379,False
2020-09-07,4759.521,4789.303,4655.56,4669.368,14860779100.0,-0.021141796634494114,-0.02136848517917933,False
2020-09-08,4683.826,4707.897,4639.053,4694.389,13919922700.0,0.005358541027393748,0.0053442351294936685,False
2020-09-09,4634.247,4645.197,4558.03,4584.589,16227710700.0,-0.023389625359125588,-0.023667504186679622,False
2020-09-10,4632.099,4647.751,4572.206,4581.978,15065287800.0,-0.0005695167004065027,-0.0005696789366425037,False
2020-09-11,4572.257,4630.884,4563.106,4627.283,11530242400.0,0.009887651141057496,0.009839088171927912,False
2020-09-14,4652.054,4666.986,4625.988,4651.051,10723517900.0,0.005136491543741739,0.005123344770694871,False
2020-09-15,4649.447,4691.5,4630.537,4688.483,10191592500.0,0.008048073435444891,0.008015860412196929,False
2020-09-16,4683.006,4690.682,4638.459,4657.358,10875364100.0,-0.006638607839678623,-0.006660741408476056,False
2020-09-17,4642.054,4664.949,4601.639,4632.714,10598363100.0,-0.005291411997961126,-0.005305461100068243,False
2020-09-18,4636.642,4737.804,4631.705,4737.089,16042647500.0,0.02252998997995559,0.02227993855844801,False
2020-09-21,4750.748,4752.98,4688.72,4691.428,12453582700.0,-0.0096390420361534,-0.009685798301502402,False
2020-09-22,4654.218,4706.21,4622.111,4635.761,11967294700.0,-0.01186568354027806,-0.011936642640613115,False
2020-09-23,4639.659,4665.96,4623.553,4652.327,9582652800.0,0.003573523311490856,0.003567153447789906,False
2020-09-24,4623.954,4631.948,4562.209,4563.066,11259368300.0,-0.019186312570032227,-0.01937275852443321,False
2020-09-25,4582.482,4599.539,4554.72,4570.022,9301515500.0,0.0015244136289065402,0.0015232528899318254,False
2020-09-28,4582.647,4613.632,4571.151,4581.909,8504838900.0,0.0026010815702854906,0.00259770461217812,False
2020-09-29,4608.293,4616.677,4586.354,4591.799,8599385800.0,0.0021584889616970138,0.0021561627711683684,False
2020-09-30,4607.575,4634.724,4563.411,4587.395,8908120000.0,-0.0009591012150138578,-0.0009595614468800306,False
2020-10-09,4663.61,4695.404,4655.085,4681.141,11133751200.0,0.020435563102806586,0.02022955879776589,False
2020-10-12,4705.188,4823.267,4704.155,4823.158,15578455800.0,0.030338116284042815,0.029887016610249617,False
2020-10-13,4812.899,4845.919,4795.373,4839.201,11651633800.0,0.003326243925660277,0.003320724212887427,False
2020-10-14,4830.458,4830.458,4795.907,4807.102,11190692300.0,-0.0066331198063481756,-0.0066552167140265794,False
2020-10-15,4810.782,4833.893,4796.265,4798.736,10996496200.0,-0.001740341686113589,-0.0017418578400452134,False
2020-10-16,4798.916,4825.552,4765.967,4791.676,11671610200.0,-0.0014712207547986633,-0.0014723040627071526,False
2020-10-19,4823.494,4849.605,4747.336,4755.488,12924636100.0,-0.007552263550373639,-0.007580926296339996,False
2020-10-20,4751.369,4793.467,4739.458,4793.467,9804815600.0,0.0079863517687353,0.00795462964554261,False
2020-10-21,4801.631,4801.631,4758.855,4792.828,10380570300.0,-0.00013330643561315636,-0.00013331532170468563,False
2020-10-22,4780.595,4791.808,4725.499,4777.985,10135089100.0,-0.00309691897977582,-0.003101724357167157,False
2020-10-23,4775.467,4802.456,4717.098,4718.488,10682518400.0,-0.012452320381918236,-0.012530500214904094,False
2020-10-26,4684.047,4713.395,4639.302,4691.236,10834327500.0,-0.00577557895664893,-0.005792322111522807,False
2020-10-27,4680.137,4708.462,4671.854,4699.279,9265630400.0,0.0017144735417278234,0.0017130055096608032,False
2020-10-28,4703.004,4753.313,4685.601,4737.272,10846340200.0,0.00808485727278585,0.00805234990828474,False
2020-10-29,4683.607,4803.032,4679.253,4772.92,11711725000.0,0.007525005952793151,0.007496834334956404,False
2020-10-30,4776.473,4778.509,4683.472,4695.334,13980230300.0,-0.016255457874843948,-0.016389027296250802,False
2020-11-02,4702.746,4738.024,4695.444,4720.831,14286769300.0,0.005430284618729964,0.005415593782824857,False
2020-11-03,4743.174,4793.396,4734.175,4777.561,13605540800.0,0.012016952100170508,0.011945321812101284,False
2020-11-04,4781.448,4825.464,4770.558,4813.656,11466180600.0,0.007555110233024909,0.007526713325862744,False
2020-11-05,4861.338,4885.112,4838.0,4885.112,13924459400.0,0.01484443425122195,0.014735333999638556,False
2020-11-06,4897.63,4897.63,4845.429,4885.718,15363903400.0,0.00012405038001173097,0.00012404268639976124,False
2020-11-09,4918.861,4997.802,4918.861,4981.35,19713198400.0,0.01957378628893447,0.019384683390315516,False
2020-11-10,4995.413,4995.413,4928.932,4953.876,17626721400.0,-0.005515372338823821,-0.005530638161848955,False
2020-11-11,4937.758,4957.585,4901.707,4904.898,16447051500.0,-0.009886803787579668,-0.009936002781270048,False
2020-11-12,4916.774,4926.342,4891.51,4908.463,11811461900.0,0.0007268244925786593,0.0007265604835744455,False
2020-11-13,4886.978,4886.978,4825.758,4856.851,13369307900.0,-0.010514900489216328,-0.010570572657464083,False
2020-11-16,4880.958,4904.172,4848.624,4904.172,14877098000.0,0.009743144271874948,0.009695985908130922,False
2020-11-17,4903.12,4909.29,4865.394,4894.786,15148746400.0,-0.0019138806713956402,-0.001915714481176778,False
2020-11-18,4889.675,4911.088,4870.716,4891.672,16421661600.0,-0.0006361871591527013,-0.0006363896120724633,False
2020-11-19,4880.922,4939.791,4870.201,4927.989,13368137800.0,0.007424250849198399,0.00739682675080644,False
2020-11-20,4928.222,4947.43,4922.59,4943.288,12940034100.0,0.0031045117998436123,0.003099702753674549,False
2020-11-23,4954.599,5029.652,4940.449,5005.027,20591518700.0,0.0124894604562793,0.012412110518482677,False
2020-11-24,4997.049,5001.061,4960.982,4974.286,15663791100.0,-0.006142024808257762,-0.006160964635046895,False
2020-11-25,4992.747,5004.773,4910.7,4910.7,17034052700.0,-0.012782940104368756,-0.012865344886700214,False
2020-11-26,4908.321,4925.286,4867.815,4919.591,13720233800.0,0.0018105361761053818,0.0018088991311380198,False
2020-11-27,4930.593,4980.765,4917.348,4980.765,16295292200.0,0.01243477354113387,0.012358096729482071,False
2020-11-30,4994.106,5055.192,4960.252,4960.252,26263895000.0,-0.004118443652732062,-0.004126947799056424,False
2020-12-01,4963.13,5072.549,4963.13,5067.098,20406563800.0,0.02154043786485027,0.021311721241737303,False
2020-12-02,5072.976,5090.608,5043.309,5067.145,19543547600.0,9.2755261493771e-06,9.27548313178761e-06,False
2020-12-03,5065.453,5072.305,5033.789,5057.06,17786574800.0,-0.0019902726288669736,-0.00199225585331142,False
2020-12-04,5049.523,5072.387,5017.851,5065.916,14434716700.0,0.0017512151329033276,0.001749683543517122,False
2020-12-07,5065.729,5067.87,5014.609,5022.235,13989621700.0,-0.00862252749552117,-0.00865991656640297,False
2020-12-08,5029.106,5043.061,4998.922,5009.879,12307302900.0,-0.002460259227216488,-0.0024632906380066544,False
2020-12-09,5022.385,5033.642,4942.52,4942.699,13891696500.0,-0.01340950549903508,-0.013500224831624053,False
2020-12-10,4931.293,4962.743,4919.77,4940.525,12591427000.0,-0.0004398406619541273,-0.0004399374202304074,False
2020-12-11,4957.824,4957.824,4849.355,4889.629,15935769700.0,-0.010301739187636882,-0.010355169368736483,False
2020-12-14,4903.627,4937.26,4887.66,4934.835,12080155200.0,0.009245282208527605,0.009202806188119084,False
2020-12-15,4931.602,4954.189,4904.793,4945.1,11834263300.0,0.0020801100746024037,0.0020779496410820997,False
2020-12-16,4957.297,4968.856,4938.193,4953.867,10677896800.0,0.0017728660694424914,0.0017712963973313123,False
2020-12-17,4960.729,5021.617,4950.371,5017.478,13338547900.0,0.012840675779143718,0.012758933310580645,False
2020-12-18,5014.321,5027.445,4979.005,4999.968,12804961800.0,-0.0034898010514445854,-0.0034959046114124703,False
2020-12-21,4995.762,5048.507,4969.999,5046.84,14081178200.0,0.00937445999654396,0.009330792440797708,False
2020-12-22,5034.983,5055.135,4960.946,4964.773,16234497000.0,-0.01626106633061475,-0.0163947284427568,False
2020-12-23,4977.299,5028.451,4968.151,5007.124,14029281900.0,0.008530299371189765,0.008494121958031897,False
2020-12-24,5006.005,5033.038,4979.237,5000.015,11441866700.0,-0.0014197771015855842,-0.001420785940091207,False
2020-12-25,4985.77,5042.098,4973.681,5042.014,12100697900.0,0.008399774800675663,0.00836469300819509,False
2020-12-28,5042.943,5089.345,5037.858,5064.415,13691440700.0,0.0044428674731962214,0.004433027073133644,False
2020-12-29,5071.449,5077.417,5034.308,5042.936,14119866200.0,-0.004241161121274706,-0.004250180355487743,False
2020-12-30,5037.985,5113.711,5036.629,5113.711,14862644800.0,0.014034483086836858,0.013936911579758515,False
2020-12-31,5122.48,5215.618,5122.48,5211.289,17160250900.0,0.019081641492841417,0.018901870258732245,False
2021-01-04,5212.931,5284.434,5190.937,5267.718,21171138200.0,0.010828223113321878,0.010770017702570911,False
2021-01-05,5245.836,5368.505,5234.378,5368.505,22493115900.0,0.019132952827011662,0.01895221955396842,False
2021-01-06,5386.514,5433.469,5341.43,5417.668,19377344400.0,0.009157670524661876,0.009115993310837567,False
2021-01-07,5428.394,5513.657,5413.353,5513.657,21987208000.0,0.017717770819474454,0.017562640809854813,False
2021-01-08,5526.288,5547.473,5442.694,5495.431,20432495600.0,-0.0033056100515502784,-0.0033110856505835784,False
2021-01-11,5504.236,5555.692,5412.505,5441.158,23183598300.0,-0.009876022463024103,-0.009925113858773926,False
2021-01-12,5419.5,5596.353,5417.627,5596.353,22422018600.0,0.028522421146380816,0.028123229723899357,False
2021-01-13,5609.264,5644.72,5535.144,5577.971,26156988600.0,-0.0032846391212277837,-0.003290045389979568,False
2021-01-14,5556.213,5568.018,5458.682,5470.456,24368338000.0,-0.019274929898344673,-0.019463113433847212,False
2021-01-15,5471.391,5500.635,5390.274,5458.081,23863743500.0,-0.0022621514550158484,-0.0022647139849016895,False
2021-01-18,5438.162,5541.461,5410.775,5518.521,20705186900.0,0.011073489015644755,0.01101262682847981,False
2021-01-19,5525.969,5532.479,5415.717,5437.523,21104342500.0,-0.014677483332943608,-0.014786263314544357,False
2021-01-20,5439.911,5496.049,5426.536,5476.434,17091326000.0,0.0071560157078875974,0.0071305329253892324,False
2021-01-21,5492.959,5593.106,5490.563,5564.969,20995019700.0,0.016166541950473512,0.01603725496559072,False
2021-01-22,5562.379,5573.659,5513.877,5569.776,19930002000.0,0.0008637963661612957,0.0008634235087807696,False
2021-01-25,5564.124,5655.48,5543.266,5625.923,19704701900.0,0.01008065674454417,0.010030185827588411,False
2021-01-26,5600.902,5600.902,5505.996,5512.968,17190459000.0,-0.020077594378735686,-0.020281888389742875,False
2021-01-27,5505.771,5534.993,5449.639,5528.003,16019084100.0,0.002727206107490554,0.0027234940284532883,False
2021-01-28,5450.37,5462.235,5360.377,5377.143,17048558500.0,-0.027290144379443992,-0.027669436927626023,False
2021-01-29,5413.968,5430.202,5288.096,5351.965,18217878400.0,-0.0046824122029114346,-0.004693409036162777,False
2021-02-01,5356.854,5422.299,5342.046,5417.648,16631370600.0,0.01227268862931652,0.0121979897360589,False
2021-02-02,5429.703,5503.215,5411.517,5501.092,16521056500.0,0.015402255739021653,0.01528484505618799,False
2021-02-03,5499.296,5532.886,5473.124,5485.201,18805431700.0,-0.0028886991891791114,-0.002892879533128223,False
2021-02-04,5453.976,5510.054,5411.575,5473.948,18057565400.0,-0.0020515200810324874,-0.0020536273308895403,False
2021-02-05,5494.701,5550.771,5477.652,5483.414,18969959800.0,0.0017292820465228953,0.0017277885598492304,False
2021-02-08,5506.142,5576.491,5479.853,5564.562,16403377500.0,0.014798809646690891,0.01469037574928933,False
2021-02-09,5584.165,5686.25,5555.054,5686.25,16488726000.0,0.02186838784436218,0.02163270447152499,False
2021-02-10,5709.684,5823.422,5707.33,5807.719,17016978600.0,0.021361881732248955,0.021136914907293303,False
2021-02-18,5922.071,5930.912,5747.663,5768.381,21884868600.0,-0.006773399332853369,-0.006796442916657597,False
2021-02-19,5734.019,5787.887,5667.321,5778.842,21447578000.0,0.0018135071175082729,0.0018118646988671827,False
2021-02-22,5785.51,5785.51,5597.333,5597.333,28212438200.0,-0.03140923389149586,-0.03191308229352785,False
2021-02-23,5542.684,5644.755,5541.109,5579.668,23380772700.0,-0.0031559673151481116,-0.003160957882807125,False
2021-02-24,5591.48,5598.828,5379.728,5437.568,22542861000.0,-0.02546746508932063,-0.0257973743315123,False
2021-02-25,5494.471,5527.63,5444.165,5469.558,23073602800.0,0.005883144817683261,0.0058659066977391205,False
2021-02-26,5343.904,5416.32,5318.858,5336.761,21226454300.0,-0.02427929276917795,-0.024578894144967833,False
2021-03-01,5389.25,5421.555,5345.945,5418.784,17746352300.0,0.015369434756399958,0.015252521400331176,False
2021-03-02,5453.285,5454.969,5305.055,5349.63,19651111500.0,-0.012761903777674055,-0.01284403639900944,False
2021-03-03,5327.347,5452.396,5316.481,5452.213,19470905400.0,0.019175718694563804,0.01899418166515865,False
2021-03-04,5388.479,5392.373,5254.777,5280.706,21277521100.0,-0.03145640128146121,-0.0319617804022716,False
2021-03-05,5191.97,5307.82,5174.246,5262.796,20262795600.0,-0.003391591957590534,-0.003397356443139543,False
2021-03-08,5299.791,5326.26,5079.798,5080.025,23023163500.0,-0.03472887795764845,-0.0353462616194502,False
2021-03-09,5066.155,5094.311,4917.909,4970.999,23071100400.0,-0.021461705404993037,-0.021695356892374562,False
2021-03-10,5047.059,5055.279,4981.616,5003.612,16992849000.0,0.0065606531001112245,0.00653922568306875,False
2021-03-11,5024.559,5138.415,5020.578,5128.216,18960076600.0,0.02490281020990448,0.024597788787325214,False
2021-03-12,5153.674,5153.674,5086.823,5146.379,20102058900.0,0.003541777491431697,0.0035355201678797243,False
2021-03-15,5116.123,5120.876,4992.399,5035.544,20415308400.0,-0.021536501683999565,-0.021771796555654532,False
2021-03-16,5054.409,5084.309,5009.951,5079.362,16139005400.0,0.008701741063130486,0.008664099123688374,False
2021-03-17,5062.771,5123.545,5020.126,5100.858,14916237600.0,0.004232027565666652,0.00422309772237206,False
2021-03-18,5114.587,5160.457,5111.129,5141.768,14290151800.0,0.008020219343490842,0.00798822832051016,False
2021-03-19,5068.532,5089.918,4980.761,5007.091,16417484900.0,-0.026192741485030036,-0.02654188145666403,False
2021-03-22,5008.395,5071.338,4996.541,5057.152,16740263200.0,0.009998020806891494,0.009948371254111521,False
2021-03-23,5057.063,5064.02,4966.534,5009.246,15801396700.0,-0.009472920726922962,-0.009518074223718642,False
2021-03-24,4985.401,5024.327,4919.893,4928.685,15938598200.0,-0.016082460314386537,-0.016213186573901694,False
2021-03-25,4904.068,4950.761,4883.662,4926.347,13294518900.0,-0.0004743658805544948,-0.0004744784276429215,False
2021-03-26,4953.945,5050.829,4953.945,5037.99,14592669700.0,0.022662431209169887,0.022409453246677202,False
2021-03-29,5052.263,5086.654,5010.39,5046.877,14338821500.0,0.0017639971496570261,0.0017624431339360314,False
2021-03-30,5043.095,5106.037,5032.795,5094.729,13861856000.0,0.0094815070785359,0.009436839710971867,False
2021-03-31,5085.95,5085.95,5015.607,5048.361,14133574300.0,-0.009101171033827349,-0.009142839706079542,False
2021-04-01,5059.936,5115.429,5056.872,5110.777,12032489000.0,0.012363616627257823,0.01228781129834644,False
2021-04-02,5129.855,5169.831,5116.347,5161.557,12700225400.0,0.00993586689460324,0.00988683071292229,False
2021-04-06,5178.64,5181.149,5125.33,5140.342,10983421000.0,-0.004110193881419866,-0.004118663945327228,False
2021-04-07,5141.656,5141.656,5065.193,5103.743,14576374800.0,-0.007119954275415785,-0.007145422108395749,False
2021-04-08,5078.263,5129.132,5062.073,5112.209,14177104700.0,0.0016587825836840153,0.0016574083233766856,False
2021-04-09,5100.042,5100.042,5022.093,5035.337,12841650900.0,-0.015036943912112966,-0.015151145023192925,False
2021-04-12,5026.979,5045.602,4933.013,4947.746,15264431400.0,-0.017395260734286544,-0.017548336070015935,False
2021-04-13,4949.807,4994.54,4924.198,4939.644,13291935800.0,-0.0016375133242489959,-0.0016388555146296113,False
2021-04-14,4945.686,4987.119,4940.269,4980.628,12086083800.0,0.008296954193459882,0.008262723678026163,False
2021-04-15,4969.91,4969.91,4900.303,4948.974,10882938400.0,-0.006355423452624742,-0.006375705134372467,False
2021-04-16,4966.9,4979.173,4917.96,4966.181,11123992400.0,0.003476882279033866,0.0034708518977506486,False
2021-04-19,4966.409,5088.211,4940.747,5087.017,15476982400.0,0.024331775261513977,0.024040473419706387,False
2021-04-20,5065.776,5119.859,5058.925,5083.365,13654170000.0,-0.0007179059948099198,-0.0007181638127189416,False
2021-04-21,5055.24,5110.562,5047.992,5098.745,12463727700.0,0.0030255549227726775,0.0030209871425395107,False
2021-04-22,5114.28,5119.225,5067.138,5089.244,12116764500.0,-0.0018633997189504425,-0.0018651380079610647,False
2021-04-23,5088.826,5149.983,5086.491,5135.453,12205699100.0,0.00907973757988434,0.009038764591853266,False
2021-04-26,5156.594,5181.107,5072.959,5077.237,15138196700.0,-0.011336098295515629,-0.011400841613914636,False
2021-04-27,5076.642,5095.984,5042.61,5090.52,12396183700.0,0.002616186717303126,0.0026127704579170796,False
2021-04-28,5073.973,5119.446,5059.263,5119.242,12062031800.0,0.005642252657881652,0.005626394771859111,False
2021-04-29,5128.28,5170.585,5113.648,5164.169,14009248000.0,0.008776103962266246,0.008737817801048209,False
2021-04-30,5156.356,5163.252,5094.929,5123.489,16012162100.0,-0.007877356453671491,-0.007908546731959731,False
2021-05-06,5098.801,5132.899,5037.408,5061.124,15882263000.0,-0.012172369258526716,-0.012247059266949023,False
2021-05-07,5073.455,5093.747,4996.037,4996.053,17225832100.0,-0.012857025435456637,-0.012940392324685135,False
2021-05-10,5001.437,5019.393,4953.697,4992.422,17082058500.0,-0.0007267737151708253,-0.0007270379432178231,False
2021-05-11,4956.079,5033.494,4925.915,5023.06,15152649700.0,0.006136901087288038,0.006118146998689511,False
2021-05-12,5003.817,5051.168,4995.405,5044.548,12661908600.0,0.004277870461431688,0.004268746385411859,False
2021-05-13,4992.352,5022.084,4975.446,4992.974,13227940600.0,-0.010223710826024357,-0.010276331920026749,False
2021-05-14,5007.629,5112.984,4981.295,5110.59,15942618000.0,0.023556301314607175,0.023283133218509278,False
2021-05-17,5115.306,5206.695,5115.306,5184.985,15388963400.0,0.014557027662168043,0.014452091283626345,False
2021-05-18,5190.935,5201.672,5156.792,5187.601,11840426100.0,0.0005045337643214687,0.0005044065299557587,False
2021-05-19,5173.167,5193.557,5151.639,5172.272,11872998300.0,-0.0029549304196678783,-0.0029593048461027394,False
2021-05-20,5167.055,5201.594,5152.036,5186.412,13845477500.0,0.002733808276131011,0.0027300782189136896,False
2021-05-21,5199.129,5216.162,5123.117,5134.148,12476848500.0,-0.01007710147207741,-0.010128219161154917,False
2021-05-24,5138.815,5155.588,5092.389,5155.588,12674233600.0,0.00417596064624548,0.004167265521180852,False
2021-05-25,5165.036,5324.361,5161.524,5318.478,18299683900.0,0.031594844273824974,0.03110599721673779,False
2021-05-26,5326.117,5344.284,5308.739,5320.593,16960709600.0,0.00039767016052327797,0.0003975911107012564,False
2021-05-27,5311.373,5378.476,5286.05,5338.233,14846285500.0,0.003315419916539497,0.003309936029509686,False
2021-05-28,5338.728,5360.277,5288.652,5321.089,16460580600.0,-0.003211549589536511,-0.0032167176829442923,False
2021-05-31,5318.083,5331.629,5281.685,5331.57,14460326900.0,0.001969709583883983,0.0019677722495359262,False
2021-06-01,5320.475,5343.753,5269.259,5341.68,14383147400.0,0.0018962519483005646,0.0018944563321756647,False
2021-06-02,5348.344,5352.64,5266.785,5289.974,13775431900.0,-0.009679726228452479,-0.009726879311060088,False
2021-06-03,5285.71,5314.369,5255.072,5255.286,14196887800.0,-0.0065573101115431465,-0.006578903718574836,False
2021-06-04,5228.276,5334.49,5221.229,5282.277,14473208700.0,0.005135971667383998,0.005122827550897213,False
2021-06-07,5284.891,5286.842,5242.948,5277.627,12770497100.0,-0.00088030218786328,-0.0008806898813755737,False
2021-06-08,5276.971,5319.041,5201.14,5232.117,13055953200.0,-0.008623193719450084,-0.008660588585055251,False
2021-06-09,5224.95,5253.356,5215.351,5236.449,12182032100.0,0.0008279631361454154,0.000827620563747189,False
2021-06-10,5236.469,5299.53,5229.518,5271.466,13899196700.0,0.0066871652908298,0.006664905383033215,False
2021-06-11,5275.746,5276.104,5213.599,5224.703,18080717300.0,-0.008870966824029547,-0.008910548106925376,False
2021-06-15,5218.565,5225.502,5137.409,5166.56,14288005800.0,-0.011128479456152807,-0.01119086424735194,False
2021-06-16,5163.249,5164.519,5076.022,5080.491,12514798500.0,-0.01665886005388506,-0.016799179419642485,False
2021-06-17,5074.384,5123.365,5073.821,5101.892,12045251800.0,0.004212388133351563,0.004203540863180422,False
2021-06-18,5104.93,5128.031,5064.921,5102.466,14858580500.0,0.00011250728161238399,0.00011250095314352393,False
2021-06-21,5088.089,5123.783,5058.57,5090.385,13218451600.0,-0.002367678687128949,-0.0023704860705073827,False
2021-06-22,5106.074,5125.819,5086.278,5122.158,13041675300.0,0.006241767567679135,0.006222368417967417,False
2021-06-23,5127.191,5171.033,5109.757,5147.394,13635605800.0,0.004926829668276511,0.004914732560308721,False
2021-06-24,5156.564,5160.435,5120.584,5155.974,12668562500.0,0.0016668628824605403,0.001665475208353584,False
2021-06-25,5159.802,5251.608,5157.476,5239.968,15493106100.0,0.01629061744686844,0.01615934904858385,False
2021-06-28,5253.608,5260.637,5226.22,5251.76,13319378300.0,0.0022503954222621303,0.002247867074961718,False
2021-06-29,5248.525,5248.525,5182.677,5190.545,12516299700.0,-0.011656092433774634,-0.011724557220453846,False
2021-06-30,5189.38,5231.426,5186.625,5224.041,10375267100.0,0.006453272247904707,0.006432539036785201,False
2021-07-01,5241.204,5252.264,5190.876,5229.664,12724062000.0,0.0010763698064391036,0.0010757909358076745,False
2021-07-02,5186.661,5186.661,5074.362,5081.117,13042642400.0,-0.02840469292099823,-0.028815911961499907,False
2021-07-05,5073.779,5098.231,5048.004,5085.792,13121158900.0,0.0009200732830989544,0.0009196502751205315,False
2021-07-06,5089.778,5092.207,5028.506,5083.104,14065522000.0,-0.0005285312494101024,-0.0005286709712848392,False
2021-07-07,5052.42,5152.771,5045.406,5140.49,14854906000.0,0.011289558505983566,0.011226307049176043,False
2021-07-08,5149.31,5151.217,5078.93,5088.257,17390100800.0,-0.010161093592245152,-0.01021306989421511,False
2021-07-09,5063.148,5081.409,5006.412,5069.436,16065322600.0,-0.0036989090763300814,-0.003705766956848322,False
2021-07-12,5108.378,5159.412,5070.319,5132.709,20621203900.0,0.012481270105787035,0.012404021166503298,False
2021-07-13,5128.614,5154.051,5114.943,5142.099,16648220900.0,0.0018294432822900664,0.0018277718890988837,False
2021-07-14,5130.752,5130.752,5075.125,5083.085,18835272000.0,-0.011476636291911202,-0.01154300113425144,False
2021-07-15,5073.263,5153.806,5067.677,5151.463,18107710300.0,0.013452067002617474,0.013362391270151264,False
2021-07-16,5140.904,5140.904,5090.632,5094.773,16995598200.0,-0.011004640817569578,-0.011065639804780147,False
2021-07-19,5083.728,5120.824,5047.623,5113.495,15319958900.0,0.0036747466472009105,0.003668011261254378,False
2021-07-20,5080.216,5114.003,5067.862,5108.994,12930004400.0,-0.000880219888745426,-0.0008806075097496091,False
2021-07-21,5122.784,5160.545,5122.305,5144.043,16797646900.0,0.006860254680275624,0.006836830204028033,False
2021-07-22,5150.386,5171.21,5137.88,5151.752,18555686400.0,0.0014986266638907786,0.0014975048436056682,False
2021-07-23,5145.431,5145.431,5079.997,5089.228,21653684700.0,-0.012136453773396005,-0.0122107018791624,False
2021-07-26,5067.307,5067.307,4859.603,4925.299,22811171000.0,-0.032210975810083586,-0.03274116567718899,False
2021-07-27,4924.282,4940.86,4749.033,4751.313,23663122500.0,-0.03532496199723101,-0.035963982539211514,False
2021-07-28,4714.295,4785.657,4663.901,4760.483,19263439300.0,0.0019299928251412801,0.0019281327818507776,False
2021-07-29,4845.76,4857.971,4800.013,4850.275,17332205400.0,0.018861951612892947,0.018686270689105555,False
2021-07-30,4825.7,4825.7,4761.038,4811.17,18234977600.0,-0.008062429449876451,-0.008095106590806367,False
2021-08-02,4794.819,4938.815,4761.459,4933.736,22719491800.0,0.025475300186856842,0.025156212610646378,False
2021-08-03,4909.233,4957.029,4890.85,4934.458,20353336000.0,0.00014633940689168234,0.00014632870032649237,False
2021-08-04,4927.736,4979.291,4919.657,4978.848,17546646100.0,0.008995922145856872,0.008955699882488233,False
2021-08-05,4946.167,4997.14,4921.938,4948.67,16738182900.0,-0.006061241475939783,-0.0060796853664033534,False
2021-08-06,4943.043,4944.349,4891.797,4921.565,15417968800.0,-0.005477229235330006,-0.005492284253735491,False
2021-08-09,4890.257,5002.894,4884.039,4985.563,18243687100.0,0.013003587273560546,0.012919766497748952,False
2021-08-10,4977.816,5043.761,4941.24,5043.148,16705190200.0,0.011550350481981608,0.011484154421362192,False
2021-08-11,5037.082,5059.789,5009.978,5015.341,18226607400.0,-0.005513817956562028,-0.005529075160264796,False
2021-08-12,4998.073,5016.263,4962.985,4973.351,16822373300.0,-0.00837231207210054,-0.00840755673422322,False
2021-08-13,4958.758,4993.743,4921.281,4945.983,15831432100.0,-0.00550292951372211,-0.00551812640760474,False
2021-08-16,4935.923,4973.376,4931.369,4941.068,16195337300.0,-0.0009937357245263234,-0.0009942298072243005,False
2021-08-17,4935.004,4967.565,4823.392,4837.403,18757347200.0,-0.020980281995714334,-0.02120349568991209,False
2021-08-18,4838.471,4909.541,4818.901,4894.238,19747437800.0,0.011749072797945459,0.011680588339462616,False
2021-08-19,4886.564,4893.467,4839.568,4862.139,20171171900.0,-0.006558528620798643,-0.006580130271464313,False
2021-08-20,4817.494,4835.153,4720.826,4769.268,17763581000.0,-0.019100852526017897,-0.019285630538576015,False
2021-08-23,4777.735,4843.819,4764.009,4835.878,16757909300.0,0.013966503874389025,0.013869870968919784,False
2021-08-24,4844.593,4906.204,4842.748,4888.39,19788316300.0,0.010858834734871481,0.010800300946886665,False
2021-08-25,4890.521,4899.765,4865.765,4898.157,18944801600.0,0.001997999341296408,0.0019960059953074705,False
2021-08-26,4892.204,4892.204,4798.695,4801.609,19761738700.0,-0.019711087251796933,-0.01990794183839384,False
2021-08-27,4794.974,4863.469,4793.591,4827.043,18331021100.0,0.0052969744100361815,0.005282994785829942,False
2021-08-30,4847.035,4849.16,4787.2,4813.27,21963575700.0,-0.0028532996287787826,-0.002857378047979253,False
2021-08-31,4803.085,4821.756,4740.752,4805.61,23511865800.0,-0.0015914336822993036,-0.001592701358008597,False
2021-09-01,4804.686,4906.402,4763.299,4869.459,32672108000.0,0.013286346582431774,0.013198857170788614,False
2021-09-02,4865.822,4892.705,4845.625,4869.411,26785801300.0,-9.85735787073505e-06,-9.857406453761541e-06,False
2021-09-03,4875.066,4886.548,4828.699,4843.062,26809189600.0,-0.00541112672559374,-0.005425819900205298,False
2021-09-06,4841.062,4944.45,4837.786,4933.726,24050724500.0,0.018720388052021475,0.01854731820768407,False
2021-09-07,4932.976,5005.961,4915.612,4992.829,24417851900.0,0.011979384343597577,0.011908199455797686,False
2021-09-08,4986.795,5013.976,4955.888,4972.132,26461531500.0,-0.004145345254163546,-0.004153961016250207,False
2021-09-09,4952.492,4970.147,4929.95,4970.013,25653021700.0,-0.0004261753308237859,-0.00042626616933993944,False
2021-09-10,4967.976,5042.799,4962.371,5013.522,28830435200.0,0.008754303057155077,0.008716206324923093,False
2021-09-13,5006.775,5029.724,4964.96,4991.66,24991529800.0,-0.004360607173958808,-0.004370142350957451,False
2021-09-14,4989.835,5000.977,4907.316,4917.162,24559040200.0,-0.014924494056085424,-0.015036984967329303,False
2021-09-15,4903.847,4903.847,4843.116,4867.319,18798473000.0,-0.010136538108770798,-0.010188262646551038,False
2021-09-16,4866.794,4879.531,4806.144,4807.698,21675209900.0,-0.012249248508265032,-0.012324888879247098,False
2021-09-17,4797.113,4857.958,4786.088,4855.94,20195812700.0,0.010034324119360116,0.00998431455230886,False
2021-09-22,4770.732,4830.85,4765.23,4821.768,19122037600.0,-0.0070371544953190535,-0.007062032047166156,False
2021-09-23,4848.222,4877.336,4837.557,4853.196,22815106400.0,0.006517941136944039,0.006496791211512587,False
2021-09-24,4845.638,4897.06,4838.535,4849.428,20769329000.0,-0.0007763955958094426,-0.0007766971469624906,False
2021-09-27,4870.848,4922.563,4852.2,4877.37,21596703000.0,0.00576191666316106,0.005745380311656945,False
2021-09-28,4869.085,4901.311,4846.631,4883.828,17689088000.0,0.0013240742449311949,0.001323198431638417,False
2021-09-29,4846.021,4868.068,4799.877,4833.928,18817136600.0,-0.01021739504339636,-0.01026995092005123,False
2021-09-30,4843.953,4876.073,4843.953,4866.383,14611389600.0,0.006714001532501124,0.006691563003100143,False
2021-10-08,4915.731,4937.092,4891.625,4929.941,16896807700.0,0.01306062428707322,0.012976069761192477,False
2021-10-11,4941.292,4983.729,4930.713,4936.192,16351162400.0,0.0012679664929053924,0.0012671633022662832,False
2021-10-12,4920.66,4925.488,4840.77,4883.837,16807933700.0,-0.010606354047816513,-0.010663002331464,False
2021-10-13,4880.144,4953.375,4869.831,4940.109,13114281300.0,0.011522088063135483,0.011456214325583858,False
2021-10-14,4934.258,4953.923,4903.25,4913.612,11955701300.0,-0.0053636468345131805,-0.005378082831057895,False
2021-10-15,4896.558,4939.815,4881.014,4932.108,14282200100.0,0.0037642369808605913,0.0037571699698872862,False
2021-10-18,4922.514,4922.514,4844.938,4874.775,14124519900.0,-0.01162444131393725,-0.01169253333402942,False
2021-10-19,4869.391,4928.143,4868.811,4922.723,13526649300.0,0.009835941146001614,0.009787883150345067,False
2021-10-20,4926.773,4944.022,4898.365,4910.185,14153318300.0,-0.00254696435285906,-0.002550213384516553,False
2021-10-21,4914.738,4946.176,4893.853,4928.016,14889815400.0,0.0036314314022789507,0.0036248536748306748,False
2021-10-22,4934.87,4989.887,4934.87,4959.725,14392622800.0,0.006434435277807626,0.006413822672204361,False
2021-10-25,4940.896,4981.65,4930.112,4979.524,14186149000.0,0.0039919551991289826,0.003984008487563528,False
2021-10-26,4983.238,5002.575,4953.479,4963.098,14088894300.0,-0.003298708872574996,-0.0033041616073123947,False
2021-10-27,4949.227,4949.227,4884.942,4898.164,14711159300.0,-0.01308336043334224,-0.013169701507910858,False
2021-10-28,4882.586,4898.658,4846.278,4864.138,15664947200.0,-0.00694668451280922,-0.006970925051815513,False
2021-10-29,4861.267,4908.77,4855.759,4908.77,15988735300.0,0.009175726511049032,0.009133885286875199,False
2021-11-01,4878.128,4908.206,4858.249,4890.685,17158397400.0,-0.003684222320459063,-0.003691025782964985,False
2021-11-02,4886.185,4911.227,4797.899,4839.846,18543768800.0,-0.010395067357640286,-0.010449473435320655,False
2021-11-03,4835.809,4858.713,4804.366,4821.112,14276382000.0,-0.0038707843183438673,-0.0038782951922105013,False
2021-11-04,4841.091,4873.939,4834.743,4868.742,13259297000.0,0.009879463493069673,0.009830980655047838,False
2021-11-05,4858.9,4889.684,4841.744,4842.346,14778935900.0,-0.005421523670796402,-0.0054362734653139455,False
2021-11-08,4841.153,4866.082,4827.689,4848.18,13739826400.0,0.0012047879271743778,0.0012040627525955472,False
2021-11-09,4858.253,4870.791,4818.539,4846.744,11837552600.0,-0.0002961936231742346,-0.0002962374971691162,False
2021-11-10,4832.801,4832.801,4753.996,4821.193,13511817900.0,-0.0052717865849731815,-0.005285731483148481,False
2021-11-11,4814.766,4898.653,4809.111,4898.653,16048486300.0,0.016066562778134008,0.015938861555714112,False
2021-11-12,4902.929,4909.084,4875.349,4888.375,13266296900.0,-0.002098127791456239,-0.002100331945175782,False
2021-11-15,4894.412,4906.33,4863.396,4882.378,12182314900.0,-0.001226788043061422,-0.0012275411635211952,False
2021-11-16,4880.896,4915.372,4876.5,4883.321,12725440600.0,0.00019314358699795697,0.00019312493717649204,False
2021-11-17,4883.248,4891.523,4864.52,4885.754,10845922300.0,0.0004982265142923215,0.0004981024406713885,False
2021-11-18,4871.422,4871.422,4830.412,4837.619,11448056500.0,-0.009852112898029675,-0.009900966098637554,False
2021-11-19,4832.06,4892.809,4829.567,4890.058,12719831200.0,0.01083983670479216,0.010781506820594089,False
2021-11-22,4895.388,4918.996,4893.273,4912.399,13809283600.0,0.004568657467866499,0.004558252830451082,False
2021-11-23,4905.759,4927.521,4896.878,4913.346,15430441100.0,0.00019277750036161834,0.0001927589211678793,False
2021-11-24,4914.027,4935.489,4899.611,4916.658,13715067300.0,0.0006740823870332591,0.0006738552955471988,False
2021-11-25,4917.606,4921.333,4891.728,4896.442,11598403100.0,-0.004111736061365279,-0.004120212491292463,False
2021-11-26,4886.952,4886.952,4850.811,4860.127,12036897400.0,-0.007416609856708112,-0.0074442496547906245,False
2021-11-29,4820.005,4858.532,4818.706,4851.423,13362686200.0,-0.0017908997028268647,-0.001792505280938883,False
2021-11-30,4857.183,4871.253,4810.219,4832.026,12963059600.0,-0.0039982083607221774,-0.004006222564539641,False
2021-12-01,4831.889,4844.524,4823.925,4843.851,12308678900.0,0.0024472136532378563,0.0024442241022910594,False
2021-12-02,4839.914,4866.851,4830.323,4856.163,14808852100.0,0.0025417792578672493,0.002538554400397075,False
2021-12-03,4856.98,4901.018,4853.351,4901.018,14405962600.0,0.009236716312858606,0.009194318725091577,False
2021-12-06,4909.429,4943.903,4888.693,4892.621,17361568300.0,-0.0017133175189317784,-0.001714786926006795,False
2021-12-07,4930.826,4934.097,4895.218,4922.102,17905346000.0,0.006025604681008323,0.006007523322844932,False
2021-12-08,4934.406,4995.93,4915.79,4995.93,15749055900.0,0.014999282826727356,0.014887905918849142,False
2021-12-09,5000.687,5114.501,4999.41,5078.69,22056877600.0,0.016565484304223554,0.01642977336321394,False
2021-12-10,5046.268,5060.055,5035.809,5055.117,19369515400.0,-0.0046415512661728275,-0.004652356714244021,False
2021-12-13,5090.021,5143.841,5079.728,5083.801,21180159600.0,0.005674250467397668,0.005658212548393493,False
2021-12-14,5066.35,5075.214,5038.858,5049.695,15910779000.0,-0.006708759843274903,-0.006731364729819944,False
2021-12-15,5036.284,5060.368,5003.778,5005.899,15052975200.0,-0.008672999062319442,-0.008710828406755411,False
2021-12-16,5006.611,5034.732,4987.225,5034.732,14405386700.0,0.005759804582553318,0.00574328032875826,False
2021-12-17,5021.339,5022.107,4954.759,4954.76,14900539900.0,-0.015884062945157762,-0.01601156666016834,False
2021-12-20,4934.966,4971.673,4872.685,4880.418,16967569000.0,-0.0150041576181289,-0.015117858751066748,False
2021-12-21,4876.514,4917.799,4872.949,4913.485,14333989800.0,0.006775444234489836,0.0067525940674890705,False
2021-12-22,4924.577,4936.673,4903.165,4914.454,13325674000.0,0.00019721236556136112,0.00019719292176034742,False
2021-12-23,4924.291,4948.739,4906.747,4948.739,13955540600.0,0.006976359937441723,0.006952137728433172,False
2021-12-24,4953.062,4964.906,4905.979,4921.345,14267332300.0,-0.005535551581928089,-0.0055509295241034096,False
2021-12-27,4918.146,4939.689,4894.16,4919.324,12410095200.0,-0.0004106600939378646,-0.00041074443788602366,False
2021-12-28,4923.692,4959.145,4913.598,4955.964,13045775700.0,0.007448177839068926,0.007420577127783545,False
2021-12-29,4958.646,4958.646,4883.48,4883.48,11358700200.0,-0.01462561067836654,-0.014733619344351467,False
2021-12-30,4882.156,4940.178,4878.648,4921.511,12161717800.0,0.007787684192420263,0.007757516701914824,False
2021-12-31,4937.463,4950.364,4923.139,4940.373,12131373700.0,0.0038325628043907045,0.003825237246706692,False
2022-01-04,4957.984,4961.453,4874.534,4917.765,15153477600.0,-0.004576172689794711,-0.004586675421830222,False
2022-01-05,4907.935,4916.282,4851.984,4868.12,17881610000.0,-0.010095033007880727,-0.0101463333983709,False
2022-01-06,4842.156,4857.56,4786.433,4818.232,15766582600.0,-0.010247898572754988,-0.010300769808209154,False
2022-01-07,4824.318,4856.652,4818.193,4822.369,18713941300.0,0.0008586136989667814,0.0008582453010834712,False
2022-01-10,4812.23,4844.393,4780.819,4844.045,15621169600.0,0.004494886227080608,0.0044848143958624576,False
2022-01-11,4840.009,4850.879,4791.885,4797.774,14692800400.0,-0.009552140824455546,-0.009598055142243211,False
2022-01-12,4818.89,4852.731,4810.919,4845.579,14320020400.0,0.009963995803053516,0.009914682498024519,False
2022-01-13,4853.031,4853.063,4765.242,4765.919,14251965300.0,-0.016439727842637586,-0.016576359698424525,False
2022-01-14,4743.912,4764.052,4723.943,4726.732,14686312600.0,-0.008222338650740846,-0.008256328522904255,False
2022-01-17,4728.76,4775.239,4726.708,4767.276,11529569100.0,0.008577596529695253,0.008541017970495446,False
2022-01-18,4766.781,4826.3,4747.92,4813.347,15087080200.0,0.00966400938397527,0.009617611531970383,False
2022-01-19,4815.811,4828.752,4755.93,4780.378,13392736000.0,-0.006849495787442761,-0.006873061253065416,False
2022-01-20,4778.262,4845.005,4777.568,4823.509,16497131500.0,0.009022508261899098,0.008982048617113492,False
2022-01-21,4808.773,4818.305,4762.564,4779.314,13895258500.0,-0.009162416821446695,-0.009204649931966458,False
2022-01-24,4753.941,4801.098,4746.448,4786.738,11446388000.0,0.0015533610053659608,0.0015521557880902037,False
2022-01-25,4761.95,4781.391,4678.247,4678.451,13366758600.0,-0.022622295183066243,-0.02288210511125044,False
2022-01-26,4697.099,4718.995,4648.128,4712.311,10707084200.0,0.007237438203371083,0.007211373632422635,False
2022-01-27,4708.099,4708.436,4616.027,4619.877,12126380400.0,-0.019615428608171115,-0.019810364506447797,False
2022-01-28,4641.814,4660.519,4559.833,4563.772,12648011200.0,-0.012144262715219623,-0.012218606789428321,False
2022-02-07,4638.575,4672.654,4615.005,4634.09,14484972000.0,0.015407868754179654,0.015290372914346761,False
2022-02-08,4626.437,4626.437,4522.471,4608.773,15583070800.0,-0.005463208526377383,-0.005478186426580933,False
2022-02-09,4608.149,4659.461,4595.283,4652.061,14833554700.0,0.009392521610415594,0.009348686149220242,False
2022-02-10,4657.211,4657.211,4608.091,4639.863,15157666600.0,-0.002622063640180028,-0.002625507269975458,False
2022-02-11,4617.874,4662.596,4595.875,4601.395,15597458400.0,-0.0082907620332755,-0.008325321549865095,False
2022-02-14,4579.42,4593.632,4530.057,4551.688,14367389400.0,-0.010802593561300533,-0.010861365215891539,False
2022-02-15,4553.811,4601.453,4550.543,4600.103,11502560000.0,0.01063671323693538,0.010580541374274333,False
2022-02-16,4619.846,4643.1,4607.218,4617.989,10725895500.0,0.0038881738082821027,0.003880634397209093,False
2022-02-17,4616.896,4650.159,4606.952,4629.165,11001464300.0,0.002420101043982603,0.0024171773156460574,False
2022-02-18,4604.567,4651.342,4598.1,4651.236,10455022800.0,0.004767814497862899,0.004756484469030653,False
2022-02-21,4646.052,4646.672,4613.297,4634.314,11251651200.0,-0.0036381727351610937,-0.0036448069814962736,False
2022-02-22,4601.918,4602.066,4550.804,4574.153,12331723700.0,-0.012981640864214272,-0.013066638773539196,False
2022-02-23,4582.006,4625.298,4579.295,4623.047,12295291600.0,0.010689192075560072,0.010632466537355612,False
2022-02-24,4592.069,4610.879,4488.476,4529.319,18440305800.0,-0.02027407465249631,-0.020482414444662922,False
2022-02-25,4564.632,4611.86,4561.896,4573.425,14972258300.0,0.009737887748688001,0.009690780092276086,False
2022-02-28,4563.743,4581.646,4530.676,4581.646,13540697800.0,0.0017975587224015044,0.001795945047216918,False
2022-03-01,4597.855,4623.431,4583.917,4619.686,12313922000.0,0.008302692962310898,0.008268415208180002,False
2022-03-02,4594.017,4594.017,4558.442,4578.601,11329832500.0,-0.00889346159024662,-0.008933244467076662,False
2022-03-03,4595.025,4599.397,4544.431,4551.628,13828587700.0,-0.005891100796946436,-0.005908521784135701,False
2022-03-04,4513.364,4539.393,4481.493,4496.43,12726680600.0,-0.012127089472162345,-0.012201222577202131,False
2022-03-07,4462.517,4462.517,4338.304,4352.778,16219770600.0,-0.03194801208959108,-0.03246948662868476,False
2022-03-08,4361.642,4383.647,4252.539,4265.391,16786327700.0,-0.020076144476010582,-0.020280408781109927,False
2022-03-09,4280.979,4304.482,4068.193,4226.346,19423290000.0,-0.009153908750686668,-0.009196063222724149,False
2022-03-10,4326.204,4335.673,4288.508,4292.837,14526638300.0,0.015732502734040477,0.015610029780196655,False
2022-03-11,4231.196,4316.044,4176.452,4306.522,15239992100.0,0.0031878685354229663,0.003182798055680891,False
2022-03-14,4248.153,4280.361,4174.758,4174.758,13018723600.0,-0.03059638381041596,-0.03107422523989456,False
2022-03-15,4125.487,4163.418,3983.812,3983.812,20252469900.0,-0.04573822003574812,-0.04681724269707388,False
2022-03-16,4053.099,4168.585,3942.861,4156.081,19602198200.0,0.04324225139138105,0.04233341308727745,False
2022-03-17,4237.672,4302.743,4217.804,4237.696,17940734400.0,0.01963749022215877,0.019447162383031014,False
2022-03-18,4218.474,4283.368,4194.94,4265.902,14945830500.0,0.006655975322439334,0.006633922121647373,False
2022-03-21,4280.14,4287.817,4223.024,4258.746,12703636000.0,-0.0016774881373271544,-0.0016788966960010754,False
2022-03-22,4252.566,4283.334,4236.689,4255.295,12638247000.0,-0.0008103324311898863,-0.0008106609279874277,False
2022-03-23,4269.609,4287.577,4241.957,4276.517,11708907800.0,0.004987198302350393,0.004974803422300056,False
2022-03-24,4249.533,4273.957,4216.851,4251.306,10891827200.0,-0.005895218001004121,-0.005912663395369222,False
2022-03-25,4249.073,4254.845,4173.93,4174.574,10880804600.0,-0.018049041870898064,-0.01821391268014949,False
2022-03-28,4128.838,4174.121,4091.298,4148.466,11844902100.0,-0.006254051311582742,-0.006273689813435013,False
2022-03-29,4155.418,4177.213,4124.718,4134.144,10026697200.0,-0.0034523604628795557,-0.0034583336108653384,False
2022-03-30,4162.167,4254.099,4160.735,4254.099,13834602400.0,0.029015680150473733,0.028602694977282184,False
2022-03-31,4234.716,4247.36,4214.535,4222.597,13402918500.0,-0.00740509329942729,-0.007432647112793234,False
2022-04-01,4198.819,4290.671,4190.084,4276.158,13380305300.0,0.012684374094899642,0.012604601292258266,False
2022-04-06,4258.833,4277.524,4236.728,4263.841,15906219500.0,-0.002880389358859037,-0.0028845456633899147,False
2022-04-07,4240.024,4278.113,4205.743,4209.1,13488035300.0,-0.012838424322107689,-0.012921549119013775,False
2022-04-08,4213.211,4237.813,4175.529,4230.767,14284379300.0,0.005147656268560841,0.005134452379369492,False
2022-04-11,4203.79,4203.79,4089.093,4100.07,14819707100.0,-0.030892034470345497,-0.031379253762819914,False
2022-04-12,4102.971,4179.973,4075.796,4179.973,14428568400.0,0.019488203859934217,0.019300740450411524,False
2022-04-13,4154.412,4194.037,4139.737,4139.737,12509748900.0,-0.009625899497436863,-0.009672527936382735,False
2022-04-14,4172.644,4217.061,4155.551,4191.568,12479131600.0,0.012520360592955582,0.012442629023979634,False
2022-04-15,4162.372,4211.317,4152.974,4188.747,12476226300.0,-0.000673017830081668,-0.0006732444082491185,False
2022-04-18,4152.931,4171.743,4119.994,4166.384,11750461000.0,-0.005338828055263423,-0.005353130526099648,False
2022-04-19,4161.933,4186.939,4115.418,4134.902,11021747100.0,-0.007556192612106827,-0.007584885265025321,False
2022-04-20,4130.543,4136.166,4060.504,4070.789,11733165800.0,-0.015505325156436545,-0.01562678991345834,False
2022-04-21,4048.734,4086.439,3978.367,3995.83,13278382800.0,-0.01841387504977543,-0.01858552082162035,False
2022-04-22,3967.202,4037.084,3953.722,4013.25,12210181100.0,0.00435954482548051,0.004350069538583412,False
2022-04-25,3933.446,3958.21,3814.913,3814.913,16836450200.0,-0.049420544446520887,-0.050683527119216976,False
2022-04-26,3822.489,3871.85,3773.899,3784.12,15757761100.0,-0.008071743706868362,-0.008104496597795219,False
2022-04-27,3758.084,3895.731,3757.086,3895.536,17273404600.0,0.02944304091836414,0.029017919018119898,False
2022-04-28,3883.42,3943.435,3873.578,3921.107,15305658600.0,0.0065641801282287915,0.00654272971626213,False
2022-04-29,3939.624,4017.428,3898.57,4016.241,17945837700.0,0.02426202600439109,0.023972378654304904,False
2022-05-05,3995.353,4039.7,3988.931,4010.21,15417071600.0,-0.0015016529137569234,-0.0015027815244899045,False
2022-05-06,3928.855,3947.238,3902.051,3908.815,12300555100.0,-0.025284212048745536,-0.025609350015713517,False
2022-05-09,3883.951,3914.112,3854.935,3877.436,9293669400.0,-0.00802775265649558,-0.00806014855685433,False
2022-05-10,3820.628,3932.682,3808.57,3919.868,13641691800.0,0.010943314086937717,0.010883869314014305,False
2022-05-11,3917.932,4033.303,3916.525,3976.423,16563225600.0,0.014427781751834567,0.01432469169945172,False
2022-05-12,3949.949,3985.927,3935.589,3958.74,11337606600.0,-0.004446961502838076,-0.0044568786478382805,False
2022-05-13,3983.82,4003.854,3957.139,3988.6,10996835700.0,0.007542804023502381,0.007514499319352552,False
2022-05-16,4014.996,4018.028,3947.746,3956.538,11242529400.0,-0.008038409466980867,-0.008070891667619762,False
2022-05-17,3961.761,4005.893,3955.102,4005.893,10966145400.0,0.012474289391382065,0.012397126482447618,False
2022-05-18,4015.013,4017.341,3964.75,3991.907,10807423300.0,-0.0034913563592436914,-0.003497465367150454,False
2022-05-19,3938.296,3999.598,3933.745,3999.598,11629342000.0,0.0019266480907496053,0.0019247944847649023,False
2022-05-20,4020.816,4077.602,4020.816,4077.6,14706917300.0,0.01950245999722977,0.01931472397426859,False
2022-05-23,4080.969,4080.969,4029.085,4053.982,13047781000.0,-0.0057921326270354845,-0.005808972082945729,False
2022-05-24,4052.868,4055.783,3959.154,3959.154,14555433600.0,-0.023391322408436888,-0.023669241881496106,False
2022-05-25,3959.767,3983.624,3946.808,3983.178,10773401500.0,0.006067963004217525,0.006049627053899442,False
2022-05-26,3987.682,4015.747,3938.239,3993.045,12626368900.0,0.0024771677288839555,0.0024741046064420402,False
2022-05-27,4022.71,4051.143,3983.384,4001.299,11276933700.0,0.0020670941599705284,0.0020649606604283832,False
2022-05-30,4020.858,4040.819,4003.377,4029.018,11115224100.0,0.006927500294279465,0.006903615409035169,False
2022-05-31,4031.762,4096.197,4020.378,4091.518,13541551300.0,0.015512464823934868,0.015393376531099179,False
2022-06-01,4086.618,4094.901,4058.847,4083.177,11485087900.0,-0.002038607675684201,-0.0020406884647332646,False
2022-06-02,4064.0,4091.152,4057.914,4089.568,11389363800.0,0.001565202782049413,0.0015639791288517557,False
2022-06-06,4090.529,4166.615,4063.906,4166.085,16787101100.0,0.018710289204140862,0.01853740489088196,False
2022-06-07,4165.69,4198.086,4155.168,4179.129,14299288100.0,0.0031309970871933324,0.0031261057230516087,False
2022-06-08,4187.148,4224.81,4158.033,4219.812,15737405700.0,0.009734803591848973,0.009687725674307757,False
2022-06-09,4211.723,4227.448,4160.881,4175.675,16844915400.0,-0.01045947070627784,-0.010514555411253568,False
2022-06-10,4145.651,4241.354,4140.22,4238.994,18479621400.0,0.015163775916468447,0.015049955060067788,False
2022-06-13,4194.457,4218.233,4156.715,4189.353,16847562200.0,-0.011710561515302809,-0.011779670205013915,False
2022-06-14,4143.223,4224.086,4102.929,4222.311,17138590400.0,0.00786708591994989,0.00783630174858807,False
2022-06-15,4228.293,4348.423,4228.293,4278.218,25704659000.0,0.013240853172587386,0.013153959268745297,False
2022-06-16,4282.083,4302.921,4241.075,4250.061,18407441600.0,-0.00658147855018143,-0.0066032319791524685,False
2022-06-17,4219.234,4318.766,4218.682,4309.044,15864909800.0,0.013878153748852151,0.01378273399295793,False
2022-06-20,4322.832,4368.356,4297.891,4330.433,16566638200.0,0.004963746018838533,0.004951467247273911,False
2022-06-21,4327.916,4357.34,4287.141,4325.566,16466761500.0,-0.0011239060851421234,-0.001124538141210607,False
2022-06-22,4331.902,4333.183,4269.246,4270.623,15856585400.0,-0.01270192155200045,-0.01278328063625267,False
2022-06-23,4277.956,4343.878,4260.9,4343.878,17088236000.0,0.0171532350198087,0.017007779285433955,False
2022-06-24,4354.553,4400.685,4346.122,4394.772,16897219900.0,0.011716259066207657,0.011648155135667082,False
2022-06-27,4414.332,4472.695,4414.332,4444.264,17738567600.0,0.011261562602109976,0.011198623295145538,False
2022-06-28,4442.581,4497.895,4407.352,4490.517,17475648900.0,0.010407347538309963,0.010353563938146237,False
2022-06-29,4472.735,4503.131,4413.996,4421.357,18727668800.0,-0.015401344655860294,-0.015521177346416337,False
2022-06-30,4418.066,4514.997,4418.066,4485.011,15666628900.0,0.014396937410844801,0.014294285582352018,False
2022-07-01,4489.52,4500.985,4449.291,4466.718,14477959900.0,-0.004078696796953385,-0.004087037367565216,False
2022-07-04,4447.216,4496.034,4427.823,4496.03,14634565100.0,0.006562312642078627,0.0065408744069621605,False
2022-07-05,4505.457,4530.325,4439.451,4489.538,15496241500.0,-0.001443940543101374,-0.001444984029857821,False
2022-07-06,4475.482,4484.362,4393.417,4423.97,14980023500.0,-0.014604620787261213,-0.014712318133584645,False
2022-07-07,4425.281,4457.343,4391.194,4443.474,13266090600.0,0.00440870982398156,0.004399019932334269,False
2022-07-08,4468.063,4479.494,4426.886,4428.781,12319573900.0,-0.003306647006373842,-0.0033121260450847956,False
2022-07-11,4406.148,4406.148,4330.582,4354.617,13444857800.0,-0.016745917217401263,-0.01688771534464273,False
2022-07-12,4352.646,4370.341,4296.622,4313.618,13018783800.0,-0.009415064516580807,-0.009459666410402079,False
2022-07-13,4313.359,4341.466,4284.942,4321.462,13111317900.0,0.001818427130079625,0.0018167757930527273,False
2022-07-14,4308.823,4352.098,4292.76,4322.074,14525092600.0,0.00014161873921358925,0.0001416087122265708,False
2022-07-15,4299.471,4344.857,4248.527,4248.527,15021445300.0,-0.0170165989753992,-0.01716304501558774,False
2022-07-18,4262.154,4300.778,4217.506,4292.586,12260119200.0,0.010370417794214326,0.0103170139080202,False
2022-07-19,4288.444,4288.444,4238.824,4269.34,10380573000.0,-0.005415383640537397,-0.005430099984334191,False
2022-07-20,4291.281,4303.367,4269.972,4283.803,9449014400.0,0.0033876430548982484,0.003381917918332533,False
2022-07-21,4270.362,4283.147,4236.05,4236.058,11715634400.0,-0.011145470508331035,-0.011208046659625381,False
2022-07-22,4251.787,4275.47,4207.314,4238.234,10384062400.0,0.0005136851289573308,0.0005135532379174634,False
2022-07-25,4233.928,4234.845,4201.919,4212.644,8363666400.0,-0.0060378921975521305,-0.006056193975274127,False
2022-07-26,4220.091,4259.985,4214.534,4245.976,8582327400.0,0.007912370473270425,0.007881231815897394,False
2022-07-27,4236.154,4242.095,4217.281,4225.036,7890494000.0,-0.004931728299924387,-0.004943929403484759,False
2022-07-28,4242.274,4267.918,4223.029,4225.673,10753193000.0,0.0001507679461192346,0.00015075658177465812,False
2022-07-29,4226.425,4243.514,4160.874,4170.102,11417928600.0,-0.013150804617394707,-0.013238042121457738,False
2022-08-01,4160.648,4196.574,4129.453,4188.678,10774902900.0,0.0044545672983538065,0.004444675079602334,False
2022-08-02,4144.377,4144.377,4071.431,4107.024,14222442500.0,-0.019493978768480025,-0.019686492383948817,False
2022-08-03,4114.825,4150.98,4058.179,4066.975,11666612400.0,-0.009751343064954177,-0.009799198769799844,False
2022-08-04,4089.442,4108.159,4064.659,4101.537,8953264400.0,0.008498208127662554,0.008462301640756564,False
2022-08-05,4109.629,4159.485,4097.863,4156.911,10257100400.0,0.013500792507784132,0.013410468861051683,False
2022-08-08,4142.111,4155.73,4135.081,4148.075,9020813800.0,-0.00212561683423107,-0.002127879164159907,False
2022-08-09,4143.666,4161.809,4131.425,4156.291,8413695900.0,0.0019806777842734657,0.0019787188283117985,False
2022-08-10,4149.207,4160.787,4092.546,4109.737,8556583900.0,-0.0112008519134007,-0.011264053841987476,False
2022-08-11,4130.741,4193.812,4116.056,4193.543,12138505100.0,0.020392059151230324,0.020186925161187474,False
2022-08-12,4185.42,4202.466,4175.05,4191.152,10680829500.0,-0.000570162270900676,-0.0005703248752180201,False
2022-08-15,4180.001,4219.918,4174.3,4185.679,10589849500.0,-0.0013058462208004329,-0.0013066995809634108,False
2022-08-16,4190.527,4208.801,4170.52,4177.837,9390613900.0,-0.001873531152293273,-0.0018752884069730413,False
2022-08-17,4182.567,4222.787,4155.173,4216.959,11286465900.0,0.00936417576846571,0.009320603674508376,False
2022-08-18,4205.785,4211.914,4173.541,4180.1,10105265000.0,-0.008740658849184846,-0.008779082470100619,False
2022-08-19,4174.546,4185.658,4151.074,4151.074,11740297800.0,-0.006943853017870594,-0.006968073753846227,False
2022-08-22,4135.162,4183.65,4134.201,4181.397,11244272000.0,0.007304856526286985,0.007278305285449704,False
2022-08-23,4175.531,4187.388,4147.413,4161.082,10315351200.0,-0.0048584241104108195,-0.004870264619205145,False
2022-08-24,4168.576,4174.157,4079.093,4082.42,11906967900.0,-0.018904217701069204,-0.019085186773281748,False
2022-08-25,4093.295,4119.62,4058.745,4116.24,11132074500.0,0.008284301958152218,0.008250175475200905,False
2022-08-26,4127.814,4139.788,4102.682,4107.546,9900049300.0,-0.002112121742172346,-0.00211435541704752,False
2022-08-29,4063.883,4092.947,4059.596,4089.521,9435443200.0,-0.004388264915353379,-0.0043979216109519825,False
2022-08-30,4088.526,4093.136,4048.524,4075.794,9330166200.0,-0.0033566278300075636,-0.003362273943343652,False
2022-08-31,4057.144,4112.849,4046.623,4078.84,13244976500.0,0.0007473390460852603,0.0007470599273169398,False
2022-09-01,4066.187,4090.885,4041.128,4043.74,9738707100.0,-0.008605387806337239,-0.008642627953841853,False
2022-09-02,4054.842,4056.181,4004.911,4023.613,8678927800.0,-0.004977322973287124,-0.004989751101634354,False
2022-09-05,4010.405,4016.999,3982.74,4015.426,9376710900.0,-0.0020347384303609495,-0.0020368113229398688,False
2022-09-06,4024.473,4054.004,4009.583,4052.28,11350626500.0,0.009178104639457896,0.009136241789853727,False
2022-09-07,4032.723,4067.544,4028.374,4054.983,10767805900.0,0.0006670318931565333,0.0006668095262618579,False
2022-09-08,4059.169,4067.758,4036.023,4037.684,10088604900.0,-0.00426610913042047,-0.004275234937685113,False
2022-09-09,4050.585,4099.008,4042.25,4093.787,11842711400.0,0.013894846649712855,0.013799198262734791,False
2022-09-13,4112.012,4128.111,4097.141,4111.115,11178973700.0,0.004232755636773389,0.004223822724982895,False
2022-09-14,4058.044,4089.058,4047.919,4065.359,9079368100.0,-0.011129827309622753,-0.011192227270109711,False
2022-09-15,4078.65,4088.808,3998.856,4027.119,12395119600.0,-0.009406303354759005,-0.009450822016788152,False
2022-09-16,4013.583,4019.41,3932.683,3932.683,13719365500.0,-0.023450014762414595,-0.023729341816142835,False
2022-09-19,3928.424,3953.649,3910.311,3928.0,9771957500.0,-0.001190790104363848,-0.0011914996582440551,False
2022-09-20,3945.647,3957.554,3921.688,3932.836,8482413400.0,0.001231160896130401,0.0012304036390275996,False
2022-09-21,3921.318,3924.391,3884.227,3903.735,8645839100.0,-0.00739949491918801,-0.007427006982650752,False
2022-09-22,3875.177,3900.274,3860.231,3869.344,8094691900.0,-0.00880976808108136,-0.008848803519114767,False
2022-09-23,3865.105,3888.396,3829.691,3856.021,9434246200.0,-0.003443219315728885,-0.003449160837920573,False
2022-09-26,3829.596,3893.319,3827.95,3836.677,10452603100.0,-0.005016570189840808,-0.005029195419339771,False
2022-09-27,3844.069,3893.028,3827.927,3892.295,8886016000.0,0.014496398836805868,0.014392330584781732,False
2022-09-28,3879.44,3879.44,3828.055,3828.71,8659221300.0,-0.016336120463633974,-0.016471026120640886,False
2022-09-29,3864.316,3873.182,3808.65,3827.143,8565414200.0,-0.00040927623141995273,-0.0004093600077972326,False
2022-09-30,3833.35,3848.602,3801.28,3804.885,7855996600.0,-0.00581582658395563,-0.005832804361926236,False
2022-10-10,3806.56,3807.457,3715.714,3720.937,10264759500.0,-0.022063216102457872,-0.02231024917802671,False
2022-10-11,3732.019,3739.808,3706.063,3727.687,8394462500.0,0.0018140592006798961,0.0018124157824921383,False
2022-10-12,3722.866,3784.306,3661.526,3784.306,10808931900.0,0.01518877523783524,0.01507458065659506,False
2022-10-13,3756.418,3783.596,3749.639,3752.673,9901891500.0,-0.008358996339091096,-0.008394128666642686,False
2022-10-14,3783.316,3863.227,3780.842,3842.47,11624229300.0,0.02392881021074844,0.023647002922034588,False
2022-10-17,3822.243,3849.621,3809.12,3846.412,10419201900.0,0.0010259026095194024,0.0010253767310732798,False
2022-10-18,3865.826,3870.216,3831.172,3838.267,8834690700.0,-0.0021175578695158404,-0.002119803065296466,False
2022-10-19,3827.466,3840.487,3776.534,3776.534,8157484400.0,-0.01608356062775196,-0.016214304872880447,False
2022-10-20,3746.579,3804.247,3726.793,3754.927,9029089500.0,-0.005721383681439152,-0.005737813494533839,False
2022-10-21,3753.89,3768.69,3724.69,3742.893,9875003800.0,-0.003204855913310767,-0.0032100024629322377,False
2022-10-24,3727.915,3762.158,3619.988,3633.373,13005686400.0,-0.029260788379470104,-0.029697423879934348,False
2022-10-25,3621.936,3670.733,3594.701,3627.454,11095388200.0,-0.0016290647836045835,-0.0016303931525012416,False
2022-10-26,3633.311,3700.88,3633.311,3656.903,12130154800.0,0.00811836621498152,0.008085589555767214,False
2022-10-27,3667.665,3685.084,3631.064,3631.145,11799867500.0,-0.007043665090378348,-0.007068588804484577,False
2022-10-28,3605.16,3618.864,3533.499,3541.33,11877216200.0,-0.024734622274792173,-0.02504566273690223,False
2022-10-31,3504.507,3553.387,3495.951,3508.703,13846565500.0,-0.009213205208212671,-0.00925590927994513,False
2022-11-01,3519.817,3634.173,3517.621,3634.173,14928669800.0,0.03575965249837321,0.03513512126419549,False
2022-11-02,3620.369,3703.465,3610.803,3677.805,14159291900.0,0.012006032734269922,0.011934532047376933,False
2022-11-03,3645.06,3670.157,3628.499,3647.897,11056603500.0,-0.008132024400423599,-0.008165269667735231,False
2022-11-04,3646.771,3782.882,3646.771,3767.175,14973494900.0,0.03269774338475018,0.03217454653233176,False
2022-11-07,3754.523,3792.794,3746.372,3775.297,12982637100.0,0.002155992222288461,0.0021536714062335705,False
2022-11-08,3773.661,3779.116,3723.342,3749.325,9901645100.0,-0.006879458755165491,-0.006903231322548109,False
2022-11-09,3750.782,3760.407,3711.268,3714.27,8943452500.0,-0.009349682942929705,-0.009393665592385858,False
2022-11-10,3685.827,3701.531,3665.059,3685.689,10350930200.0,-0.007694917170803395,-0.0077246758043791885,False
2022-11-11,3787.757,3828.9,3747.09,3788.439,18968558600.0,0.027878098233464543,0.02749657851667564,False
2022-11-14,3818.145,3848.412,3781.778,3794.017,16966504800.0,0.0014723742417390717,0.0014712913615912981,False
2022-11-15,3788.926,3871.642,3775.499,3865.973,15151565000.0,0.018965650391129074,0.018788044537123127,False
2022-11-16,3860.811,3877.678,3829.313,3834.39,12061096400.0,-0.008169482818426332,-0.008203035909071232,False
2022-11-17,3821.271,3821.742,3776.574,3818.664,10594063200.0,-0.0041013042491764296,-0.004109737664014901,False
2022-11-18,3823.821,3840.302,3801.569,3801.569,11507877700.0,-0.004476696561939053,-0.004486746974306399,False
2022-11-21,3769.627,3769.873,3733.995,3769.127,9586696600.0,-0.008533844841432603,-0.008570466593736725,False
2022-11-22,3766.082,3809.858,3751.045,3769.573,14448633400.0,0.00011832978830383922,0.00011832278788759254,False
2022-11-23,3760.216,3791.178,3753.214,3773.529,14452791100.0,0.0010494557341109712,0.0010489054404132503,False
2022-11-24,3791.54,3804.899,3751.382,3756.808,10107344700.0,-0.004431130647200576,-0.004440977204961172,False
2022-11-25,3751.282,3790.566,3743.414,3775.776,14292971100.0,0.005048967101858759,0.005036263808523955,False
2022-11-28,3701.902,3736.081,3672.131,3733.242,12782574800.0,-0.011264969108336853,-0.011328899441764406,False
2022-11-29,3766.57,3854.774,3766.57,3848.422,17870139200.0,0.03085254049965136,0.03038616910213321,False
2022-11-30,3836.56,3867.659,3833.827,3853.037,15751140000.0,0.0011991928120147488,0.0011984743546360477,False
2022-12-01,3921.295,3944.565,3893.872,3894.769,16996458500.0,0.010830936738993158,0.01077270225566096,False
2022-12-02,3886.403,3898.115,3865.884,3870.948,11678635000.0,-0.006116152203121672,-0.006134932476504318,False
2022-12-05,3907.638,3947.476,3900.674,3946.876,20174722100.0,0.01961483336898362,0.019424941637796067,False
2022-12-06,3929.006,3988.901,3922.997,3968.198,15510832300.0,0.0054022472456696224,0.005387707449559187,False
2022-12-07,3956.672,3999.586,3944.183,3958.441,14300135600.0,-0.0024587986788965344,-0.0024618264885685193,False
2022-12-08,3953.199,3971.493,3941.297,3959.18,11519998600.0,0.00018668965888335443,0.0001866722345376104,False
2022-12-09,3961.992,4003.318,3944.44,3998.244,15377495400.0,0.009866689567031628,0.009818331613960396,False
2022-12-12,3976.172,3983.433,3950.32,3953.443,12593536800.0,-0.011205169069221421,-0.011268419910924976,False
2022-12-13,3953.548,3964.396,3939.98,3945.681,10099410000.0,-0.0019633519441155656,-0.0019652818460080823,False
2022-12-14,3952.789,3972.738,3935.767,3954.886,9852800600.0,0.0023329306145123407,0.002330213556870575,False
2022-12-15,3954.672,3963.5,3926.5,3951.989,8886472500.0,-0.0007325116324465863,-0.0007327800501801818,False
2022-12-16,3931.232,3960.471,3929.487,3954.227,9317856700.0,0.0005662971227904379,0.0005661368370848407,False
2022-12-19,3952.771,3966.568,3878.437,3893.221,10691907500.0,-0.015428046998819167,-0.015548297742025596,False
2022-12-20,3881.226,3881.273,3811.476,3829.017,8309682200.0,-0.016491229241802685,-0.016628723289180414,False
2022-12-21,3839.001,3853.727,3821.404,3830.538,6483921500.0,0.00039722988955137595,0.00039715101464565805,False
2022-12-22,3859.204,3882.126,3821.342,3836.028,8370517300.0,0.0014332190412937873,0.0014321929631631036,False
2022-12-23,3811.616,3848.344,3805.949,3828.219,6527814800.0,-0.0020356994265943174,-0.0020377742790014253,False
2022-12-26,3830.568,3856.807,3827.519,3843.489,7300571200.0,0.003988800013792204,0.003980865842567738,False
2022-12-27,3860.905,3891.85,3856.58,3887.854,7751535000.0,0.011542897612039527,0.01147678662459839,False
2022-12-28,3874.913,3884.721,3854.941,3871.264,8442465600.0,-0.004267135545727663,-0.00427626575108242,False
2022-12-29,3854.236,3868.293,3838.48,3856.701,7939481500.0,-0.0037618204286765655,-0.0037689138702354796,False
2022-12-30,3873.936,3887.553,3868.757,3871.634,7877327200.0,0.0038719620732849958,0.0038644853217206787,False
2023-01-03,3864.836,3893.99,3831.245,3887.899,11505187500.0,0.0042010685927440505,0.004192268741327609,False
2023-01-04,3886.25,3905.903,3873.655,3892.948,11066074300.0,0.0012986448464840095,0.0012978023365999292,False
2023-01-05,3913.493,3974.875,3912.26,3968.578,11650239500.0,0.019427436482583493,0.019241132905923664,False
2023-01-06,3969.549,4000.414,3966.47,3980.889,11095303800.0,0.003102118693395939,0.003097317050816173,False
2023-01-09,3998.528,4023.09,3990.707,4013.12,11705442500.0,0.00809643273148275,0.008063832465687426,False
2023-01-10,4014.713,4030.457,4002.23,4017.474,10175114100.0,0.0010849413922335849,0.0010843532686699575,False
2023-01-11,4019.884,4043.399,4008.015,4010.031,9999788900.0,-0.0018526566693400914,-0.0018543749603043835,False
2023-01-12,4021.755,4030.288,4003.508,4017.869,9055262700.0,0.001954598355972781,0.0019526906141145162,False
2023-01-13,4032.291,4074.377,4027.886,4074.377,9587189600.0,0.014064171828399585,0.013966188993352446,False
2023-01-16,4077.879,4177.104,4076.639,4137.964,15139545500.0,0.015606557763309548,0.015486027861124185,False
2023-01-17,4138.843,4148.584,4118.157,4137.242,9547904000.0,-0.00017448194329383604,-0.00017449716703765716,False
2023-01-18,4140.102,4151.458,4125.769,4130.314,8420064500.0,-0.0016745455064025583,-0.0016759491248965475,False
2023-01-19,4125.577,4156.008,4105.98,4156.008,9460839800.0,0.006220834541877274,0.006201565024372968,False
2023-01-20,4166.844,4189.831,4161.67,4181.527,12355380900.0,0.006140267294961976,0.006121492668688333,False
2023-01-30,4267.625,4268.152,4197.86,4201.345,16460706400.0,0.004739416964185672,0.004728221287654932,False
2023-01-31,4200.581,4212.735,4153.048,4156.858,12455083500.0,-0.010588751935392104,-0.010645211681683975,False
2023-02-01,4170.132,4195.933,4137.766,4195.933,14100895400.0,0.009400128654863726,0.00935622238078615,False
2023-02-02,4207.412,4207.412,4170.557,4181.149,13382373600.0,-0.003523411837128898,-0.003529633671638166,False
2023-02-03,4162.026,4162.026,4103.165,4141.632,11704122100.0,-0.009451229793532967,-0.009496176088525488,False
2023-02-06,4103.831,4105.945,4065.222,4086.878,11019271700.0,-0.013220392347750742,-0.01330855966789457,False
2023-02-07,4098.312,4107.344,4077.962,4094.234,9136007200.0,0.0017999069216159125,0.0017982890302299381,False
2023-02-08,4099.857,4111.475,4072.647,4076.141,8478609900.0,-0.004419141651405334,-0.0044289349204174044,False
2023-02-09,4067.563,4130.857,4064.749,4130.857,10228996100.0,0.01342348068921062,0.013334183999663907,False
2023-02-10,4124.099,4125.289,4092.347,4106.31,9671673300.0,-0.005942350461417445,-0.005960076483628285,False
2023-02-13,4098.88,4146.45,4092.273,4143.574,12889257700.0,0.009074814127525421,0.009033885429001742,False
2023-02-14,4151.247,4152.049,4125.258,4145.29,10249989000.0,0.00041413523687539033,0.0004140495065456662,False
2023-02-15,4146.855,4153.716,4115.967,4123.689,12166450800.0,-0.005210974382974354,-0.005224598861801155,False
2023-02-16,4125.409,4167.9,4068.859,4093.488,15931058500.0,-0.007323782176590021,-0.007350732736586707,False
2023-02-17,4086.224,4104.64,4032.929,4034.507,11614258900.0,-0.0144084946627423,-0.014513305013098332,False
2023-02-20,4039.962,4134.862,4035.476,4133.49,16179448100.0,0.02453410044895188,0.02423797311013942,False
2023-02-21,4130.063,4151.799,4116.272,4144.354,14577617300.0,0.002628287476200697,0.002624839568744264,False
2023-02-22,4118.967,4134.876,4101.86,4106.951,10429029500.0,-0.009025049501080296,-0.009066021965644211,False
2023-02-23,4106.214,4132.39,4088.207,4103.646,10356490600.0,-0.0008047332437129961,-0.0008050572153273095,False
2023-02-24,4100.99,4102.609,4048.237,4061.046,10098942500.0,-0.010381012397268186,-0.010435270938847552,False
2023-02-27,4040.457,4067.03,4034.524,4043.844,9378763000.0,-0.00423585450644981,-0.004244851152794382,False
2023-02-28,4058.13,4074.264,4026.448,4069.459,11032359100.0,0.006334319523700671,0.006314342039914322,False
2023-03-01,4068.733,4135.481,4061.217,4126.942,15601579400.0,0.014125464834514823,0.014026630093164627,False
2023-03-02,4119.992,4137.253,4113.826,4117.738,14821763700.0,-0.002230222765427725,-0.002232713416045584,False
2023-03-03,4126.018,4135.212,4100.383,4130.551,16033174100.0,0.003111659848198167,0.003106828654120264,False
2023-03-06,4131.153,4132.837,4088.448,4109.01,16297180700.0,-0.005215042738850095,-0.005228688537190607,False
2023-03-07,4103.642,4124.961,4046.568,4048.852,19591206800.0,-0.01464050951445739,-0.01474873943361743,False
2023-03-08,4030.739,4037.287,4011.523,4034.108,11793649300.0,-0.0036415260424436102,-0.0036481725389023723,False
2023-03-09,4035.843,4043.849,4000.89,4019.851,11653962900.0,-0.0035341146047651595,-0.0035403743405524324,False
2023-03-10,3991.796,4004.361,3966.428,3967.135,12385540900.0,-0.013113918898984056,-0.013200665560521685,False
2023-03-13,3962.643,4008.686,3962.643,4008.686,14356137000.0,0.010473805403647729,0.010419335114510986,False
2023-03-14,3999.88,4001.942,3946.941,3984.696,15054417400.0,-0.0059845046481565856,-0.006002483561914573,False
2023-03-15,4011.844,4018.75,3986.902,3986.902,14202600700.0,0.0005536181430152443,0.0005534649530272162,False
2023-03-16,3958.196,3981.321,3936.476,3939.151,15251564400.0,-0.011976968583627179,-0.01204927035579395,False
2023-03-17,3971.159,4004.215,3945.25,3958.819,17743381800.0,0.004992954065482724,0.004980530606344402,False
2023-03-20,3962.663,3979.549,3935.016,3939.077,20526497000.0,-0.004986840772462586,-0.004999316556688171,False
2023-03-21,3948.157,3982.705,3948.157,3982.378,14509067900.0,0.010992676710813276,0.01093269640261596,False
2023-03-22,3993.785,4016.45,3986.709,3999.443,14922897000.0,0.0042851281319855605,0.00427597311472816,False
2023-03-23,3985.993,4039.09,3983.999,4039.09,15888742100.0,0.009913130403408577,0.009864317652564125,False
2023-03-24,4035.156,4037.842,4017.003,4027.046,15944233000.0,-0.0029818597753454856,-0.0029863143767414613,False
2023-03-27,4023.303,4023.303,3987.03,4012.477,16848227900.0,-0.003617788324245641,-0.0036243483470528304,False
2023-03-28,4015.697,4023.783,3994.6,3999.515,13189511700.0,-0.0032304235014929406,-0.003235652583963855,False
2023-03-29,4013.593,4017.757,3992.666,4006.144,13374351000.0,0.0016574509659295078,0.0016560789099457907,False
2023-03-30,4009.557,4040.502,3983.896,4038.526,14990103700.0,0.008083084382388694,0.00805059123495333,False
2023-03-31,4045.454,4063.568,4039.959,4050.926,13884254600.0,0.0030704271806099026,0.003065723045748925,False
2023-04-03,4059.623,4094.938,4059.061,4090.568,18212431300.0,0.00978591067820056,0.009738338758888077,False
2023-04-04,4089.293,4103.158,4080.068,4103.105,19714663100.0,0.0030648555408441247,0.0030601684455060507,False
2023-04-06,4084.132,4098.833,4078.405,4096.64,15070337400.0,-0.001575636012239312,-0.0015768786321093131,False
2023-04-07,4096.901,4131.313,4092.185,4123.28,12867673800.0,0.006502890173410325,0.006481837602189344,False
2023-04-10,4132.01,4132.295,4099.052,4104.812,15245300200.0,-0.004478958499058994,-0.004489019085548662,False
2023-04-11,4108.506,4116.125,4083.495,4100.148,15390133300.0,-0.0011362274325839028,-0.0011368734283525583,False
2023-04-12,4102.397,4108.245,4090.278,4097.288,16596527800.0,-0.0006975357962689666,-0.0006977791875506512,False
2023-04-13,4081.387,4088.881,4059.574,4068.979,15644429500.0,-0.006909204332231411,-0.006933183399162601,False
2023-04-14,4078.97,4098.215,4075.205,4091.999,15069568200.0,0.0056574388808592335,0.005641495677050301,False
2023-04-17,4090.072,4149.384,4089.509,4149.384,18877309500.0,0.014023708216937436,0.01392628578021693,False
2023-04-18,4139.309,4169.668,4138.462,4162.032,17018413000.0,0.003048163293635886,0.0030435270628395017,False
2023-04-19,4159.394,4159.394,4118.626,4124.559,16255459200.0,-0.009003534811841907,-0.009044311572578678,False
2023-04-20,4122.946,4125.823,4094.002,4113.019,16270667700.0,-0.00279787487583516,-0.0028017962437836275,False
2023-04-21,4114.264,4114.264,4031.912,4032.567,18080243500.0,-0.01956032782732109,-0.019754162854468404,False
2023-04-24,4031.303,4033.637,3967.907,3982.643,17009921700.0,-0.012380203478330354,-0.01245747663134189,False
2023-04-25,3985.106,3991.687,3925.436,3962.666,17255540900.0,-0.0050160157463272625,-0.0050286381805548785,False
2023-04-26,3950.255,3975.656,3934.663,3959.232,16270200600.0,-0.0008665883019159937,-0.0008669640066276685,False
2023-04-27,3948.031,3999.13,3942.815,3988.419,15382819500.0,0.007371884244216975,0.007344844712443788,False
2023-04-28,3993.256,4030.447,3993.256,4029.086,17950848800.0,0.010196270752897307,0.010144639452144943,False
2023-05-04,4013.471,4035.783,4001.126,4030.247,22758284600.0,0.0002881546832209647,0.0002881131746335086,False
2023-05-05,4031.095,4047.602,3998.392,4016.877,20662692400.0,-0.0033174145405976407,-0.0033229293602197174,False
2023-05-08,4028.106,4070.772,4018.961,4062.662,25558308500.0,0.011398158320506058,0.011333688741093084,False
2023-05-09,4065.439,4092.85,4026.389,4027.875,27930604800.0,-0.008562612395517921,-0.008599482179686646,False
2023-05-10,4017.936,4019.059,3984.629,3996.87,20755270900.0,-0.007697607299134157,-0.007727386797220959,False
2023-05-11,4005.782,4018.058,3988.482,3990.664,14480461900.0,-0.0015527149994870593,-0.0015539217107036762,False
2023-05-12,3987.769,3999.383,3937.527,3937.762,14442172800.0,-0.013256440532202207,-0.013345091475633453,False
2023-05-15,3938.83,3998.887,3923.032,3998.887,17625736200.0,0.015522776643179581,0.015403530780551122,False
2023-05-16,4002.524,4005.015,3966.992,3978.205,13683327100.0,-0.00517193909205238,-0.005185359863311589,False
2023-05-17,3971.702,3982.604,3945.714,3960.165,11844818500.0,-0.004534708492900719,-0.00454502147283975,False
2023-05-18,3965.516,3982.718,3939.553,3956.07,13653394700.0,-0.0010340478237648165,-0.0010345828200559737,False
2023-05-19,3946.222,3967.282,3928.316,3944.54,12021247900.0,-0.0029145085905962764,-0.00291876404113367,False
2023-05-22,3941.002,3985.403,3935.802,3969.328,10911660500.0,0.006284129454892096,0.006264466646150879,False
2023-05-23,3968.235,3971.939,3913.188,3913.188,11868507700.0,-0.014143451989858224,-0.014244423797556749,False
2023-05-24,3903.782,3903.782,3859.094,3859.094,13725826500.0,-0.013823511673857758,-0.013919946151478513,False
2023-05-25,3851.405,3861.382,3817.837,3850.5,12415077000.0,-0.002226947568522597,-0.0022294309037835802,False
2023-05-26,3848.417,3859.629,3815.57,3850.951,10032643900.0,0.00011712764576032875,0.00011712078685377492,False
2023-05-29,3862.084,3866.724,3819.182,3833.942,13185996700.0,-0.004416831063288051,-0.00442661407885403,False
2023-05-30,3827.792,3844.005,3789.274,3837.753,13761962900.0,0.0009940160805772535,0.000993522373732958,False
2023-05-31,3827.163,3827.163,3781.403,3798.543,12638736800.0,-0.01021691599224861,-0.010269466923837456,False
2023-06-01,3788.59,3832.205,3786.734,3806.868,13456188100.0,0.0021916297906854343,0.0021892316733325146,False
2023-06-02,3821.62,3865.284,3821.62,3861.834,12501511000.0,0.014438640898502442,0.014335396343726714,False
2023-06-05,3860.556,3860.556,3832.458,3844.249,11616398900.0,-0.004553535962446897,-0.004563934887254817,False
2023-06-06,3840.459,3867.845,3802.845,3808.163,12578125800.0,-0.00938700901008227,-0.009431344649991402,False
2023-06-07,3815.482,3823.112,3780.102,3789.342,9886243200.0,-0.004942277943459805,-0.004954531389055106,False
2023-06-08,3791.083,3834.389,3777.775,3820.187,11870093400.0,0.008139935640541163,0.008106985054091354,False
2023-06-09,3822.409,3836.703,3811.219,3836.703,13431986300.0,0.004323348569062135,0.004314029746993242,False
2023-06-12,3827.325,3859.716,3813.858,3844.432,12675854300.0,0.0020144900452288006,0.0020124636810958663,False
2023-06-13,3838.129,3867.303,3833.46,3864.907,11092494600.0,0.005325884291879968,0.005311751926157626,False
2023-06-14,3872.716,3891.666,3862.061,3864.025,12495575900.0,-0.0002282073022714659,-0.00022823334552057872,False
2023-06-15,3871.775,3925.499,3871.775,3925.499,12836993800.0,0.015909317356901154,0.015784090602885215,False
2023-06-16,3932.211,3968.013,3928.542,3963.351,13976007600.0,0.009642595756615968,0.009596402640456247,False
2023-06-19,3957.033,3957.033,3922.474,3930.908,13490584800.0,-0.00818574988690135,-0.008219437100194682,False
2023-06-20,3926.094,3937.495,3918.473,3924.238,12252031800.0,-0.0016968089815381227,-0.001698250192434969,False
2023-06-21,3909.104,3920.128,3864.032,3864.032,11834657500.0,-0.015342086794939425,-0.015460994369870917,False
2023-06-26,3833.444,3841.286,3801.054,3809.696,13399041900.0,-0.014061995345794331,-0.01416180196051009,False
2023-06-27,3811.687,3851.896,3806.324,3845.433,11699268100.0,0.009380538499659918,0.009336814472318267,False
2023-06-28,3836.609,3846.852,3808.161,3840.799,10702154100.0,-0.0012050658534422665,-0.0012057925291522054,False
2023-06-29,3836.731,3840.713,3817.376,3821.844,9828927400.0,-0.004935171041233866,-0.004947389213592501,False
2023-06-30,3816.335,3860.031,3813.552,3842.452,10126842900.0,0.005392161480165081,0.005377675826773398,False
2023-07-03,3853.292,3897.327,3853.292,3892.882,13315805100.0,0.01312443200331459,0.013039052869338263,False
2023-07-04,3888.033,3899.976,3878.398,3899.013,10949452700.0,0.0015749257234101144,0.0015736868285021188,False
2023-07-05,3895.195,3899.519,3864.13,3868.805,9763638400.0,-0.007747601764856893,-0.0077777703552488475,False
2023-07-06,3857.03,3876.89,3836.457,3842.755,10012184200.0,-0.006733345309468897,-0.0067561165543299495,False
2023-07-07,3831.596,3844.844,3819.077,3825.699,10090692000.0,-0.004438482286796885,-0.004448361592890748,False
2023-07-10,3841.559,3865.457,3831.92,3844.327,9203344100.0,0.004869175541515558,0.004857359447191456,False
2023-07-11,3853.796,3870.655,3844.524,3869.486,8651071600.0,0.006544448482139975,0.006523126555446623,False
2023-07-12,3864.601,3874.04,3838.563,3843.437,11152202400.0,-0.006731901859833522,-0.006754663320617027,False
2023-07-13,3855.662,3901.102,3855.662,3898.423,12030023200.0,0.014306465801312784,0.014205094023399312,False
2023-07-14,3904.603,3908.487,3893.786,3899.103,12236484600.0,0.00017442950649537714,0.00017441429543829656,False
2023-07-17,3881.623,3881.623,3852.263,3867.175,9834014400.0,-0.008188550033174313,-0.008222260360927436,False
2023-07-18,3871.044,3871.044,3844.513,3854.939,9143861500.0,-0.003164066792943232,-0.0031690830362265388,False
2023-07-19,3848.483,3860.009,3830.407,3850.866,7958570000.0,-0.0010565666538432383,-0.0010571252138618092,False
2023-07-20,3857.773,3875.624,3818.713,3823.695,9204207600.0,-0.00705581549708556,-0.007080825476551311,False
2023-07-21,3816.984,3849.511,3808.803,3821.91,7950756300.0,-0.00046682593669222783,-0.00046693493384353246,False
2023-07-24,3803.349,3828.785,3798.805,3805.221,7548354500.0,-0.004366664835121714,-0.004376226561401353,False
2023-07-25,3866.645,3915.815,3866.645,3915.115,16306632000.0,0.02887979436673982,0.02847063211440748,False
2023-07-26,3908.174,3912.983,3893.399,3907.013,10788171700.0,-0.0020694155854936724,-0.0020715597845963885,False
2023-07-27,3914.23,3935.358,3894.692,3902.346,11066710900.0,-0.001194518677055778,-0.0011952326831430327,False
2023-07-28,3889.793,4000.919,3886.554,3992.738,17973548100.0,0.023163502159982752,0.022899300356991503,False
2023-07-31,4018.89,4064.362,4002.078,4014.63,19960683000.0,0.005482954303538179,0.005467977628931919,False
2023-08-01,4009.183,4031.701,3983.027,3998.001,14228685900.0,-0.004142100268268778,-0.004150702528084693,False
2023-08-02,3985.695,4008.334,3958.513,3969.895,12585569000.0,-0.007030013249121336,-0.00705484021662528,False
2023-08-03,3962.13,4005.0,3962.13,4004.984,12900664000.0,0.00883877281389056,0.008799939519485989,False
2023-08-04,4033.724,4058.243,4011.62,4020.579,17826718900.0,0.003893898202839363,0.0038863366042729552,False
2023-08-07,4002.968,4002.968,3977.017,3990.153,12131066200.0,-0.007567566760906974,-0.007596346079123961,False
2023-08-08,3980.042,4002.29,3963.463,3979.732,10987169900.0,-0.0026116793015205086,-0.002615095685536417,False
2023-08-09,3967.357,3982.109,3961.843,3967.565,9464026900.0,-0.0030572410403514327,-0.003061923948695977,False
2023-08-10,3962.857,3976.464,3945.387,3975.717,9717684900.0,0.0020546607301958897,0.0020525528017287797,False
2023-08-11,3977.983,3977.983,3884.254,3884.254,12608293100.0,-0.02300541009332413,-0.023274164409469833,False
2023-08-14,3840.887,3859.472,3814.071,3855.906,11596633600.0,-0.007298183898375332,-0.0073249459314759235,False
2023-08-15,3858.366,3865.284,3811.684,3846.536,10309711100.0,-0.002430038491602171,-0.002432995827069462,False
2023-08-16,3830.827,3852.42,3817.632,3818.334,9461694600.0,-0.007331791513195296,-0.007358801197151266,False
2023-08-17,3801.197,3836.151,3782.497,3831.101,9841549300.0,0.003343604828702773,0.0033380274110736963,False
2023-08-18,3832.455,3844.195,3784.004,3784.004,9554963800.0,-0.012293332908738352,-0.01236952097312738,False
2023-08-21,3773.225,3782.111,3729.555,3729.555,9870836900.0,-0.014389255402478485,-0.01449378468202589,False
2023-08-22,3748.068,3770.056,3704.679,3758.227,12031832700.0,0.007687780445656323,0.007658380047960378,False
2023-08-23,3751.774,3756.166,3695.031,3696.634,9708163800.0,-0.01638884505911964,-0.016524627772239953,False
2023-08-24,3711.54,3748.857,3701.572,3723.429,11961452100.0,0.007248486055151826,0.007222342040437368,False
2023-08-25,3703.514,3734.219,3695.844,3709.152,10518261000.0,-0.0038343688035947787,-0.003841738841314779,False
2023-08-28,3911.549,3911.549,3740.528,3752.619,19799037900.0,0.011718851101276018,0.011650717150187617,False
2023-08-29,3743.053,3810.377,3742.076,3790.107,15248614600.0,0.009989823107541707,0.00994025467125681,False
2023-08-30,3803.119,3813.703,3780.241,3788.51,12967166100.0,-0.00042136013574278763,-0.0004214489328688842,False
2023-08-31,3786.926,3793.997,3762.005,3765.268,11896164600.0,-0.006134865685982094,-0.006153761295465188,False
2023-09-01,3778.913,3808.531,3778.913,3791.491,10531904500.0,0.006964444496381228,0.006940304767869776,False
2023-09-04,3812.987,3854.261,3804.589,3848.952,14238520100.0,0.015155251588359286,0.015041558026895885,False
2023-09-05,3839.578,3839.578,3814.334,3820.317,10405233300.0,-0.007439687478565604,-0.007467499983548009,False
2023-09-06,3808.1,3817.524,3790.895,3812.028,9344239300.0,-0.0021697152356728866,-0.0021720724780873724,False
2023-09-07,3802.227,3802.227,3756.853,3758.475,9510390300.0,-0.01404842776600801,-0.014148040967048914,False
2023-09-08,3747.651,3753.263,3724.987,3739.993,7163816600.0,-0.0049174199642142424,-0.004929550256600024,False
2023-09-11,3740.585,3788.322,3734.723,3767.537,10535801600.0,0.0073647196665875825,0.0073377325394528015,False
2023-09-12,3764.333,3775.093,3755.416,3760.605,7938537800.0,-0.0018399288447598083,-0.0018416235929663571,False
2023-09-13,3759.609,3768.816,3719.111,3736.651,8157690100.0,-0.0063697197658355575,-0.006390092991354734,False
2023-09-14,3736.936,3748.818,3717.311,3733.508,10038607500.0,-0.0008411275230145732,-0.0008414814692585537,False
2023-09-15,3740.785,3749.025,3699.381,3708.777,10939568900.0,-0.006624065088383313,-0.0066461015755230335,False
2023-09-18,3698.934,3737.531,3691.111,3727.711,8672774100.0,0.005105186965945752,0.005092199681888232,False
2023-09-19,3723.424,3724.072,3702.693,3720.502,8319903800.0,-0.0019338945535208873,-0.0019357669419832746,False
2023-09-20,3715.958,3718.521,3705.127,3705.69,7544820900.0,-0.0039811831844197565,-0.00398912919087735,False
2023-09-21,3698.313,3708.456,3672.445,3672.445,8303100500.0,-0.008971338671070694,-0.009011823446829936,False
2023-09-22,3672.64,3740.418,3664.766,3738.933,11023116600.0,0.01810455976876435,0.01794262382520273,False
2023-09-25,3738.062,3738.062,3711.205,3714.604,9259647900.0,-0.006506936604640967,-0.006528199002200807,False
2023-09-26,3711.711,3723.848,3692.617,3692.893,7804452500.0,-0.00584476837907888,-0.005861915885896352,False
2023-09-27,3694.961,3731.141,3694.394,3700.495,9162921000.0,0.0020585486771482753,0.0020564327691214856,False
2023-09-28,3711.212,3716.057,3685.3,3689.517,8522171900.0,-0.002966630140021853,-0.0029710393096245014,False
2023-10-09,3678.929,3694.171,3641.997,3684.727,10214805800.0,-0.0012982729175661234,-0.0012991164039792835,False
2023-10-10,3696.254,3701.256,3655.589,3657.126,9916373000.0,-0.007490649917890724,-0.007518845727524592,False
2023-10-11,3674.751,3689.535,3658.355,3667.548,10209158700.0,0.0028497787606989178,0.0028457258393324025,False
2023-10-12,3697.934,3711.499,3682.842,3702.382,11436322500.0,0.009497898868672028,0.009453077410165989,False
2023-10-13,3677.959,3678.191,3652.309,3663.41,9828798700.0,-0.010526196378439656,-0.010581988649180474,False
2023-10-16,3664.039,3664.039,3615.769,3626.597,9185311800.0,-0.01004883428281289,-0.01009966462854095,False
2023-10-17,3635.299,3645.565,3619.128,3639.402,9074518800.0,0.0035308582674060673,0.003524639421629061,False
2023-10-18,3631.067,3632.058,3608.977,3610.577,9454587900.0,-0.007920257229072192,-0.007951789070244075,False
2023-10-19,3588.515,3588.515,3532.306,3533.545,11173752000.0,-0.021335094086069928,-0.021565977051725582,False
2023-10-20,3518.346,3535.662,3501.725,3510.589,9851860500.0,-0.00649659194944463,-0.006517786648332802,False
2023-10-23,3500.199,3505.347,3450.646,3474.244,9656165200.0,-0.010352963562524686,-0.01040692827605838,False
2023-10-24,3481.764,3495.004,3453.102,3487.13,11554728900.0,0.0037090083482909098,0.003702146937612838,False
2023-10-25,3524.297,3531.831,3500.915,3504.458,12800961700.0,0.004969129341320766,0.004956823965947876,False
2023-10-26,3484.781,3515.572,3478.05,3514.145,10514356600.0,0.0027641934929738543,0.002760380135761409,False
2023-10-27,3501.171,3576.586,3494.549,3562.385,12022510800.0,0.013727378921473132,0.013634011941032753,False
2023-10-30,3554.106,3592.719,3554.024,3583.772,14401042600.0,0.006003562220254111,0.005985612645686089,False
2023-10-31,3581.676,3581.676,3554.582,3572.506,11258726700.0,-0.0031436151630181985,-0.0031485667010411333,False
2023-11-01,3605.758,3606.413,3564.642,3571.027,9764553800.0,-0.00041399510595641065,-0.0004140808255890249,False
2023-11-02,3580.067,3597.17,3553.741,3554.189,9035964300.0,-0.004715170173734351,-0.004726321656519872,False
2023-11-03,3558.53,3596.101,3558.53,3584.136,9754210100.0,0.008425832165931624,0.008390532986791044,False
2023-11-06,3608.319,3635.79,3600.63,3632.608,15298246300.0,0.013524040382396185,0.013433406788831093,False
2023-11-07,3623.785,3628.462,3606.298,3619.759,11028859100.0,-0.0035371281459491977,-0.003543398574281653,False
2023-11-08,3610.643,3627.048,3591.825,3611.072,11059423000.0,-0.0023998835281575648,-0.0024027678642699613,False
2023-11-09,3603.108,3624.414,3601.374,3612.826,11187205700.0,0.00048572833773463664,0.00048561040991224047,False
2023-11-10,3596.069,3599.452,3576.101,3586.489,10210703400.0,-0.007289861177925516,-0.007316562058869991,False
2023-11-13,3593.911,3599.39,3562.768,3579.414,9670764900.0,-0.0019726813605172033,-0.001974629659063254,False
2023-11-14,3581.103,3600.148,3568.882,3582.058,10088415800.0,0.0007386683965586727,0.0007383957153308529,False
2023-11-15,3616.877,3620.601,3596.916,3607.245,10492921800.0,0.007031432768537016,0.007006827517926695,False
2023-11-16,3600.981,3605.29,3572.364,3572.364,8746478000.0,-0.009669706382571697,-0.00971676157899104,False
2023-11-17,3561.311,3573.682,3547.029,3568.069,8731920700.0,-0.0012022850974873212,-0.0012030084220349124,False
2023-11-20,3569.731,3586.973,3545.104,3576.323,9108044500.0,0.0023132960713483364,0.002310624521255633,False
2023-11-21,3587.878,3615.057,3575.682,3581.067,10859431400.0,0.0013265021084505335,0.0013256230817955128,False
2023-11-22,3569.439,3574.378,3544.416,3544.416,8478438100.0,-0.010234659111376554,-0.01028739335484019,False
2023-11-23,3541.442,3562.068,3529.939,3561.52,8480016700.0,0.004825618663272024,0.004814012687894831,False
2023-11-24,3560.646,3560.646,3533.996,3538.009,8501840300.0,-0.006601394910038416,-0.006623280487483285,False
2023-11-27,3534.445,3534.445,3492.862,3511.942,9910231400.0,-0.00736770313472912,-0.007394978714300393,False
2023-11-28,3510.655,3521.046,3501.109,3518.523,8933578900.0,0.0018738919947995925,0.0018721384494906346,False
2023-11-29,3518.884,3519.198,3482.244,3488.307,9884141200.0,-0.008587694325147277,-0.008624781051016939,False
2023-11-30,3485.517,3505.127,3481.452,3496.203,10135082000.0,0.002263562238071337,0.0022610042404647146,False
2023-12-01,3494.223,3494.223,3452.173,3482.881,10853094100.0,-0.003810419475070548,-0.003817697617758853,False
2023-12-04,3481.045,3488.133,3459.611,3460.138,9715682600.0,-0.006529938863831353,-0.00655135218396552,False
2023-12-05,3450.09,3450.09,3393.814,3394.257,10047200700.0,-0.019039992046559928,-0.01922358685994574,False
2023-12-06,3387.88,3420.277,3382.946,3399.598,10580551900.0,0.0015735402475416382,0.0015723035302652733,False
2023-12-07,3394.306,3404.407,3369.768,3391.282,9771324800.0,-0.0024461715767569725,-0.00244916834251363,False
2023-12-08,3391.859,3409.385,3383.448,3399.462,12952205400.0,0.0024120671769554125,0.0024091628123326103,False
2023-12-11,3378.052,3426.611,3346.89,3419.455,13962624900.0,0.0058812247349726565,0.00586399784326197,False
2023-12-12,3409.998,3427.546,3406.101,3426.803,10559001300.0,0.0021488804502471925,0.002146574908950427,False
2023-12-13,3418.641,3418.641,3369.605,3369.605,9528536700.0,-0.01669135926401366,-0.016832229747615557,False
2023-12-14,3387.385,3399.139,3350.765,3351.964,8365513500.0,-0.005235331737696303,-0.005249084106708324,False
2023-12-15,3365.939,3388.505,3339.519,3341.552,9778778300.0,-0.0031062386111544438,-0.00311107298404778,False
2023-12-18,3329.191,3352.346,3314.91,3329.366,9052682600.0,-0.003646808429137116,-0.003653474245902899,False
2023-12-19,3325.66,3345.78,3313.187,3334.041,8380811800.0,0.0014041712446153376,0.0014031863180701265,False
2023-12-20,3334.332,3338.543,3297.365,3297.502,9241286800.0,-0.010959373325043154,-0.011019869664242066,False
2023-12-21,3285.605,3339.355,3283.988,3330.87,10254619800.0,0.01011917506039417,0.010068319001595327,False
2023-12-22,3329.467,3359.06,3315.898,3337.228,10522013300.0,0.0019088106110416447,0.0019069911470399603,False
2023-12-25,3330.333,3348.882,3330.333,3347.451,7454269300.0,0.0030633208159587255,0.0030586384087882834,False
2023-12-26,3345.395,3345.417,3315.937,3324.79,7473293500.0,-0.006769628592024235,-0.006792646468126051,False
2023-12-27,3326.927,3341.266,3309.673,3336.357,9440392800.0,0.0034790167198530675,0.0034729789408221023,False
2023-12-28,3335.557,3423.402,3331.208,3414.54,14806485100.0,0.023433643342124277,0.02316329093696723,False
2023-12-29,3411.109,3432.541,3409.58,3431.11,11492893200.0,0.004852776655127844,0.004841039889781129,False
2024-01-02,3426.268,3426.268,3386.352,3386.352,11618072600.0,-0.01304475811034922,-0.01313058820642432,False
2024-01-03,3379.75,3392.85,3362.662,3378.297,10561385100.0,-0.002378665891791476,-0.0023814994117259403,False
2024-01-04,3375.021,3375.021,3323.865,3347.052,10672101300.0,-0.009248742783716124,-0.00929177795828906,False
2024-01-05,3341.306,3372.544,3313.554,3329.111,12640057400.0,-0.0053602393987306485,-0.005374657026306906,False
2024-01-08,3322.605,3333.516,3283.342,3286.056,11742948500.0,-0.012932882081732933,-0.01301723991714887,False
2024-01-09,3286.708,3304.601,3273.843,3292.499,10933046500.0,0.001960709129728677,0.00195878944846406,False
2024-01-10,3281.669,3312.916,3268.247,3277.129,9419936600.0,-0.004668186687376341,-0.004679116699675134,False
2024-01-11,3275.309,3311.114,3266.791,3295.672,10878973500.0,0.005658306401731483,0.005642358317215823,False
2024-01-12,3284.358,3310.47,3279.699,3284.167,9685355500.0,-0.0034909420597680763,-0.003497049616226988,False
2024-01-15,3270.103,3306.922,3261.269,3280.92,8885153000.0,-0.0009886829750130888,-0.0009891720444095142,False
2024-01-16,3272.571,3300.876,3260.436,3300.876,11327666500.0,0.006082440291137914,0.0060640169194847715,False
2024-01-17,3291.139,3291.139,3229.082,3229.082,10876972800.0,-0.021749983943656237,-0.02199000147828123,False
2024-01-18,3214.284,3279.254,3171.633,3274.729,17490916800.0,0.014136215803748575,0.01403723125901557,False
2024-01-19,3261.239,3286.942,3251.814,3269.776,11850140800.0,-0.0015124915680045925,-0.0015136365380268302,False
2024-01-22,3262.469,3281.421,3193.178,3218.902,14870562800.0,-0.015558863971109838,-0.015681173417876337,False
2024-01-23,3208.432,3249.531,3188.126,3231.933,12201200000.0,0.004048274846516042,0.004040102630058939,False
2024-01-24,3245.959,3281.489,3190.467,3277.109,15437195400.0,0.013978012539245022,0.013881221047547854,False
2024-01-25,3274.339,3344.243,3269.794,3342.919,19683361400.0,0.020081724471172624,0.019882746117142247,False
2024-01-26,3326.647,3351.969,3315.127,3333.821,18066400500.0,-0.0027215735708822075,-0.0027252837855105128,False
2024-01-29,3335.394,3351.372,3303.96,3303.96,18416479500.0,-0.008956989592422637,-0.008997344577217348,False
2024-01-30,3283.898,3300.204,3244.972,3245.039,14364935000.0,-0.017833448346832204,-0.01799438047410007,False
2024-01-31,3231.543,3252.148,3201.926,3215.352,15314346900.0,-0.009148426259283915,-0.00919053009675963,False
2024-02-01,3202.256,3251.758,3191.897,3217.711,14551679200.0,0.0007336677290696869,0.0007333987264654951,False
2024-02-02,3219.873,3235.408,3108.352,3179.628,17375808900.0,-0.011835432081998554,-0.011906028386338363,False
2024-02-05,3164.25,3233.849,3111.518,3200.422,20304297000.0,0.006539758739072532,0.006518467293753716,False
2024-02-06,3185.25,3314.512,3182.822,3311.692,20271309900.0,0.03476729006362289,0.034176560918673715,False
2024-02-07,3314.031,3343.63,3289.67,3343.63,21664793300.0,0.00964401278862903,0.009597806138115672,False
2024-02-08,3351.405,3367.21,3336.978,3364.93,18997757800.0,0.006370322075109902,0.0063501173351756535,False
2024-02-19,3393.192,3403.808,3364.142,3403.808,18331980000.0,0.011553880764235913,0.011487644387129237,False
2024-02-20,3395.192,3415.894,3380.103,3410.854,14073458100.0,0.002070034502533513,0.0020678949332584295,False
2024-02-21,3390.362,3500.134,3383.691,3456.871,18887936200.0,0.013491342637357073,0.013401144828399936,False
2024-02-22,3450.352,3486.683,3448.414,3486.675,14102078400.0,0.008621669712291835,0.008584715371481977,False
2024-02-23,3491.337,3507.559,3472.968,3489.742,14482127300.0,0.0008796346089039453,0.0008792479571049228,False
2024-02-26,3485.543,3492.606,3445.389,3453.359,15124833100.0,-0.01042569909179536,-0.010480427412238313,False
2024-02-27,3440.052,3494.787,3437.442,3494.787,13952824600.0,0.0119964359338256,0.011925049054552161,False
2024-02-28,3499.826,3521.657,3450.26,3450.26,18983754800.0,-0.01274097677483621,-0.012822839100079975,False
2024-02-29,3437.898,3516.083,3437.898,3516.083,15594453200.0,0.019077692695622872,0.018897995392668676,False
2024-03-01,3515.059,3544.36,3503.459,3537.804,16270957000.0,0.006177612985813985,0.006158609757614286,False
2024-03-04,3538.366,3548.69,3519.76,3540.869,16324461300.0,0.0008663566438389392,0.0008659815735363452,False
2024-03-05,3524.964,3570.694,3519.082,3565.514,16642238900.0,0.006960155826154502,0.006936045750201458,False
2024-03-06,3556.532,3577.388,3545.101,3551.048,14307661300.0,-0.004057199046196502,-0.00406545180787532,False
2024-03-07,3548.101,3569.919,3522.896,3529.72,14811051000.0,-0.006006114251342121,-0.006024223502773651,False
2024-03-08,3529.551,3548.506,3511.577,3544.91,12579266400.0,0.004303457498045171,0.0042942241056902475,False
2024-03-11,3545.943,3589.264,3542.279,3589.264,14820282500.0,0.012512024282703926,0.012434395762809913,False
2024-03-12,3592.583,3605.698,3574.212,3597.494,18068556000.0,0.002292949195155325,0.002290324398732224,False
2024-03-13,3594.421,3594.421,3563.369,3572.361,14459059000.0,-0.006986252096598422,-0.0070107702156807505,False
2024-03-14,3571.789,3597.46,3545.612,3562.223,14096272200.0,-0.0028378990813078264,-0.002841933551660958,False
2024-03-15,3554.907,3572.809,3533.68,3569.993,13831604400.0,0.002181222231174118,0.0021788468195378385,False
2024-03-18,3577.056,3604.052,3573.404,3603.528,16037943800.0,0.009393575841745383,0.00934973057025168,False
2024-03-19,3593.34,3610.739,3577.188,3577.63,14557178600.0,-0.007186845780024376,-0.007212795562294261,False
2024-03-20,3568.716,3589.546,3568.434,3585.384,12952896600.0,0.0021673566019961843,0.0021650112728401893,False
2024-03-21,3593.07,3601.115,3575.033,3581.09,13074337700.0,-0.0011976401969774342,-0.0011983579411207756,False
2024-03-22,3571.274,3575.717,3522.84,3545.002,13922735800.0,-0.01007737867520786,-0.010128499186162543,False
2024-03-25,3536.714,3564.96,3525.763,3525.763,13701572400.0,-0.00542707733310166,-0.005441857416650819,False
2024-03-26,3526.682,3547.646,3518.602,3543.747,12620953500.0,0.0051007398965841055,0.005087775190544264,False
2024-03-27,3538.724,3542.962,3502.787,3502.787,12862676300.0,-0.011558387209922194,-0.011625704590334962,False
2024-03-28,3498.482,3551.214,3489.386,3520.965,14333471700.0,0.005189581895787665,0.005176162423271791,False
2024-03-29,3516.883,3538.238,3516.883,3537.484,12864329000.0,0.004691611532633644,0.00468064022527237,False
2024-04-01,3551.582,3600.919,3551.582,3595.647,16277656100.0,0.016441911822074662,0.01630820717261905,False
2024-04-02,3593.221,3596.19,3568.754,3580.676,14127297200.0,-0.004163645652646153,-0.004172337760836697,False
2024-04-03,3578.684,3582.432,3558.874,3567.803,13559233100.0,-0.003595131198689816,-0.00360160921372632,False
2024-04-08,3553.555,3567.82,3535.769,3536.408,15530428300.0,-0.00879953293385316,-0.008838477454496285,False
2024-04-09,3533.385,3543.714,3518.86,3533.487,12967094200.0,-0.0008259793553232475,-0.0008263206642258325,False
2024-04-10,3528.968,3531.23,3490.053,3504.709,12879027400.0,-0.008144362778184866,-0.008177709281483203,False
2024-04-11,3485.029,3520.589,3484.925,3504.245,12653439500.0,-0.00013239330283909556,-0.00013240206760656292,False
2024-04-12,3505.75,3516.699,3470.061,3475.839,12892111600.0,-0.008106168375784262,-0.008139201997165557,False
2024-04-15,3473.505,3552.413,3473.505,3549.076,18394125000.0,0.021070308492424417,0.020851399194018683,False
2024-04-16,3533.364,3545.503,3503.616,3511.115,17615306500.0,-0.010696023415672218,-0.010753637067056232,False
2024-04-17,3509.132,3565.939,3498.032,3565.403,16846639800.0,0.015461755026537238,0.0153434401046173,False
2024-04-18,3550.556,3602.79,3547.6,3569.802,17857410500.0,0.0012338016207424918,0.0012330411130019314,False
2024-04-19,3550.609,3560.949,3529.324,3541.662,14728150500.0,-0.007882790137940465,-0.007914023574144835,False
2024-04-22,3536.184,3558.164,3528.019,3530.905,15057904200.0,-0.003037274590291128,-0.0030418964697442874,False
2024-04-23,3525.668,3533.758,3499.984,3506.225,14311350400.0,-0.00698970943709909,-0.007014251886026557,False
2024-04-24,3514.011,3524.537,3495.649,3521.622,12173985100.0,0.004391332558520977,0.004381718792254574,False
2024-04-25,3510.64,3543.97,3505.2,3530.281,11518772200.0,0.0024588101732667678,0.0024557922455290537,False
2024-04-26,3531.965,3588.4,3531.965,3584.269,19721613300.0,0.01529283362995737,0.015177076923253097,False
2024-04-29,3584.543,3645.823,3578.76,3623.912,22272138100.0,0.011060274772903389,0.01099955722549062,False
2024-04-30,3619.259,3630.709,3604.394,3604.394,19129689900.0,-0.005385892372662515,-0.005400448579957029,False
2024-05-06,3654.049,3668.257,3645.738,3657.877,20801800700.0,0.014838277946306766,0.014729267726442785,False
2024-05-07,3657.001,3665.684,3648.376,3659.008,16483428600.0,0.00030919574386989446,0.0003091479527164154,False
2024-05-08,3650.748,3650.936,3628.698,3630.223,13003533600.0,-0.007866886325473943,-0.00789799352765641,False
2024-05-09,3630.414,3669.759,3630.414,3664.561,14655901700.0,0.009458923046876233,0.009414467548502614,False
2024-05-10,3669.087,3674.609,3641.764,3666.277,15072053600.0,0.00046826891406626103,0.00046815931039212444,False
2024-05-13,3646.349,3673.621,3634.605,3664.691,15726745500.0,-0.00043259142721630006,-0.00043268502188098523,False
2024-05-14,3668.225,3675.776,3646.709,3657.045,13340649000.0,-0.0020863969158654294,-0.0020885764740530277,False
2024-05-15,3651.054,3656.528,3624.002,3626.056,12352276400.0,-0.008473781427354554,-0.00850988803086139,False
2024-05-16,3636.601,3657.483,3626.334,3640.359,15463050300.0,0.003944506096982492,0.003936746930168766,False
2024-05-17,3638.561,3677.97,3627.447,3677.97,16457041700.0,0.010331673332218072,0.010278666382998125,False
2024-05-20,3682.062,3703.029,3677.443,3690.962,18460942300.0,0.003532383352773394,0.0035261591399287084,False
2024-05-21,3682.287,3684.611,3665.152,3676.161,13067828300.0,-0.004010065668516805,-0.00401812754149411,False
2024-05-22,3675.647,3691.88,3667.089,3684.451,15191460500.0,0.002255069894925743,0.0022525310409555743,False
2024-05-23,3672.84,3674.365,3633.505,3641.792,14257299000.0,-0.011578115708419046,-0.011645663984118926,False
2024-05-24,3630.827,3650.873,3599.668,3601.475,12479117700.0,-0.011070648735567512,-0.01113238442622766,False
2024-05-27,3606.645,3638.151,3603.713,3635.708,13127264400.0,0.009505272145440502,0.009460381288510789,False
2024-05-28,3633.254,3638.97,3605.921,3609.172,12353223800.0,-0.007298715958487301,-0.007325481903352582,False
2024-05-29,3609.071,3633.197,3602.82,3613.522,11590632100.0,0.0012052625920848659,0.001204536846211468,False
2024-05-30,3607.052,3624.035,3586.754,3594.312,12260299500.0,-0.0053161430869937965,-0.005330324056693314,False
2024-05-31,3599.82,3614.644,3579.925,3579.925,11246201900.0,-0.0040027131757064405,-0.004010745473243205,False
2024-06-03,3577.38,3600.604,3567.871,3588.748,14105459100.0,0.002464576771859628,0.00246154468338311,False
2024-06-04,3583.81,3622.501,3580.277,3615.671,12454509600.0,0.007502059213965406,0.0074740587214403575,False
2024-06-05,3610.36,3623.323,3594.106,3594.794,11090676600.0,-0.005774031984657868,-0.005790766154181171,False
2024-06-06,3602.155,3625.011,3584.171,3592.245,13789351700.0,-0.0007090809654183294,-0.0007093324822307068,False
2024-06-07,3594.634,3603.07,3552.085,3574.114,13110302600.0,-0.005047261531437863,-0.0050600419782291794,False
2024-06-11,3555.819,3565.311,3525.895,3542.877,13452230600.0,-0.008739788378322566,-0.008778204324046968,False
2024-06-12,3539.095,3551.171,3531.566,3544.123,12281372900.0,0.00035169157721259836,0.00035162974822711135,False
2024-06-13,3548.216,3551.077,3520.18,3526.131,12324546200.0,-0.00507657324534172,-0.005089502820485592,False
2024-06-14,3514.8,3547.147,3503.523,3541.533,17151694200.0,0.004367960237438684,0.004358448387318248,False
2024-06-17,3521.437,3540.793,3520.738,3536.199,13743343800.0,-0.0015061274312564432,-0.001507262781307972,False
2024-06-18,3533.488,3551.709,3532.785,3545.59,12367183800.0,0.0026556763349574464,0.00265215625730697,False
2024-06-19,3543.36,3543.36,3524.845,3528.749,10664279700.0,-0.0047498441726201435,-0.004761160530630804,False
2024-06-20,3525.169,3533.987,3500.131,3503.282,11161739600.0,-0.007217005233299267,-0.007243173797357727,False
2024-06-21,3496.343,3505.512,3473.828,3495.62,10918661500.0,-0.0021870919897399865,-0.0021894871683798556,False
2024-06-24,3473.639,3505.775,3471.216,3476.81,11799018400.0,-0.005381019676051757,-0.005395549509415787,False
2024-06-25,3475.165,3483.219,3440.646,3457.902,11844811800.0,-0.005438318458586999,-0.005453159945359332,False
2024-06-26,3451.539,3487.396,3442.298,3480.265,10589886100.0,0.006467216248465135,0.0064463935339098555,False
2024-06-27,3467.289,3471.142,3452.578,3454.118,11491810100.0,-0.00751293364154737,-0.007541297882575293,False
2024-06-28,3443.674,3484.678,3443.674,3461.657,13540915300.0,0.0021826121748012017,0.002180233737025361,False
2024-07-01,3458.264,3479.955,3443.809,3478.183,12182977000.0,0.004774014294310458,0.004762654827228374,False
2024-07-02,3472.453,3488.319,3464.524,3471.786,12165012100.0,-0.0018391786746125849,-0.00184087204029737,False
2024-07-03,3471.556,3478.705,3454.994,3463.414,10385710800.0,-0.0024114389538986147,-0.002414351155486827,False
2024-07-04,3468.296,3483.31,3444.928,3445.813,10442990900.0,-0.005081979803742809,-0.005094936980487574,False
2024-07-05,3443.359,3451.039,3399.669,3431.061,11660965900.0,-0.004281137716991568,-0.0042903280264336985,False
2024-07-08,3420.803,3428.042,3395.912,3401.76,11552821800.0,-0.008539923947723405,-0.008576598043504191,False
2024-07-09,3396.804,3448.928,3384.809,3439.811,13162944300.0,0.011185680353699157,0.011123583267563575,False
2024-07-10,3425.882,3447.505,3423.648,3428.966,12720345600.0,-0.0031527894991906225,-0.0031577700110965168,False
2024-07-11,3451.044,3473.984,3438.118,3468.169,14589246600.0,0.011432892597943445,0.011368030983788913,False
2024-07-12,3459.956,3479.096,3457.363,3472.401,13087458900.0,0.001220240420809926,0.001219496532554487,False
2024-07-15,3462.611,3481.461,3460.792,3476.247,11851708300.0,0.0011075909723559096,0.0011069780460140066,False
2024-07-16,3466.852,3500.294,3464.366,3498.283,12065901700.0,0.006339020213465885,0.0063190131305219666,False
2024-07-17,3494.209,3514.475,3486.223,3501.584,13180206200.0,0.0009436057631699857,0.0009431608471128783,False
2024-07-18,3483.298,3522.8,3475.724,3520.931,12376819900.0,0.005525213731842671,0.005510005731037992,False
2024-07-19,3500.805,3545.338,3493.073,3539.016,13244797500.0,0.005136425564715719,0.005123279128834923,False
2024-07-22,3538.401,3540.187,3494.014,3514.925,13212633700.0,-0.006807259419002287,-0.006830534495863461,False
2024-07-23,3509.789,3509.789,3439.878,3439.878,12889766000.0,-0.021350953434283837,-0.021582182268261363,False
2024-07-24,3432.346,3451.42,3408.413,3418.166,12703626300.0,-0.006311851757533238,-0.0063318557129292685,False
2024-07-25,3404.611,3415.856,3383.799,3399.272,13102224200.0,-0.0055275255795067535,-0.005542858878596846,False
2024-07-26,3403.708,3420.82,3388.66,3409.293,12419555800.0,0.002947984156607797,0.002943647372404712,False
2024-07-29,3404.366,3408.502,3388.844,3390.742,10978778600.0,-0.005441304106159284,-0.00545616192312437,False
2024-07-30,3380.689,3380.689,3352.804,3369.382,10495216400.0,-0.006299506125797882,-0.00631943173960714,False
2024-07-31,3364.027,3445.004,3364.027,3442.084,17195917700.0,0.021577250664958747,0.021347757149328572,False
2024-08-01,3443.14,3448.336,3419.187,3419.267,13632346400.0,-0.006628832997683909,-0.00665090128988588,False
2024-08-02,3393.917,3419.102,3380.965,3384.392,11661525500.0,-0.010199554465913363,-0.010251926339087447,False
2024-08-05,3362.112,3409.031,3343.321,3343.321,14281251600.0,-0.012135414573725467,-0.012209649912898968,False
2024-08-06,3367.352,3376.796,3318.625,3342.979,11934027900.0,-0.00010229349799195653,-0.00010229873032763237,False
2024-08-07,3338.591,3362.384,3329.966,3341.489,9508437700.0,-0.0004457102482545716,-0.00044580960659246216,False
2024-08-08,3332.428,3364.786,3320.843,3342.937,9249569500.0,0.0004333397476394829,0.000433245883087352,False
2024-08-09,3358.128,3366.669,3331.627,3331.627,9151162600.0,-0.0033832525111899825,-0.00338898865149595,False
2024-08-12,3327.556,3338.077,3319.891,3325.865,7993875400.0,-0.0017294853235371166,-0.0017309826098852454,False
2024-08-13,3328.014,3335.014,3310.191,3334.39,8448967900.0,0.002563242945820221,0.002559963441536084,False
2024-08-14,3332.787,3332.787,3309.1,3309.239,7874240700.0,-0.007542908897879341,-0.007571500501848405,False
2024-08-15,3301.446,3356.764,3297.971,3341.953,10476639900.0,0.009885656490812522,0.009837113049039559,False
2024-08-16,3342.035,3356.907,3335.624,3345.634,9651908300.0,0.0011014517559044812,0.0011008456029770741,False
2024-08-19,3344.261,3375.962,3343.712,3356.968,10557111000.0,0.0033876987142047454,0.0033819733897200166,False
2024-08-20,3361.639,3362.334,3321.64,3332.703,10166833100.0,-0.007228248824534433,-0.007254499187663299,False
2024-08-21,3322.913,3339.443,3307.992,3321.635,8995475100.0,-0.0033210280063958875,-0.003326554859855335,False
2024-08-22,3322.872,3327.696,3305.245,3313.136,10036650400.0,-0.0025586796863593664,-0.0025619587017224887,False
2024-08-23,3305.931,3336.241,3305.64,3327.191,8952577400.0,0.004242204364686364,0.004233231583048891,False
2024-08-26,3330.718,3336.527,3311.57,3324.223,9399077200.0,-0.0008920437690531635,-0.0008924418768661013,False
2024-08-27,3315.686,3320.567,3299.564,3305.334,9580815700.0,-0.005682230103094765,-0.005698435389836831,False
2024-08-28,3298.909,3305.35,3274.588,3286.496,9269665000.0,-0.005699272751255924,-0.005715575578550514,False
2024-08-29,3273.541,3290.786,3269.529,3277.681,13070233300.0,-0.0026821879594559617,-0.002685791470552701,False
2024-08-30,3273.753,3351.625,3273.65,3321.432,18869544300.0,0.013348156821850532,0.013259855085642869,False
2024-09-02,3307.543,3307.763,3264.757,3265.011,14761235300.0,-0.016986950207019125,-0.017132883447015246,False
2024-09-03,3261.741,3281.594,3261.188,3273.428,12289730600.0,0.0025779392473714857,0.0025746220617683946,False
2024-09-04,3253.898,3272.986,3249.981,3252.165,10483248200.0,-0.006495636989724551,-0.006516825444522922,False
2024-09-05,3252.96,3266.882,3247.173,3257.758,9710945000.0,0.0017197774405663946,0.0017183003166518773,False
2024-09-06,3261.154,3274.814,3231.069,3231.346,8840041700.0,-0.008107416204641282,-0.008140460024590013,False
2024-09-09,3214.8,3222.928,3180.928,3192.952,10867306900.0,-0.011881735970087903,-0.011952887962660697,False
2024-09-10,3193.456,3205.097,3171.793,3195.755,9729007800.0,0.0008778710109014209,0.0008774859075089125,False
2024-09-11,3187.051,3197.336,3174.034,3186.13,10248211000.0,-0.003011807851352799,-0.003016352471929551,False
2024-09-12,3189.427,3201.554,3171.878,3172.475,9286865700.0,-0.0042857636066325755,-0.004294973816085346,False
2024-09-13,3174.034,3188.915,3159.247,3159.247,8833667700.0,-0.00416961520579362,-0.004178332290974751,False
2024-09-18,3158.818,3179.901,3145.791,3171.01,8472281400.0,0.0037233555970774823,0.00371644106681579,False
2024-09-19,3178.396,3213.838,3149.793,3196.036,12543927200.0,0.007892122699076909,0.007861142790138942,False
2024-09-20,3192.432,3207.988,3173.224,3201.05,11806409800.0,0.0015688183737605499,0.0015675890637556478,False
2024-09-23,3200.868,3230.161,3198.025,3212.764,9534485500.0,0.003659424251417409,0.0036527448487113645,False
2024-09-24,3244.647,3351.968,3222.489,3351.909,20407221700.0,0.04331005950016875,0.04239840844680565,False
2024-09-25,3403.702,3465.488,3393.438,3401.533,24156425500.0,0.014804697860234306,0.014696178078189348,False
2024-09-26,3399.319,3545.325,3391.677,3545.32,24313401000.0,0.04227123476385519,0.04140221153510382,False
2024-09-27,3617.92,3708.495,3596.583,3703.685,26548777400.0,0.04466874640370966,0.043699846077755566,False
2024-09-30,3846.652,4038.697,3796.505,4017.855,51021770700.0,0.08482632837295823,0.08141990816478462,True
2024-10-08,4450.368,4450.368,4094.352,4256.096,58986789400.0,0.05929556940208136,0.05760413004013287,True
2024-10-09,4168.844,4197.6,3942.512,3955.984,48226929500.0,-0.07051344706510376,-0.07312293891302524,True
2024-10-10,3979.612,4098.497,3912.771,3997.788,39505309900.0,0.010567282375257392,0.010511838896093195,False
2024-10-11,3969.758,3978.239,3847.123,3887.167,27409650500.0,-0.027670551815153765,-0.028060593486587848,False
2024-10-14,3915.219,3979.543,3868.779,3961.342,30757899300.0,0.019082020402004796,0.018902242073000508,False
2024-10-15,3942.534,3967.871,3855.995,3855.995,24248644800.0,-0.026593765446154438,-0.02695377667844845,False
2024-10-16,3806.137,3877.748,3805.087,3831.589,21886640700.0,-0.006329365053637237,-0.006349480407829233,False
2024-10-17,3853.841,3882.073,3787.75,3788.222,21231382000.0,-0.01131828074462049,-0.011382819927968413,False
2024-10-18,3780.314,3998.214,3765.162,3925.234,31295883400.0,0.03616789089974137,0.03552918756053103,False
2024-10-21,3946.902,3979.264,3896.165,3935.197,29118563400.0,0.0025381926274969935,0.0025349768569373765,False
2024-10-22,3923.744,3965.908,3917.522,3957.776,22343339600.0,0.00573770512632521,0.005721307190713176,False
2024-10-23,3955.319,4012.18,3939.099,3973.209,24587394900.0,0.0038994121951319016,0.0038918291938365712,False
2024-10-24,3950.899,3957.983,3914.089,3928.833,17472406200.0,-0.01116880586951241,-0.011231645314257577,False
2024-10-25,3931.321,3992.892,3921.94,3956.421,21069488500.0,0.0070219324669691385,0.006997393506164684,False
2024-10-28,3953.106,3964.157,3917.204,3964.157,21616041500.0,0.001955302532263392,0.0019533934164606137,False
2024-10-29,3970.008,3991.309,3921.58,3924.649,21729398400.0,-0.009966305572660317,-0.01001630165758094,False
2024-10-30,3904.16,3926.058,3864.305,3889.449,21943662600.0,-0.008968954930746675,-0.009009418130464297,False
2024-10-31,3888.423,3923.9,3859.108,3891.04,30063671800.0,0.0004090553700537569,0.0004089717297137696,False
2024-11-01,3882.458,3933.22,3879.959,3890.02,30798648100.0,-0.00026214071302277375,-0.00026217507790526895,False
2024-11-04,3897.714,3944.762,3891.211,3944.762,22923906000.0,0.014072421221484666,0.013974323941573275,False
2024-11-05,3937.623,4046.698,3925.414,4044.573,31686279400.0,0.025302160181019717,0.02498735956872089,False
2024-11-06,4051.289,4091.703,4002.503,4024.283,33580793800.0,-0.005016598785582582,-0.005029224159260437,False
2024-11-07,3987.267,4146.151,3984.665,4145.695,34143641400.0,0.03016984640493714,0.0297236880693994,False
2024-11-08,4192.079,4200.908,4094.163,4104.047,33235038500.0,-0.010046083949735829,-0.010096886381138148,False
2024-11-11,4066.934,4132.511,4048.039,4131.131,28959422700.0,0.006599339627445966,0.006577659317235529,False
2024-11-12,4133.353,4181.71,4060.794,4085.743,29777808600.0,-0.01098682176866339,-0.011047622644017707,False
2024-11-13,4059.59,4121.074,4059.59,4110.89,24048409900.0,0.006154816883979342,0.006135953359995838,False
2024-11-14,4101.223,4118.169,4034.944,4039.619,23015278400.0,-0.01733712164519119,-0.01748916948263357,False
2024-11-15,4025.648,4049.071,3968.831,3968.831,24739946300.0,-0.017523434759565193,-0.01767878769577358,False
2024-11-18,3982.104,4034.06,3931.187,3950.381,30677794600.0,-0.0046487240197429225,-0.004659562941732531,False
2024-11-19,3954.604,3979.151,3896.749,3976.891,24294646500.0,0.006710745115471095,0.006688328298613655,False
2024-11-20,3966.124,4001.085,3958.338,3985.773,18459937200.0,0.002233402927060313,0.002230912590004408,False
2024-11-21,3979.455,3999.569,3966.066,3989.298,16612592700.0,0.0008843955739574749,0.0008840047266183149,False
2024-11-22,3984.244,3990.265,3865.699,3865.699,21628580900.0,-0.03098264406419371,-0.03147275606931288,False
2024-11-25,3875.613,3889.707,3812.318,3848.091,19070295300.0,-0.00455493301470189,-0.004565338331120827,False
2024-11-26,3836.259,3875.229,3833.284,3840.185,14989244100.0,-0.0020545252178287843,-0.002056638649992948,False
2024-11-27,3829.344,3907.164,3817.913,3907.045,17413609600.0,0.017410619540464856,0.017260791272697418,False
2024-11-28,3904.253,3908.392,3866.014,3872.551,15011729100.0,-0.008828667189653583,-0.008867870786064103,False
2024-11-29,3869.89,3962.7,3869.89,3916.583,18765671300.0,0.01137028279291874,0.01130612698264244,False
2024-12-02,3909.703,3955.125,3902.17,3947.632,19728978400.0,0.007927573601784976,0.00789631548219738,False
2024-12-03,3946.703,3963.947,3922.843,3951.891,18249686700.0,0.0010788746266114924,0.001078293059634916,False
2024-12-04,3948.13,3957.365,3917.747,3930.557,17462631800.0,-0.005398428246123244,-0.005413052415319086,False
2024-12-05,3916.564,3936.336,3910.083,3921.588,13853403800.0,-0.002281864885816387,-0.0022844723067709793,False
2024-12-06,3923.895,3995.117,3923.895,3973.141,19205790700.0,0.013145950059006761,0.013060291945706126,False
2024-12-09,3970.663,3995.512,3948.421,3966.571,17595995800.0,-0.001653603534332193,-0.0016549722457348537,False
2024-12-10,4094.05,4098.38,3988.968,3995.637,25346379500.0,0.007327739753051343,0.007301022307705907,False
2024-12-11,3988.018,4005.325,3977.352,3988.831,17725284600.0,-0.0017033579376705132,-0.001704810301299986,False
2024-12-12,3987.153,4031.744,3981.349,4028.505,18162177700.0,0.009946272479330442,0.009897133873215225,False
2024-12-13,4000.985,4000.985,3931.739,3933.181,23035307900.0,-0.0236623759930793,-0.023946826151131972,False
2024-12-16,3930.781,3938.76,3901.647,3911.842,17851125100.0,-0.005425379610040859,-0.0054401504310952475,False
2024-12-17,3908.126,3955.945,3908.126,3922.033,16093909000.0,0.002605166568588446,0.0026017790043333378,False
2024-12-18,3934.543,3956.144,3933.969,3941.89,15773832100.0,0.005062935472496033,0.0050501619110345786,False
2024-12-19,3911.89,3954.349,3899.748,3945.464,16108104000.0,0.000906671672725512,0.000906260894240063,False
2024-12-20,3937.472,3958.634,3923.256,3927.744,15498649600.0,-0.004491233477228462,-0.0045013493662118265,False
2024-12-23,3928.149,3965.85,3928.149,3933.572,19006736200.0,0.0014838034250703735,0.0014827036765066026,False
2024-12-24,3934.942,3985.859,3934.734,3983.688,16149458900.0,0.0127405828595486,0.012660104473919631,False
2024-12-25,3987.956,4007.763,3969.477,3985.629,15939074700.0,0.0004872369522914699,0.0004871182909109706,False
2024-12-26,3981.732,3991.533,3965.546,3987.48,14342528600.0,0.0004644185397084666,0.0004643107307948924,False
2024-12-27,3987.019,4007.131,3970.937,3981.031,16926866600.0,-0.0016173121871457807,-0.001618621448347568,False
2024-12-30,3976.7,4005.778,3976.7,3999.055,16461248500.0,0.0045274703964877094,0.004517252232407287,False
2024-12-31,3995.871,4004.346,3934.911,3934.911,18392839700.0,-0.016039789400245752,-0.01616981912981963,False
2025-01-02,3931.816,3934.203,3796.339,3820.395,21789872400.0,-0.029102564200308434,-0.029534443664534393,False
2025-01-03,3825.243,3835.935,3767.665,3775.165,17534267600.0,-0.011839089937035308,-0.011909730059041834,False
2025-01-06,3775.99,3788.849,3743.073,3768.97,15094667000.0,-0.0016409878773511188,-0.0016423357727468613,False
2025-01-07,3760.866,3797.602,3749.058,3796.106,14645577900.0,0.0071998450505046385,0.007174049906154778,False
2025-01-08,3781.261,3810.736,3731.189,3789.215,16916696800.0,-0.0018152812381951877,-0.0018169308578332988,False
2025-01-09,3780.734,3795.261,3768.681,3779.877,12979400200.0,-0.002464362671424025,-0.002467404211111912,False
2025-01-10,3778.893,3786.807,3732.481,3732.481,13752317100.0,-0.012539032354756396,-0.012618309423245933,False
2025-01-13,3704.444,3737.885,3704.107,3722.513,13644619900.0,-0.0026706097097346504,-0.0026741821496578666,False
2025-01-14,3728.556,3826.64,3718.877,3820.54,17066465700.0,0.02633355477872068,0.025992796037842325,False
2025-01-15,3810.035,3816.828,3790.166,3796.026,14147552000.0,-0.0064163704607203,-0.006437043845174628,False
2025-01-16,3812.194,3842.947,3776.286,3800.384,14450587100.0,0.0011480427162511297,0.001147384219152059,False
2025-01-17,3788.373,3831.64,3780.213,3812.343,12662196100.0,0.0031467872720229995,0.003141846499282508,False
2025-01-20,3835.304,3858.668,3821.982,3829.676,13958127700.0,0.004546547884070273,0.004536243556181319,False
2025-01-21,3850.356,3850.911,3817.121,3832.615,14121840600.0,0.0007674278450708893,0.0007671335228938148,False
2025-01-22,3823.945,3823.945,3783.144,3797.017,13725506200.0,-0.00928817530589432,-0.00933157937830309,False
2025-01-23,3829.046,3864.259,3801.853,3803.744,18056955100.0,0.0017716539062111458,0.0017700863785670151,False
2025-01-24,3793.85,3847.6,3793.484,3832.864,14897172200.0,0.00765561509922863,0.00762645958566921,False
2025-01-27,3836.958,3851.997,3817.08,3817.08,14667077200.0,-0.004118069412324621,-0.004126572011056595,False
2025-02-05,3844.7,3844.7,3785.162,3795.085,15716830800.0,-0.005762258061135728,-0.005778923922951762,False
2025-02-06,3789.609,3843.494,3788.32,3842.831,16728817600.0,0.012581009384506459,0.012502526066635156,False
2025-02-07,3844.057,3919.35,3833.869,3892.703,22185770700.0,0.012977932154705663,0.01289444038434695,False
2025-02-10,3898.102,3906.368,3878.831,3901.062,18890304000.0,0.0021473510822684894,0.002145048819189199,False
2025-02-11,3905.159,3905.159,3872.909,3883.135,16657490900.0,-0.004595415299731065,-0.004606006680941022,False
2025-02-12,3875.96,3920.723,3867.354,3919.862,16422854000.0,0.009458079618658521,0.009413632023102636,False
2025-02-13,3913.904,3939.198,3904.985,3905.14,17248587400.0,-0.003755744462432653,-0.0037628149795878585,False
2025-02-14,3900.827,3942.036,3900.827,3939.009,17297645200.0,0.00867292849936252,0.008635534708554715,False
2025-02-17,3954.415,3955.896,3921.702,3947.398,21358824600.0,0.0021297234913655316,0.0021274588451003495,False
2025-02-18,3942.576,3965.423,3901.868,3912.783,20942510100.0,-0.008769067623786708,-0.008807742156337284,False
2025-02-19,3906.22,3943.674,3904.146,3940.16,18282951700.0,0.006996810198776737,0.006972446103578278,False
2025-02-20,3934.65,3940.678,3916.177,3928.896,16389523600.0,-0.0028587671566635553,-0.002862861236032188,False
2025-02-21,3938.052,3981.048,3927.787,3978.444,22740033000.0,0.012611176269364144,0.012532317693398909,False
2025-02-24,3972.483,3995.946,3949.231,3969.717,22081061800.0,-0.0021935711549539993,-0.002195980556267685,False
2025-02-25,3933.636,3955.434,3915.653,3925.651,17810858000.0,-0.011100539408728682,-0.01116261016971265,False
2025-02-26,3931.842,3960.33,3925.366,3959.941,19106250100.0,0.008734856970219695,0.008696928811744442,False
2025-02-27,3961.064,3973.932,3933.461,3968.116,20288796300.0,0.0020644246972367775,0.002062296700794164,False
2025-02-28,3950.187,3972.481,3886.399,3890.049,19810414700.0,-0.019673568010612597,-0.019869668914244798,False
2025-03-03,3899.696,3930.005,3872.587,3888.474,17762316600.0,-0.0004048792187449912,-0.00040496120446498196,False
2025-03-04,3865.994,3890.424,3855.725,3885.221,14985096700.0,-0.0008365749648834298,-0.0008369250890041258,False
2025-03-05,3887.799,3906.421,3877.019,3902.571,15865275100.0,0.004465640435898033,0.0044556990490978166,False
2025-03-06,3923.383,3964.494,3917.083,3956.237,19396091500.0,0.013751447443236753,0.013657754257303978,False
2025-03-07,3944.915,3967.074,3935.046,3944.014,16673237500.0,-0.0030895520162214085,-0.0030943345351523988,False
2025-03-10,3945.58,3949.145,3905.127,3928.802,15276523200.0,-0.0038569842804817567,-0.0038644416257707093,False
2025-03-11,3890.431,3941.416,3889.43,3941.416,14475440200.0,0.0032106479277906885,0.0032055048033008404,False
2025-03-12,3946.862,3953.613,3921.474,3927.232,15673219000.0,-0.0035987066577088944,-0.0036051975798088165,False
2025-03-13,3925.744,3939.285,3897.376,3911.579,15653644300.0,-0.00398575892638886,-0.003993723233080004,False
2025-03-14,3919.616,4014.159,3919.616,4006.557,21613900300.0,0.024281242945623616,0.023991140221633955,False
2025-03-17,4020.64,4021.728,3992.256,3996.788,16220291100.0,-0.0024382530936162272,-0.0024412304734120482,False
2025-03-18,4011.779,4016.873,3995.96,4007.723,14020849600.0,0.0027359469654131274,0.0027322110750951367,False
2025-03-19,4004.825,4025.299,3989.512,4010.168,14441942800.0,0.000610072103286674,0.0006098860849537147,False
2025-03-20,4011.059,4012.042,3969.926,3974.992,13375467000.0,-0.008771702332670328,-0.00881040017708834,False
2025-03-21,3966.515,3983.148,3904.767,3914.696,16590529400.0,-0.015168835559920657,-0.015285059161666226,False
2025-03-24,3916.114,3938.183,3907.2,3934.849,15223467400.0,0.0051480370378695905,0.00513483119857483,False
2025-03-25,3937.898,3946.357,3921.529,3932.295,14047539900.0,-0.0006490719211842411,-0.0006492826595589918,False
2025-03-26,3930.207,3942.026,3916.861,3919.357,13116418700.0,-0.0032901905884477056,-0.0032956151673690925,False
2025-03-27,3911.384,3952.985,3903.652,3932.412,12679373800.0,0.0033309035129995834,0.0033253683419012248,False
2025-03-28,3930.776,3934.234,3907.384,3915.166,12635621400.0,-0.0043856035430671625,-0.004395248511954719,False
2025-03-31,3905.982,3928.448,3872.403,3887.306,16679852300.0,-0.0071159179457525035,-0.007141356842428337,False
2025-04-01,3892.779,3905.262,3882.405,3887.684,14038027400.0,9.723957928708948e-05,9.723485182533409e-05,False
2025-04-02,3884.418,3900.495,3877.16,3884.386,11304317500.0,-0.0008483199766237126,-0.0008486800036404674,False
2025-04-03,3843.418,3883.703,3843.418,3861.503,14259978900.0,-0.0058910211292080294,-0.005908441644288942,False
2025-04-07,3675.202,3707.777,3514.117,3589.441,31257858600.0,-0.07045494979545541,-0.07306000585737493,True
2025-04-08,3597.986,3650.759,3583.875,3650.759,28019731200.0,0.01708288282214432,0.0169386111126002,False
2025-04-09,3606.104,3686.794,3587.337,3686.794,26230570800.0,0.009870550206135142,0.009822154526196059,False
2025-04-10,3749.126,3756.139,3708.819,3735.115,22725222700.0,0.013106509341178185,0.013021362228284872,False
2025-04-11,3730.315,3762.365,3708.462,3750.517,16875969100.0,0.004123567815180973,0.004115089209497214,False
2025-04-14,3772.041,3776.634,3754.033,3759.142,16446240300.0,0.002299682950377191,0.0022970427265516236,False
2025-04-15,3756.479,3764.486,3737.85,3761.235,13400604000.0,0.0005567759877120881,0.0005566210454706066,False
2025-04-16,3757.876,3775.166,3721.603,3772.82,15635900600.0,0.00308010533774139,0.0030753715312208385,False
2025-04-17,3755.086,3779.125,3749.504,3772.222,12237100200.0,-0.00015850212838142141,-0.00015851469117222905,False
2025-04-18,3760.043,3782.044,3754.407,3772.523,10294850900.0,7.979381913369998e-05,7.979063577678858e-05,False
2025-04-21,3768.142,3790.178,3763.138,3784.881,12135573000.0,0.0032757918241981265,0.0032704381067496513,False
2025-04-22,3780.112,3799.23,3778.079,3783.952,12568825700.0,-0.00024545025325750647,-0.0002454803810998385,False
2025-04-23,3803.43,3807.954,3780.518,3786.882,13198687000.0,0.0007743227186813861,0.0007740230855102226,False
2025-04-24,3787.459,3807.26,3775.207,3784.357,11716456000.0,-0.0006667754632967426,-0.0006669978569195933,False
2025-04-25,3792.084,3801.577,3780.777,3786.994,12459113300.0,0.0006968158659450552,0.0006965732024912796,False
2025-04-28,3786.387,3792.008,3772.803,3781.619,12514509100.0,-0.0014193315331368916,-0.001420339738235299,False
2025-04-29,3776.003,3785.316,3768.031,3775.077,11151469400.0,-0.001729946882538913,-0.001731444968637419,False
2025-04-30,3775.831,3787.564,3768.757,3770.571,14368165800.0,-0.001193618037459987,-0.0011943309668360769,False
2025-05-06,3794.376,3809.094,3782.777,3808.542,15852045900.0,0.010070358043914318,0.0100199898565414,False
2025-05-07,3861.577,3863.678,3814.987,3831.627,16117229900.0,0.0060613746677862235,0.0060430784326879206,False
2025-05-08,3820.548,3867.331,3816.264,3852.896,12495983300.0,0.005550905659658545,0.00553555615905843,False
2025-05-09,3848.619,3853.663,3836.535,3846.157,11938952600.0,-0.0017490739433403402,-0.0017506053591365145,False
2025-05-12,3866.531,3890.734,3859.035,3890.61,15333246000.0,0.011557770522628186,0.011491489709644753,False
2025-05-13,3915.592,3915.592,3890.686,3896.258,14732029900.0,0.0014517003760334823,0.0014506476777214061,False
2025-05-14,3894.839,3960.523,3890.65,3943.211,17203377900.0,0.012050793350953715,0.0119787606639985,False
2025-05-15,3934.027,3936.465,3904.907,3907.199,13808174900.0,-0.00913265863784607,-0.009174617021177056,False
2025-05-16,3898.666,3903.853,3874.862,3889.085,11840534500.0,-0.004636057697598672,-0.0046468375433157405,False
2025-05-19,3882.568,3885.589,3866.57,3877.145,9864341400.0,-0.0030701308919707238,-0.0030748534121300963,False
2025-05-20,3883.102,3911.474,3881.744,3898.171,10488523400.0,0.005423062588580052,0.0054084107327430075,False
2025-05-21,3899.437,3928.634,3899.437,3916.381,10979134300.0,0.004671421546155852,0.004660544318115356,False
2025-05-22,3912.601,3923.02,3903.09,3913.865,10759705200.0,-0.0006424298350952151,-0.000642636281563469,False
2025-05-23,3910.374,3931.551,3882.274,3882.274,12027741900.0,-0.008071560976170566,-0.008104312380158518,False
2025-05-26,3875.789,3884.537,3849.038,3860.107,10960120700.0,-0.005709797917406112,-0.005726161130354512,False
2025-05-27,3857.627,3865.429,3834.846,3839.397,9857242500.0,-0.005365136251404445,-0.00537958028085761,False
2025-05-28,3843.075,3849.736,3833.958,3836.237,8903102600.0,-0.0008230459105947885,-0.0008233847988403653,False
2025-05-29,3838.009,3869.791,3831.458,3858.7,10847188600.0,0.005855477646453888,0.005838400966204915,False
2025-05-30,3850.493,3858.613,3829.254,3840.232,11167222800.0,-0.004786067846684117,-0.004797557745014558,False
2025-06-03,3833.458,3863.295,3832.72,3852.013,13140309000.0,0.0030677834047525554,0.0030630873590933305,False
2025-06-04,3855.488,3875.857,3855.488,3868.743,11680387300.0,0.004343183680844298,0.004333779278798744,False
2025-06-05,3872.637,3883.135,3861.272,3877.556,12287818400.0,0.0022780008907286042,0.002275410180381243,False
2025-06-06,3878.103,3889.456,3869.387,3873.984,11098797100.0,-0.0009211988169868235,-0.0009216233813766905,False
2025-06-09,3877.798,3894.652,3871.992,3885.246,13630629300.0,0.0029070847995242843,0.002902867400090159,False
2025-06-10,3887.551,3897.457,3850.466,3865.465,14556385900.0,-0.005091312107392887,-0.0051043169969613444,False
2025-06-11,3870.672,3911.611,3870.672,3894.625,14241477200.0,0.007543723717586381,0.0075154121278799835,False
2025-06-12,3885.52,3900.041,3870.384,3892.199,13399869700.0,-0.0006229097795037442,-0.0006231038684045842,False
2025-06-13,3881.492,3889.16,3853.819,3864.182,17253953600.0,-0.007198244488527017,-0.007224276850481104,False
2025-06-16,3853.619,3876.17,3853.619,3873.795,13734183500.0,0.0024877192637406953,0.0024846300125727083,False
2025-06-17,3875.177,3880.416,3860.409,3870.379,12234252600.0,-0.0008818226054811973,-0.0008822116397588786,False
2025-06-18,3871.65,3881.346,3854.658,3874.971,12752862100.0,0.001186447115385958,0.0011857438432159029,False
2025-06-19,3870.049,3872.943,3834.951,3843.091,13028065800.0,-0.00822715834518506,-0.008261188186862611,False
2025-06-20,3839.783,3856.48,3839.783,3846.644,11815102000.0,0.0009245162292539355,0.0009240891273467611,False
2025-06-23,3831.17,3867.59,3827.083,3857.902,13380089200.0,0.0029267070204572754,0.002922432551512699,False
2025-06-24,3862.388,3914.158,3862.388,3904.034,16365618800.0,0.011957794677003308,0.011886865130980695,False
2025-06-25,3907.068,3963.037,3902.177,3960.066,18721367100.0,0.014352334021681123,0.014250314264852904,False
2025-06-26,3953.16,3964.482,3945.259,3946.02,16531626300.0,-0.003546910581793239,-0.003553215782869046,False
2025-06-27,3949.788,3969.263,3918.204,3921.758,19455791300.0,-0.006148473651932829,-0.006167453353512542,False
2025-06-30,3920.315,3940.361,3911.604,3936.079,14517023600.0,0.003651678660437474,0.0036450274690089657,False
2025-07-01,3935.908,3946.245,3924.722,3942.762,12895936200.0,0.0016978825882305593,0.001696442815068977,False
2025-07-02,3943.323,3952.138,3929.696,3943.685,14706306200.0,0.000234099851829761,0.0002340724547345019,False
2025-07-03,3949.4,3971.616,3945.138,3968.068,14100400600.0,0.006182796039744698,0.0061637609759621625,False
2025-07-04,3967.464,4013.848,3958.376,3982.203,15719713300.0,0.0035621869383286597,0.00355585737736952,False
2025-07-07,3977.288,3979.748,3956.566,3965.175,13113527300.0,-0.0042760251046970454,-0.004285193445415558,False
2025-07-08,3965.426,4002.269,3965.426,3998.453,15640289500.0,0.008392567793350736,0.008357546008305405,False
2025-07-09,3997.504,4016.743,3987.427,3991.401,17329379600.0,-0.0017636821040537543,-0.0017652392224469793,False
2025-07-10,3993.42,4032.983,3992.524,4010.024,20977890400.0,0.0046657802611163035,0.004654929247600137,False
2025-07-11,4011.465,4065.942,4010.105,4014.807,26205277300.0,0.001192760941081561,0.001192050166883618,False
2025-07-14,4021.214,4034.92,4017.668,4017.668,20791717500.0,0.0007126120882026132,0.0007123583007686562,False
2025-07-15,4023.99,4042.657,3994.263,4019.064,19104293100.0,0.00034746524600826056,0.00034740489394025076,False
2025-07-16,4019.393,4027.857,3993.921,4007.202,15102730800.0,-0.0029514334680910137,-0.0029557975368046385,False
2025-07-17,4005.067,4034.594,4005.067,4034.491,16124904100.0,0.006809988615497753,0.006786905381476416,False
2025-07-18,4039.871,4064.638,4039.318,4058.549,18621106300.0,0.005963081836097839,0.005945373028113821,False
2025-07-21,4069.769,4086.117,4063.443,4085.607,22326847600.0,0.006666914702766924,0.006644789112115745,False
2025-07-22,4087.335,4119.202,4068.338,4118.958,25759698500.0,0.008163046519158446,0.008129909067816854,False
2025-07-23,4129.148,4155.678,4113.909,4119.769,30050615400.0,0.0001968944572876552,0.00019687507611898525,False
2025-07-24,4116.831,4152.427,4111.885,4149.037,31963239200.0,0.007104281817742697,0.0070791652940851435,False
2025-07-25,4145.32,4150.499,4117.801,4127.163,27359496300.0,-0.005272066747054938,-0.0052860131300516144,False
2025-07-28,4128.199,4146.12,4112.968,4135.824,22275981500.0,0.0020985359676852777,0.0020963371167876943,False
2025-07-29,4132.683,4153.331,4117.577,4152.025,23080788000.0,0.003917236323402573,0.003909583930839844,False
2025-07-30,4148.941,4185.206,4127.43,4151.238,24985304800.0,-0.0001895460648717595,-0.00018956403099679164,False
2025-07-31,4141.561,4141.824,4063.666,4075.591,26708740600.0,-0.018222756681259944,-0.018390836157326618,False
2025-08-01,4069.925,4085.354,4040.462,4054.929,19622182600.0,-0.005069694186683571,-0.005082588685496603,False
2025-08-04,4037.938,4070.702,4037.938,4070.702,16227590200.0,0.0038898338293962276,0.0038822879875048955,False
2025-08-05,4080.388,4106.297,4075.584,4103.45,17885199900.0,0.008044804065735933,0.008012617139284473,False
2025-08-06,4100.428,4116.709,4098.354,4113.485,17667615500.0,0.00244550317415837,0.0024425177974460865,False
2025-08-07,4120.282,4129.738,4094.821,4114.666,19864190200.0,0.00028710448682822687,0.0002870632802220996,False
2025-08-08,4109.273,4122.21,4097.416,4104.967,17317120100.0,-0.0023571779580652263,-0.0023599604754807046,False
2025-08-11,4110.294,4134.246,4103.605,4122.511,19044371600.0,0.004273846781228885,0.004264739836644438,False
2025-08-12,4123.576,4153.295,4121.224,4143.825,17728782300.0,0.005170149940169733,0.005156830603885609,False
2025-08-13,4150.504,4186.748,4147.199,4176.578,21393499900.0,0.007904050002111696,0.007872976628496176,False
2025-08-14,4179.965,4220.311,4165.938,4173.313,22110359500.0,-0.0007817404583370102,-0.0007820461767469311,False
2025-08-15,4162.421,4214.729,4157.495,4202.353,26132756600.0,0.006958500356910591,0.006934401722286765,False
2025-08-18,4218.247,4272.96,4203.419,4239.413,30147910200.0,0.008818868857518591,0.008780209753680879,False
2025-08-19,4241.765,4264.23,4215.208,4223.374,25081877100.0,-0.003783306792709218,-0.003790481599901696,False
2025-08-20,4208.401,4272.146,4190.556,4271.396,24648177300.0,0.011370529818102826,0.011306371230626056,False
2025-08-21,4284.371,4308.447,4273.652,4288.071,25903001400.0,0.003903875922532052,0.0038962755730498344,False
2025-08-22,4287.363,4378.388,4287.363,4377.998,29043489700.0,0.020971434474848838,0.020754560803721844,False
2025-08-25,4416.292,4472.653,4404.776,4469.222,35809000600.0,0.02083692135080928,0.020622801989187423,False
2025-08-26,4453.353,4476.803,4435.528,4452.591,27062139500.0,-0.003721229332532494,-0.003728170331120495,False
2025-08-27,4458.84,4494.913,4386.127,4386.127,33313389800.0,-0.014927039110486429,-0.015039568584191088,False
2025-08-28,4378.035,4464.803,4364.171,4463.782,29683453600.0,0.017704685705635104,0.017549783416248133,False
2025-08-29,4455.803,4516.84,4452.363,4496.759,35193894700.0,0.007387681566886517,0.007360526308339388,False
2025-09-01,4516.879,4528.134,4487.53,4523.711,32036670800.0,0.0059936500933228665,0.005975759623156662,False
2025-09-02,4521.983,4548.894,4454.417,4490.453,30393256600.0,-0.007351928538317232,-0.007379087158966513,False
2025-09-03,4501.339,4510.73,4427.518,4459.83,25432021700.0,-0.006819579227307471,-0.0068429388200303976,False
2025-09-04,4461.25,4465.497,4327.507,4365.209,30793460900.0,-0.02121627954428762,-0.02144457969771274,False
2025-09-05,4365.608,4466.56,4350.297,4460.325,24962565700.0,0.02178956379866337,0.021555564316368958,False
2025-09-08,4467.169,4482.763,4438.07,4467.573,26763838200.0,0.0016249936944057186,0.001623674820733001,False
2025-09-09,4448.739,4472.093,4412.691,4436.258,22137546000.0,-0.007009398615310913,-0.007034079851154118,False
2025-09-10,4438.3,4466.633,4414.594,4445.365,20359764600.0,0.0020528562585855337,0.002050752028472047,False
2025-09-11,4438.839,4548.035,4427.924,4548.035,25326405100.0,0.023095966247990818,0.02283329121879696,False
2025-09-12,4544.591,4564.667,4517.79,4521.998,26644200300.0,-0.0057248899799584585,-0.005741339975587678,False
2025-09-15,4534.887,4566.905,4522.496,4533.056,23188567800.0,0.002445379232808076,0.0024423941584466036,False
2025-09-16,4539.922,4552.419,4494.788,4523.337,24926920600.0,-0.0021440282229028274,-0.0021463299419686166,False
2025-09-17,4517.286,4556.03,4503.796,4551.023,23571647200.0,0.0061207024813758615,0.006102047066073979,False
2025-09-18,4546.032,4573.833,4454.989,4498.109,30985982600.0,-0.011626836427765741,-0.011694956620106112,False
2025-09-19,4499.091,4533.092,4491.844,4501.92,22504400000.0,0.0008472449200318533,0.0008468862106507657,False
2025-09-22,4512.025,4523.87,4487.13,4522.608,19645995600.0,0.004595372641006623,0.004584846152591027,False
2025-09-23,4536.757,4560.732,4459.728,4519.778,25282706200.0,-0.0006257451452790219,-0.0006259410054827441,False
2025-09-24,4495.266,4567.495,4494.113,4566.071,22048260800.0,0.010242317211154983,0.010190220108285075,False
2025-09-25,4563.983,4613.949,4558.842,4593.488,22982333300.0,0.006004505843207442,0.005986550636908561,False
2025-09-26,4576.914,4597.847,4550.049,4550.049,20848211400.0,-0.009456648194139272,-0.009501646203261771,False
2025-09-29,4555.034,4647.569,4541.425,4620.053,27435887700.0,0.015385328817338007,0.015268174753677144,False
2025-09-30,4629.899,4647.503,4616.224,4640.694,24798035900.0,0.004467697664940262,0.004457747130039991,False
2025-10-09,4662.113,4726.345,4651.99,4709.482,34767869600.0,0.014822782971684711,0.014713999192283111,False
2025-10-10,4679.498,4692.586,4600.965,4616.834,31902089900.0,-0.01967265189674794,-0.019868734415890543,False
2025-10-13,4490.866,4601.807,4490.866,4593.979,31501035400.0,-0.004950362087958848,-0.004962655719092268,False
2025-10-14,4634.054,4641.449,4520.926,4539.064,37295403000.0,-0.01195368981878231,-0.012025709679702956,False
2025-10-15,4544.243,4608.824,4526.834,4606.288,28477185500.0,0.014810101818348187,0.014701503185312603,False
2025-10-16,4588.921,4645.096,4586.28,4618.422,24823551800.0,0.002634225215618402,0.0026307617254506255,False
2025-10-17,4610.697,4618.562,4509.329,4514.235,25690561700.0,-0.022559003919520593,-0.022817351010484543,False
2025-10-20,4558.242,4570.438,4520.502,4538.22,21842040500.0,0.005313192600739702,0.005299127391712233,False
2025-10-21,4556.122,4615.463,4547.928,4607.872,21571117500.0,0.015347867666177573,0.015231280541057046,False
2025-10-22,4576.028,4603.488,4567.236,4592.57,18533396000.0,-0.0033208387732993616,-0.003326364996235398,False
2025-10-23,4578.702,4611.341,4541.694,4606.345,20046391700.0,0.0029994099164520893,0.0029949206610346835,False
2025-10-24,4622.787,4660.684,4622.787,4660.684,20881448300.0,0.011796554535103088,0.011727517587337033,False
2025-10-27,4699.382,4720.429,4687.688,4716.019,26220067400.0,0.011872720828101535,0.01180279302286813,False
2025-10-28,4697.728,4734.322,4679.229,4691.973,22090664500.0,-0.0050987920108040985,-0.005111835206038862,False
2025-10-29,4701.036,4747.838,4697.268,4747.838,24621132400.0,0.011906505003332235,0.011836180237047245,False
2025-10-30,4735.981,4761.834,4706.452,4709.911,27328911800.0,-0.007988267501966129,-0.008020344652249989,False
2025-10-31,4702.495,4706.14,4640.668,4640.668,28146474000.0,-0.014701551685371683,-0.014810690490401512,False
2025-11-03,4636.732,4653.403,4595.734,4653.403,23986980900.0,0.0027442169963463048,0.0027404585073877996,False
2025-11-04,4649.348,4665.323,4595.066,4618.699,23322403200.0,-0.007457768003330201,-0.007485716195919423,False
2025-11-05,4562.112,4642.61,4558.765,4627.257,20304587100.0,0.0018529027329989844,0.0018511882262792767,False
2025-11-06,4642.011,4698.094,4642.011,4693.403,22424100800.0,0.014294861945208792,0.014193653770506742,False
2025-11-07,4673.762,4701.374,4666.041,4678.794,21249737700.0,-0.0031126668645331534,-0.0031175212881233705,False
2025-11-10,4688.124,4695.179,4654.21,4695.051,23602676400.0,0.003474613329845333,0.0034685908075413607,False
2025-11-11,4706.337,4707.128,4648.49,4652.166,18663885800.0,-0.009134086083410042,-0.009176057624307177,False
2025-11-12,4643.559,4669.607,4620.99,4645.908,20946059200.0,-0.001345179858156409,-0.0013460854247728804,False
2025-11-13,4643.786,4703.49,4643.786,4702.074,20736747400.0,0.012089348303926606,0.012016855805915938,False
2025-11-14,4663.318,4684.258,4628.024,4628.14,19209267600.0,-0.015723699797153157,-0.015848628455756852,False
2025-11-17,4616.806,4624.898,4580.261,4598.053,18895546600.0,-0.006500883724347206,-0.0065221064967975195,False
2025-11-18,4584.79,4606.617,4552.804,4568.193,17771318500.0,-0.006494053026356972,-0.00651523112630592,False
2025-11-19,4568.037,4607.863,4568.037,4588.292,17292497400.0,0.004399770324940322,0.0043901196323510305,False
2025-11-20,4619.54,4620.653,4560.181,4564.948,19456259300.0,-0.005087731992645672,-0.005100718567929263,False
2025-11-21,4513.386,4527.044,4453.182,4453.608,22285101300.0,-0.02439020115891799,-0.024692568778263535,False
2025-11-24,4473.156,4478.808,4421.812,4448.048,18583372900.0,-0.0012484259952829646,-0.0012492059282092072,False
2025-11-25,4475.836,4510.773,4467.353,4490.405,16957192900.0,0.009522604072617957,0.009477549874819857,False
2025-11-26,4490.202,4538.136,4485.698,4517.626,15620036800.0,0.006062036720518638,0.0060437364964300855,False
2025-11-27,4520.014,4559.218,4509.864,4515.403,15031177200.0,-0.0004920726062759284,-0.0004921937137307708,False
2025-11-28,4511.497,4531.722,4492.426,4526.662,14290209600.0,0.0024934651458574653,0.002490361619592818,False
2025-12-01,4539.188,4576.965,4531.292,4576.486,20038231700.0,0.01100678601583227,0.01094665219764046,False
2025-12-02,4571.91,4575.495,4539.431,4554.335,14849313200.0,-0.00484017650223334,-0.004851928091699875,False
2025-12-03,4554.589,4569.821,4523.502,4531.049,16976279000.0,-0.005112930866965182,-0.005126046623729508,False
2025-12-04,4533.6,4557.423,4514.188,4546.566,14719811000.0,0.0034245932895451414,0.003418742723347634,False
2025-12-05,4547.906,4593.828,4535.02,4584.537,19679996800.0,0.008351577872178773,0.008316896408537389,False
2025-12-08,4593.14,4640.626,4592.741,4621.755,19962099000.0,0.008118158932952202,0.00808538394295688,False
2025-12-09,4611.379,4628.705,4584.254,4598.223,18416034400.0,-0.005091572357253882,-0.00510457857864921,False
2025-12-10,4586.254,4598.537,4549.08,4591.827,16911110600.0,-0.0013909721211867732,-0.001391940420930382,False
2025-12-11,4597.19,4610.279,4547.137,4552.185,16841940500.0,-0.00863316496897637,-0.008670646617085609,False
2025-12-12,4558.738,4583.675,4530.784,4580.95,21282652000.0,0.006318943540299715,0.006299062723121196,False
2025-12-15,4550.003,4595.046,4548.438,4552.06,16758996700.0,-0.00630655213438247,-0.006326522441089111,False
2025-12-16,4542.423,4553.081,4484.27,4497.555,16516520100.0,-0.011973699819422423,-0.01204596197259633,False
2025-12-17,4499.773,4594.656,4498.93,4579.875,17842483000.0,0.0183032781144421,0.018137789393326997,False
2025-12-18,4553.979,4571.968,4544.142,4552.793,15168132800.0,-0.005913261824831539,-0.005930814387005157,False
2025-12-19,4561.373,4591.093,4546.847,4568.178,15487622000.0,0.003379244345174559,0.0033735475293497075,False
2025-12-22,4587.668,4615.872,4587.668,4611.624,16525285600.0,0.009510575113316433,0.009465634311050408,False
2025-12-23,4616.026,4644.535,4607.799,4620.734,16925641200.0,0.0019754429242280214,0.0019734943026925578,False
2025-12-24,4623.683,4639.428,4602.144,4634.059,15371124100.0,0.002883740981411087,0.0028795909768319916,False
2025-12-25,4629.32,4651.154,4621.921,4642.536,13943418600.0,0.0018292818455698523,0.0018276107471635328,False
2025-12-26,4639.79,4676.131,4635.105,4657.24,17539656500.0,0.0031672344597866164,0.003162229338203204,False
2025-12-29,4658.265,4672.035,4629.057,4639.372,20039713300.0,-0.003836607089177213,-0.0038439857448704373,False
2025-12-30,4617.316,4664.331,4616.632,4651.282,18037497400.0,0.002567157796356856,0.0025638682753914566,False
2025-12-31,4656.48,4667.047,4622.099,4629.94,17076022400.0,-0.004588412398990327,-0.00459897147513999,False
2026-01-05,4661.616,4721.638,4661.616,4717.746,23414483900.0,0.01896482459815907,0.018787234114018503,False
2026-01-06,4719.209,4790.694,4718.01,4790.694,29697068600.0,0.01546246872977064,0.015344142940522332,False
2026-01-07,4796.934,4802.603,4751.071,4776.666,25909556400.0,-0.0029281770031649446,-0.002932472500813077,False
2026-01-08,4761.011,4765.486,4717.009,4737.654,23880495700.0,-0.008167202814682861,-0.00820073712809588,False
2026-01-09,4725.957,4771.428,4719.134,4758.922,25468803800.0,0.004489141672228358,0.004479095530234289,False
2026-01-12,4769.65,4795.933,4737.57,4789.916,29483316500.0,0.006512819499878475,0.006491702727853266,False
2026-01-13,4798.049,4836.955,4745.515,4761.032,30144949700.0,-0.006030168378735712,-0.006048423267774439,False
2026-01-14,4767.696,4818.101,4720.246,4741.931,36495102300.0,-0.004011945309336462,-0.004020014751924705,False
2026-01-15,4721.797,4769.548,4720.937,4751.429,25400363600.0,0.0020029814858124606,0.0020009781929886117,False
2026-01-16,4778.43,4792.551,4715.365,4731.873,32527892900.0,-0.0041158144213037096,-0.004124307697990659,False
2026-01-19,4720.195,4761.632,4715.087,4734.456,26761249200.0,0.0005458726385938473,0.0005457237043220431,False
2026-01-20,4736.91,4748.23,4684.968,4718.878,28271957900.0,-0.0032903463460216553,-0.003295771439118411,False
2026-01-21,4714.554,4758.279,4714.237,4723.069,26635333200.0,0.0008881348490044072,0.0008877406906098173,False
2026-01-22,4741.755,4757.764,4700.448,4723.709,27419993200.0,0.00013550511330651105,0.0001354959333177419,False
2026-01-23,4729.585,4734.794,4684.617,4702.497,31463544500.0,-0.004490539108145675,-0.004500651864729477,False
2026-01-26,4715.375,4754.178,4693.158,4706.964,36300448100.0,0.0009499208611933874,0.0009494699718892718,False
2026-01-27,4705.174,4736.986,4675.641,4705.692,30147569700.0,-0.0002702378858219223,-0.0002702744066578333,False
2026-01-28,4725.601,4739.626,4697.906,4717.991,38225560200.0,0.0026136432218684114,0.002610233596159972,False
2026-01-29,4733.088,4770.96,4696.054,4753.87,41551305500.0,0.007604719890309308,0.007575949775054269,False
2026-01-30,4723.081,4738.871,4645.471,4706.34,31978653100.0,-0.00999816991209257,-0.010048487281565599,False
2026-02-02,4674.276,4716.607,4601.76,4605.98,30477350000.0,-0.021324426199552216,-0.021555076662522765,False
2026-02-03,4648.357,4662.126,4578.209,4660.107,26554940500.0,0.011751462229536491,0.011682950020666993,False
2026-02-04,4647.967,4701.477,4641.842,4698.683,26488103200.0,0.008277921515535969,0.008243847435787544,False
2026-02-05,4664.748,4687.021,4639.43,4670.419,23785635100.0,-0.006015302585852256,-0.006033467399653603,False
2026-02-06,4622.975,4678.262,4606.638,4643.596,20271647700.0,-0.005743167797150561,-0.005759723202734435,False
2026-02-09,4693.672,4719.964,4679.904,4719.056,20725193800.0,0.016250337023289818,0.01611971351406183,False
2026-02-10,4718.255,4732.087,4713.868,4724.296,18700095800.0,0.0011103915698396083,0.001109775541099367,False
2026-02-11,4715.67,4723.704,4703.687,4713.819,17339168100.0,-0.002217684920673868,-0.002220147625553892,False
2026-02-12,4720.009,4726.043,4707.736,4719.578,19784143900.0,0.001221727011580187,0.001220981310435576,False
2026-02-13,4693.411,4703.633,4658.404,4660.406,18916775600.0,-0.012537561620975524,-0.012616820014820007,False
2026-02-24,4727.296,4727.373,4698.349,4707.544,21848889000.0,0.010114569417342567,0.010063759486573787,False
2026-02-25,4713.575,4766.559,4713.344,4735.886,28426835400.0,0.006020549144097442,0.006002498053517158,False
2026-02-26,4741.39,4742.148,4706.694,4726.874,23484764400.0,-0.0019029174266442794,-0.0019047302741750372,False
2026-02-27,4698.3,4721.014,4692.891,4710.647,26142086500.0,-0.0034329241693347168,-0.003438830173962515,False
2026-03-02,4681.014,4735.406,4667.275,4728.669,34926075200.0,0.0038258014238807814,0.003818501657992357,False
2026-03-03,4737.316,4744.599,4651.405,4655.896,37062427200.0,-0.015389742864218237,-0.015509394145995614,False
2026-03-04,4609.192,4639.42,4575.825,4602.625,30303566600.0,-0.011441621548247571,-0.011507580500980552,False
2026-03-05,4651.942,4671.527,4630.302,4647.692,25931782500.0,0.009791586323022239,0.009743959384815426,False
2026-03-06,4621.494,4671.713,4612.794,4660.439,23852792600.0,0.0027426516214930086,0.0027388974152877665,False
2026-03-09,4600.254,4625.981,4548.969,4615.455,32278761700.0,-0.009652309578561225,-0.009699195064747812,False
2026-03-10,4648.785,4677.596,4648.785,4674.756,26390374800.0,0.012848354062600542,0.01276651422092101,False
2026-03-11,4681.032,4711.867,4674.709,4704.496,27017544300.0,0.00636182936606744,0.006341678349356172,False
2026-03-12,4700.721,4704.379,4654.315,4687.56,30298681600.0,-0.0035999605483775232,-0.003606455999950242,False
2026-03-13,4669.062,4707.419,4659.498,4669.14,31077200900.0,-0.003929549701763846,-0.003937290667854754,False
2026-03-16,4669.224,4673.693,4621.812,4671.559,29621507000.0,0.0005180825591006855,0.0005179484006667678,False
2026-03-17,4685.57,4720.861,4637.368,4637.439,26302191300.0,-0.007303771610291054,-0.007330574739192741,False
2026-03-18,4648.752,4662.294,4604.516,4658.332,23469070500.0,0.004505288371448035,0.004495169939380261,False
2026-03-19,4611.44,4634.547,4570.392,4583.251,25413044900.0,-0.016117571697337185,-0.016248872500851164,False
2026-03-20,4602.821,4628.712,4563.069,4567.018,25787370300.0,-0.003541809078315805,-0.0035480961335121464,False
2026-03-23,4499.1,4514.718,4397.566,4417.997,32808194500.0,-0.03262982541343162,-0.03317404955584102,False
2026-03-24,4458.907,4474.825,4394.294,4474.722,25553251700.0,0.012839528863419103,0.012757800934677377,False
2026-03-25,4506.625,4542.181,4502.027,4537.466,26263927900.0,0.014021876666304722,0.0139244795578648,False
2026-03-26,4525.329,4541.05,4468.957,4477.534,21373678800.0,-0.01320825324090602,-0.013296258002876371,False
2026-03-27,4431.503,4519.89,4431.421,4502.57,19240038800.0,0.005591470662199338,0.005575896418429593,False
2026-03-30,4461.737,4496.411,4447.137,4491.95,20929309200.0,-0.002358652947094586,-0.0023614389506292355,False
2026-03-31,4491.921,4523.175,4450.049,4450.049,22454158500.0,-0.00932802012489009,-0.009371798561391032,False
2026-04-01,4517.272,4532.109,4492.054,4526.067,21648319600.0,0.017082508529681295,0.01693824310667047,False
2026-04-02,4514.442,4519.693,4459.61,4478.914,19099216100.0,-0.010418095887665846,-0.010472744133769751,False
2026-04-03,4492.846,4494.457,4437.595,4440.789,16832170500.0,-0.008512108069054225,-0.008548542966799744,False
2026-04-07,4445.861,4458.926,4420.694,4440.616,16263878700.0,-3.8957041192388964e-05,-3.895780003837501e-05,False
2026-04-08,4517.34,4595.556,4513.771,4595.556,25333921300.0,0.03489155558598167,0.034296644016205136,False
2026-04-09,4562.67,4579.197,4552.424,4566.224,18493978300.0,-0.006382687970726386,-0.006403144414781181,False
2026-04-10,4594.947,4655.099,4590.109,4636.566,20867860500.0,0.015404850922775548,0.015287400871306644,False
2026-04-13,4615.133,4653.398,4615.133,4646.155,19671227700.0,0.0020681254186827314,0.0020659897912995717,False
2026-04-14,4676.124,4701.284,4654.853,4701.284,20470033200.0,0.011865510298300297,0.011795667071801574,False
2026-04-15,4726.638,4731.273,4672.556,4685.246,20168850000.0,-0.003411408457774434,-0.003417240579217662,False
2026-04-16,4694.431,4739.221,4689.414,4736.608,19205760000.0,0.010962498020381517,0.010902845404126893,False
2026-04-17,4728.995,4738.324,4714.467,4728.672,18291533600.0,-0.001675460582763133,-0.001676865736584432,False
2026-04-20,4727.166,4763.043,4720.685,4757.442,22163349400.0,0.006084160626915969,0.006065726853222486,False
2026-04-21,4750.515,4776.826,4722.007,4767.997,20561405800.0,0.0022186292549652986,0.0022161717312982887,False
2026-04-22,4751.279,4801.447,4750.35,4799.627,20448183000.0,0.006633812898791724,0.0066119059928428925,False
2026-04-23,4816.027,4823.47,4759.86,4786.327,23286573600.0,-0.0027710486669069168,-0.0027748951297308366,False
2026-04-24,4771.735,4786.444,4735.606,4769.369,19379831400.0,-0.003543009075644088,-0.0035493003968340986,False
2026-04-27,4776.335,4795.168,4762.644,4770.947,19279655000.0,0.0003308613780985681,0.00033080665554230393,False
2026-04-28,4757.077,4778.189,4743.436,4758.208,21672423300.0,-0.0026701197896351614,-0.002673690917790239,False
2026-04-29,4737.576,4813.61,4737.114,4810.347,23329811000.0,0.01095769667908586,0.010898096115496969,False
2026-04-30,4820.972,4829.272,4797.545,4807.307,25063337000.0,-0.0006319710407586276,-0.0006321708186298736,False
2026-05-06,4857.654,4892.796,4834.281,4877.093,27444388000.0,0.014516651422511684,0.01441229357684115,False
2026-05-07,4895.8,4901.858,4866.875,4900.51,25783397200.0,0.00480142576735787,0.004789935687158575,False
2026-05-08,4871.119,4887.213,4849.987,4871.912,25172099600.0,-0.005835719139436479,-0.005852813486020736,False
2026-05-11,4902.278,4960.398,4889.566,4951.837,30573480100.0,0.016405263477665466,0.0162721509999173,False
2026-05-12,4965.018,4971.303,4926.79,4948.047,27381200100.0,-0.000765372527407715,-0.0007656655744963103,False
2026-05-13,4919.425,5001.12,4919.425,4998.342,26845453700.0,0.010164616463829157,0.010113304170145554,False
2026-05-14,5027.641,5030.519,4913.604,4914.597,28069537900.0,-0.01675455581070684,-0.0168965011014528,False
2026-05-15,4911.622,4935.617,4832.69,4859.593,27696776900.0,-0.011191965485674582,-0.011255066791571622,False
2026-05-18,4836.329,4868.601,4806.146,4833.524,23907758700.0,-0.005364441013887222,-0.00537888129342079,False
2026-05-19,4818.705,4854.525,4773.534,4852.883,23228085200.0,0.0040051523484727625,0.003997153077557769,False
2026-05-20,4829.613,4866.212,4825.643,4850.7,22002320600.0,-0.0004498356956060823,-0.00044993690203476433,False
2026-05-21,4886.239,4937.933,4780.711,4783.098,28734250700.0,-0.01393654524089305,-0.014034570710784067,False
2026-05-22,4818.844,4851.349,4785.349,4845.096,28694043500.0,0.012961892062424818,0.012878605666958975,False
2026-05-25,4873.196,4922.438,4857.135,4921.597,26474323600.0,0.015789367228224105,0.015666011943164193,False
2026-05-26,4900.115,4952.741,4892.683,4947.849,30279947600.0,0.005334040962720055,0.0053198653527370965,False
2026-05-27,4940.945,4974.211,4891.343,4908.171,30170917500.0,-0.008019242301048335,-0.00805156936629281,False
2026-05-28,4889.266,4922.33,4843.227,4914.213,26743273100.0,0.0012310084550841704,0.0012302513854169916,False
2026-05-29,4937.512,4954.07,4878.787,4892.121,33251861000.0,-0.004495531634465144,-0.004505666923884988,False
2026-06-01,4897.897,4918.794,4836.685,4844.256,29613405100.0,-0.009784099780034028,-0.009832278599445132,False
2026-06-02,4860.612,4930.278,4831.997,4914.559,28173166200.0,0.014512651684799538,0.014408351063339708,False
2026-06-03,4921.345,4991.853,4904.897,4938.809,30403594700.0,0.004934318623502021,0.004922184771853466,False
2026-06-04,4897.316,4938.781,4889.746,4904.745,26480891000.0,-0.006897209428427087,-0.006921105116472148,False
2026-06-05,4886.965,4924.344,4798.91,4816.92,30192933600.0,-0.01790612967646632,-0.018068384235368384,False
2026-06-08,4703.773,4779.862,4677.568,4713.636,29964756500.0,-0.02144191724172284,-0.02167513493141371,False
2026-06-09,4743.451,4802.505,4715.391,4801.811,25839160100.0,0.018706365956132176,0.01853355369235743,False
2026-06-10,4753.115,4786.516,4718.995,4748.593,25929710900.0,-0.011082901846824034,-0.011144774782676947,False
2026-06-11,4730.072,4766.173,4685.501,4722.412,24717705900.0,-0.005513422607496543,-0.005528677619309974,False
2026-06-12,4784.64,4809.861,4757.557,4777.321,33592206300.0,0.011627320953783604,0.011560243113843072,False
2026-06-15,4829.289,4892.55,4803.184,4891.713,33131607600.0,0.02394480086224049,0.02366261975639894,False
2026-06-16,4894.879,4908.282,4866.061,4884.232,28258474300.0,-0.0015293211192071166,-0.0015304917243881277,False
2026-06-17,4859.701,4933.929,4859.701,4931.386,27605395000.0,0.009654332554227762,0.009608027278169118,False
2026-06-18,4916.044,4976.891,4916.044,4941.599,33445990200.0,0.0020710201959448504,0.002068878589980727,False
2026-06-22,4949.346,5061.511,4928.458,5059.658,37510012400.0,0.023890849905061184,0.02360992904640824,False
2026-06-23,5048.026,5064.265,4892.094,4919.386,34271933600.0,-0.02772361293984693,-0.028115166113845902,False
2026-06-24,4900.384,4953.232,4892.268,4943.02,31224902500.0,0.004804258092371727,0.004792754473983862,False
2026-06-25,4950.975,5031.999,4944.876,5020.104,34666428900.0,0.01559451509401133,0.015474170178045199,False
2026-06-26,4981.825,4981.983,4845.192,4868.221,34117923800.0,-0.030254950893447763,-0.03072207800476434,False
2026-06-29,4866.043,4928.599,4827.149,4926.921,32321613400.0,0.012057792774814668,0.01198567671969819,False
2026-06-30,4914.493,4987.56,4914.493,4979.433,30615022600.0,0.010658177795016321,0.010601779797404731,False
2026-07-01,4972.692,5017.375,4925.631,4958.977,34293474700.0,-0.00410809825134717,-0.004116559668474906,False
2026-07-02,4865.171,4896.993,4800.484,4812.296,34324375800.0,-0.029578882902663084,-0.030025160359331338,False
2026-07-03,4809.499,4890.965,4809.499,4842.174,30106756800.0,0.006208678767889442,0.0061894843289689305,False
2026-07-06,4868.542,4878.323,4789.796,4841.998,29405054300.0,-3.6347310113260534e-05,-3.634797069373974e-05,False
2026-07-07,4813.871,4839.51,4756.725,4792.262,24630599900.0,-0.010271792759930842,-0.010324911687339622,False
2026-07-08,4804.484,4830.046,4751.405,4755.534,24392874900.0,-0.007664021708329027,-0.007693541245005875,False
2026-07-09,4774.402,4882.848,4734.867,4876.313,28162770500.0,0.02539756839084739,0.02508040898845465,False
2026-07-10,4887.536,4906.49,4780.747,4780.787,30413028600.0,-0.0195898007367451,-0.01978422421699655,False
2026-07-13,4745.438,4775.236,4670.25,4695.383,27863485300.0,-0.017864004399275824,-0.018025491824527506,False
2026-07-14,4691.122,4796.502,4649.044,4796.502,28325098600.0,0.021535836373731465,0.021307216768578385,False
2026-07-15,4797.943,4826.864,4772.042,4786.783,27869266900.0,-0.002026268309697321,-0.002028323968676915,False
2026-07-16,4711.532,4771.057,4673.35,4698.434,25156097700.0,-0.018456863409099578,-0.01862931657177569,False
2026-07-17,4661.622,4663.531,4492.085,4529.095,30262988600.0,-0.036041583216876116,-0.03670712141907195,False
2026-07-20,4575.671,4628.799,4521.181,4598.321,33311605800.0,0.015284731276336672,0.015169096579374042,False
2026-07-21,4630.853,4739.233,4566.281,4739.229,34540359000.0,0.030643358738983384,0.03018322738251733,False
2026-07-22,4710.66,4772.082,4692.833,4717.244,28555635700.0,-0.004638940215803133,-0.004649733491476127,False
2026-07-23,4735.171,4737.509,4698.872,4728.002,24733167500.0,0.00228056890845596,0.002277972358173841,False
2026-07-24,4685.408,4704.084,4642.939,4649.192,22126121200.0,-0.016668774674799325,-0.016809262055762275,False
2026-07-27,4656.027,4702.525,4615.531,4702.427,20478694100.0,0.011450376753638025,0.011385317355136593,False
2026-07-28,4623.799,4646.487,4552.229,4569.524,21570504500.0,-0.02826263969648002,-0.028669716482820462,False
2026-07-29,4582.095,4626.706,4516.316,4600.262,24808235700.0,0.006726740028063949,0.0067042164627224565,False
2026-07-30,4566.047,4596.206,4478.209,4549.72,27465113000.0,-0.010986765536397547,-0.011047565787075442,False
2026-07-31,4623.854,4635.589,4588.197,4588.197,27924369800.0,0.0084570039474956,0.008421443836947873,False
2026-08-03,4561.817,4572.588,4529.186,4543.178,23204258400.0,-0.009811915225087398,-0.009860369277170378,False
2026-08-04,4566.943,4613.694,4555.247,4600.93,24207361100.0,0.012711806581208185,0.01263168980617202,False
2026-08-05,4550.189,4679.859,4550.189,4658.155,27692191900.0,0.012437702812257312,0.0123609900189674,False
2026-08-06,4621.803,4675.646,4611.066,4651.31,24751073000.0,-0.0014694659151529565,-0.0014705466390445565,False
2026-08-07,4656.098,4706.729,4649.576,4694.437,23907202000.0,0.00927201154083468,0.009229290313264471,False
2026-08-10,4698.816,4714.465,4659.47,4702.025,21307599600.0,0.0016163812614802264,0.0016150763232847254,False
2026-08-11,4689.449,4715.881,4660.474,4663.789,20969909800.0,-0.008131815547556598,-0.008165059102569927,False
2026-08-12,4660.466,4700.435,4657.693,4690.917,18493914800.0,0.005816729701965562,0.005799877846632384,False
2026-08-13,4716.975,4727.234,4661.882,4663.951,21549961500.0,-0.0057485561991398315,-0.005765142744664331,False
2026-08-14,4672.975,4676.712,4637.128,4665.881,17843069600.0,0.0004138122377357334,0.00041372664106553714,False
2026-08-17,4672.276,4742.404,4662.715,4741.098,19056928600.0,0.01612064259675705,0.01599208482027592,False
2026-08-18,4734.073,4744.005,4687.526,4725.813,20424551400.0,-0.0032239367336426294,-0.003229144814367757,False
2026-08-19,4660.055,4674.375,4568.066,4588.696,24407009000.0,-0.02901447856696826,-0.02944372178753163,False
2026-08-20,4613.298,4631.126,4569.228,4592.75,20087418900.0,0.0008834753925734962,0.0008830853578949416,False
2026-08-21,4585.435,4629.0,4579.261,4618.895,17107589100.0,0.0056926677916282475,0.00567652579006328,False
2026-08-24,4620.949,4621.389,4527.487,4563.127,20661687200.0,-0.012073883472129121,-0.012147364872731714,False
2026-08-25,4542.244,4573.378,4523.023,4552.033,17151016800.0,-0.002431227533224445,-0.0024341877658553557,False
2026-08-26,4549.432,4612.038,4542.843,4590.794,18457816900.0,0.008515096441523928,0.00847904750338735,False
2026-08-27,4594.479,4631.349,4584.993,4630.277,20201725000.0,0.008600473033640865,0.008563699660616209,False
2026-08-28,4615.839,4643.335,4608.462,4609.176,18098949500.0,-0.004557178760579483,-0.004567594355572524,False
2026-08-31,4561.986,4625.086,4557.346,4625.086,23744764000.0,0.0034518100415346087,0.0034458662192893286,False
